station_id,timestamp,temp,pressure,humidity
AWS_001,2020-01-01 00:10:00,0.71,1008.89,86.1
AWS_001,2020-01-01 00:20:00,0.75,1008.76,85.2
AWS_001,2020-01-01 00:30:00,0.73,1008.66,85.1
AWS_001,2020-01-01 00:40:00,0.37,1008.64,86.3
AWS_001,2020-01-01 00:50:00,0.33,1008.61,87.4
AWS_001,2020-01-01 01:00:00,0.34,1008.44,87.1
AWS_001,2020-01-01 01:10:00,0.19,1008.49,87.4
AWS_001,2020-01-01 01:20:00,0.03,1008.4,88.1
AWS_001,2020-01-01 01:30:00,0.11,1008.29,88.1
AWS_001,2020-01-01 01:40:00,0.22,1008.28,87.4
AWS_001,2020-01-01 01:50:00,-0.04,1008.24,87.5
AWS_001,2020-01-01 02:00:00,-0.21,1008.32,89.1
AWS_001,2020-01-01 02:10:00,-0.1,1008.24,88.6
AWS_001,2020-01-01 02:20:00,-0.16,1008.35,88.1
AWS_001,2020-01-01 02:30:00,-0.22,1008.3,88.9
AWS_001,2020-01-01 02:40:00,-0.06,1008.4,88.2
AWS_001,2020-01-01 02:50:00,-0.17,1008.39,88.6
AWS_001,2020-01-01 03:00:00,-0.05,1008.46,88.5
AWS_001,2020-01-01 03:10:00,-0.21,1008.15,88.7
AWS_001,2020-01-01 03:20:00,-0.77,1008.07,89.2
AWS_001,2020-01-01 03:30:00,-0.93,1008.12,90.6
AWS_001,2020-01-01 03:40:00,-0.86,1008.04,90.8
AWS_001,2020-01-01 03:50:00,-0.87,1008.16,90.9
AWS_001,2020-01-01 04:00:00,-1.02,1008.0,90.9
AWS_001,2020-01-01 04:10:00,-1.15,1007.76,91.4
AWS_001,2020-01-01 04:20:00,-1.08,1007.84,91.7
AWS_001,2020-01-01 04:30:00,-1.59,1007.85,90.5
AWS_001,2020-01-01 04:40:00,-1.82,1008.02,92.1
AWS_001,2020-01-01 04:50:00,-1.84,1007.92,92.4
AWS_001,2020-01-01 05:00:00,-1.84,1007.63,93.2
AWS_001,2020-01-01 05:10:00,-2.14,1007.63,92.3
AWS_001,2020-01-01 05:20:00,-2.34,1007.9,93.4
AWS_001,2020-01-01 05:30:00,-2.2,1007.99,93.8
AWS_001,2020-01-01 05:40:00,-2.3,1007.85,93.7
AWS_001,2020-01-01 05:50:00,-2.4,1007.81,94.1
AWS_001,2020-01-01 06:00:00,-2.51,1007.81,94.0
AWS_001,2020-01-01 06:10:00,-2.83,1007.91,94.1
AWS_001,2020-01-01 06:20:00,-2.79,1008.06,94.6
AWS_001,2020-01-01 06:30:00,-2.74,1008.22,94.8
AWS_001,2020-01-01 06:40:00,-2.63,1008.19,95.0
AWS_001,2020-01-01 06:50:00,-2.5,1008.21,95.0
AWS_001,2020-01-01 07:00:00,-2.26,1008.17,95.0
AWS_001,2020-01-01 07:10:00,-2.31,1008.16,94.3
AWS_001,2020-01-01 07:20:00,-2.53,1008.17,93.8
AWS_001,2020-01-01 07:30:00,-2.68,1008.13,94.1
AWS_001,2020-01-01 07:40:00,-2.73,1008.25,94.2
AWS_001,2020-01-01 07:50:00,-2.79,1008.17,94.3
AWS_001,2020-01-01 08:00:00,-2.84,1008.16,94.5
AWS_001,2020-01-01 08:10:00,-2.89,1008.12,94.5
AWS_001,2020-01-01 08:20:00,-3.02,1008.12,94.4
AWS_001,2020-01-01 08:30:00,-2.84,1008.12,94.7
AWS_001,2020-01-01 08:40:00,-2.91,1008.04,93.9
AWS_001,2020-01-01 08:50:00,-3.11,1007.96,93.6
AWS_001,2020-01-01 09:00:00,-3.08,1008.07,94.0
AWS_001,2020-01-01 09:10:00,-3.03,1008.17,93.8
AWS_001,2020-01-01 09:20:00,-2.95,1008.28,93.4
AWS_001,2020-01-01 09:30:00,-3.01,1008.2,92.9
AWS_001,2020-01-01 09:40:00,-2.84,1008.31,92.4
AWS_001,2020-01-01 09:50:00,-2.67,1008.41,92.5
AWS_001,2020-01-01 10:00:00,-1.93,1008.45,91.1
AWS_001,2020-01-01 10:10:00,-1.53,1008.5,87.4
AWS_001,2020-01-01 10:20:00,-1.25,1008.46,86.1
AWS_001,2020-01-01 10:30:00,-1.24,1008.49,86.1
AWS_001,2020-01-01 10:40:00,-1.32,1008.37,86.4
AWS_001,2020-01-01 10:50:00,-1.03,1008.36,85.9
AWS_001,2020-01-01 11:00:00,-1.14,1008.34,86.6
AWS_001,2020-01-01 11:10:00,-0.83,1008.21,85.8
AWS_001,2020-01-01 11:20:00,-0.65,1008.02,85.5
AWS_001,2020-01-01 11:30:00,-0.43,1008.03,85.0
AWS_001,2020-01-01 11:40:00,-0.4,1007.84,84.8
AWS_001,2020-01-01 11:50:00,-0.06,1007.69,84.1
AWS_001,2020-01-01 12:00:00,0.68,1007.62,82.0
AWS_001,2020-01-01 12:10:00,0.93,1007.59,80.5
AWS_001,2020-01-01 12:20:00,1.23,1007.56,80.1
AWS_001,2020-01-01 12:30:00,1.7,1007.44,78.3
AWS_001,2020-01-01 12:40:00,1.98,1007.29,77.5
AWS_001,2020-01-01 12:50:00,2.62,1007.12,75.3
AWS_001,2020-01-01 13:00:00,2.83,1007.04,74.2
AWS_001,2020-01-01 13:10:00,2.87,1006.98,74.1
AWS_001,2020-01-01 13:20:00,3.09,1006.83,73.7
AWS_001,2020-01-01 13:30:00,3.86,1006.79,70.9
AWS_001,2020-01-01 13:40:00,3.84,1006.69,70.7
AWS_001,2020-01-01 13:50:00,4.03,1006.6,70.0
AWS_001,2020-01-01 14:00:00,3.7,1006.41,70.8
AWS_001,2020-01-01 14:10:00,3.45,1006.3,72.2
AWS_001,2020-01-01 14:20:00,3.64,1006.26,71.4
AWS_001,2020-01-01 14:30:00,3.89,1006.19,70.3
AWS_001,2020-01-01 14:40:00,3.87,1006.06,70.4
AWS_001,2020-01-01 14:50:00,4.32,1006.01,69.02
AWS_001,2020-01-01 15:00:00,4.58,1006.01,68.2
AWS_001,2020-01-01 15:10:00,4.2,1006.03,69.47
AWS_001,2020-01-01 15:20:00,4.07,1006.02,70.3
AWS_001,2020-01-01 15:30:00,4.44,1006.02,69.19
AWS_001,2020-01-01 15:40:00,4.5,1005.99,68.67
AWS_001,2020-01-01 15:50:00,4.34,1005.87,68.54
AWS_001,2020-01-01 16:00:00,3.74,1005.83,70.4
AWS_001,2020-01-01 16:10:00,3.23,1005.78,72.5
AWS_001,2020-01-01 16:20:00,2.99,1005.71,73.4
AWS_001,2020-01-01 16:30:00,2.89,1005.71,73.7
AWS_001,2020-01-01 16:40:00,2.77,1005.76,74.0
AWS_001,2020-01-01 16:50:00,2.6,1005.88,74.7
AWS_001,2020-01-01 17:00:00,2.09,1005.96,76.6
AWS_001,2020-01-01 17:10:00,1.63,1005.96,78.9
AWS_001,2020-01-01 17:20:00,1.26,1006.03,79.3
AWS_001,2020-01-01 17:30:00,1.03,1006.0,79.6
AWS_001,2020-01-01 17:40:00,0.99,1005.96,81.3
AWS_001,2020-01-01 17:50:00,0.85,1005.93,81.6
AWS_001,2020-01-01 18:00:00,0.63,1005.85,81.9
AWS_001,2020-01-01 18:10:00,0.35,1005.81,81.8
AWS_001,2020-01-01 18:20:00,0.05,1005.83,84.0
AWS_001,2020-01-01 18:30:00,-0.08,1005.78,85.5
AWS_001,2020-01-01 18:40:00,-0.21,1005.71,85.3
AWS_001,2020-01-01 18:50:00,-0.62,1005.7,85.8
AWS_001,2020-01-01 19:00:00,-1.32,1005.68,85.9
AWS_001,2020-01-01 19:10:00,-1.42,1005.71,89.0
AWS_001,2020-01-01 19:20:00,-1.31,1005.69,90.1
AWS_001,2020-01-01 19:30:00,-1.33,1005.61,89.6
AWS_001,2020-01-01 19:40:00,-1.38,1005.49,89.8
AWS_001,2020-01-01 19:50:00,-1.36,1005.57,89.1
AWS_001,2020-01-01 20:00:00,-1.48,1005.53,89.7
AWS_001,2020-01-01 20:10:00,-1.86,1005.46,89.3
AWS_001,2020-01-01 20:20:00,-2.15,1005.39,90.6
AWS_001,2020-01-01 20:30:00,-2.18,1005.34,92.0
AWS_001,2020-01-01 20:40:00,-2.24,1005.32,92.2
AWS_001,2020-01-01 20:50:00,-2.57,1005.26,92.3
AWS_001,2020-01-01 21:00:00,-2.78,1005.21,92.8
AWS_001,2020-01-01 21:10:00,-2.85,1005.12,93.8
AWS_001,2020-01-01 21:20:00,-2.95,1005.07,93.7
AWS_001,2020-01-01 21:30:00,-3.21,1005.01,93.9
AWS_001,2020-01-01 21:40:00,-3.06,1004.96,94.7
AWS_001,2020-01-01 21:50:00,-3.0,1004.84,94.3
AWS_001,2020-01-01 22:00:00,-3.21,1004.76,94.0
AWS_001,2020-01-01 22:10:00,-3.27,1004.64,94.3
AWS_001,2020-01-01 22:20:00,-3.31,1004.61,94.4
AWS_001,2020-01-01 22:30:00,-3.39,1004.54,94.7
AWS_001,2020-01-01 22:40:00,-3.35,1004.51,94.8
AWS_001,2020-01-01 22:50:00,-3.29,1004.62,94.9
AWS_001,2020-01-01 23:00:00,-3.19,1004.56,94.5
AWS_001,2020-01-01 23:10:00,-3.2,1004.45,94.2
AWS_001,2020-01-01 23:20:00,-3.32,1004.35,93.4
AWS_001,2020-01-01 23:30:00,-3.09,1004.28,93.2
AWS_001,2020-01-01 23:40:00,-2.96,1004.29,90.4
AWS_001,2020-01-01 23:50:00,-3.46,1004.26,89.7
AWS_001,2020-01-02 00:00:00,-3.39,1004.16,91.4
AWS_001,2020-01-02 00:10:00,-3.47,1004.13,91.3
AWS_001,2020-01-02 00:20:00,-3.94,1004.13,91.2
AWS_001,2020-01-02 00:30:00,-3.91,1004.11,91.3
AWS_001,2020-01-02 00:40:00,-3.86,1004.09,92.0
AWS_001,2020-01-02 00:50:00,-3.88,1004.0,90.7
AWS_001,2020-01-02 01:00:00,-4.23,1003.96,90.1
AWS_001,2020-01-02 01:10:00,-4.42,1003.86,91.1
AWS_001,2020-01-02 01:20:00,-4.42,1003.9,92.6
AWS_001,2020-01-02 01:30:00,-4.5,1003.76,92.9
AWS_001,2020-01-02 01:40:00,-4.31,1003.75,93.9
AWS_001,2020-01-02 01:50:00,-4.25,1003.72,92.7
AWS_001,2020-01-02 02:00:00,-4.2,1003.76,93.1
AWS_001,2020-01-02 02:10:00,-3.98,1003.73,93.1
AWS_001,2020-01-02 02:20:00,-4.07,1003.67,91.2
AWS_001,2020-01-02 02:30:00,-4.56,1003.51,88.7
AWS_001,2020-01-02 02:40:00,-4.78,1003.51,89.7
AWS_001,2020-01-02 02:50:00,-4.85,1003.49,92.0
AWS_001,2020-01-02 03:00:00,-4.86,1003.38,92.5
AWS_001,2020-01-02 03:10:00,-4.88,1003.27,92.5
AWS_001,2020-01-02 03:20:00,-4.91,1003.17,91.7
AWS_001,2020-01-02 03:30:00,-4.81,1003.12,90.3
AWS_001,2020-01-02 03:40:00,-5.03,1003.07,91.1
AWS_001,2020-01-02 03:50:00,-5.12,1003.08,91.7
AWS_001,2020-01-02 04:00:00,-4.72,1003.12,92.2
AWS_001,2020-01-02 04:10:00,-4.45,1003.22,90.5
AWS_001,2020-01-02 04:20:00,-4.54,1003.37,89.6
AWS_001,2020-01-02 04:30:00,-5.02,1003.32,89.4
AWS_001,2020-01-02 04:40:00,-5.39,1003.15,90.9
AWS_001,2020-01-02 04:50:00,-5.48,1002.99,90.9
AWS_001,2020-01-02 05:00:00,-5.43,1002.82,89.9
AWS_001,2020-01-02 05:10:00,-4.96,1002.67,89.1
AWS_001,2020-01-02 05:20:00,-4.87,1002.65,85.4
AWS_001,2020-01-02 05:30:00,-5.22,1002.67,88.3
AWS_001,2020-01-02 05:40:00,-5.43,1002.62,89.8
AWS_001,2020-01-02 05:50:00,-5.53,1002.55,90.0
AWS_001,2020-01-02 06:00:00,-5.45,1002.53,91.3
AWS_001,2020-01-02 06:10:00,-5.58,1002.51,90.7
AWS_001,2020-01-02 06:20:00,-5.78,1002.53,90.8
AWS_001,2020-01-02 06:30:00,-5.69,1002.53,91.0
AWS_001,2020-01-02 06:40:00,-5.44,1002.52,90.3
AWS_001,2020-01-02 06:50:00,-5.46,1002.44,88.5
AWS_001,2020-01-02 07:00:00,-5.47,1002.41,89.7
AWS_001,2020-01-02 07:10:00,-5.05,1002.37,88.3
AWS_001,2020-01-02 07:20:00,-4.94,1002.4,87.4
AWS_001,2020-01-02 07:30:00,-4.8,1002.4,86.5
AWS_001,2020-01-02 07:40:00,-4.91,1002.36,86.6
AWS_001,2020-01-02 07:50:00,-5.12,1002.35,87.4
AWS_001,2020-01-02 08:00:00,-5.13,1002.38,86.8
AWS_001,2020-01-02 08:10:00,-5.58,1002.36,87.6
AWS_001,2020-01-02 08:20:00,-5.66,1002.35,90.2
AWS_001,2020-01-02 08:30:00,-5.44,1002.27,90.4
AWS_001,2020-01-02 08:40:00,-4.73,1002.18,87.5
AWS_001,2020-01-02 08:50:00,-4.44,1002.21,84.4
AWS_001,2020-01-02 09:00:00,-4.39,1002.19,83.7
AWS_001,2020-01-02 09:10:00,-4.71,1002.25,84.0
AWS_001,2020-01-02 09:20:00,-4.68,1002.19,86.2
AWS_001,2020-01-02 09:30:00,-4.13,1002.05,82.9
AWS_001,2020-01-02 09:40:00,-4.07,1002.01,82.8
AWS_001,2020-01-02 09:50:00,-4.04,1002.0,82.8
AWS_001,2020-01-02 10:00:00,-4.16,1001.81,83.6
AWS_001,2020-01-02 10:10:00,-3.81,1001.66,83.9
AWS_001,2020-01-02 10:20:00,-3.53,1001.66,83.6
AWS_001,2020-01-02 10:30:00,-3.02,1001.57,81.4
AWS_001,2020-01-02 10:40:00,-2.78,1001.52,80.2
AWS_001,2020-01-02 10:50:00,-1.87,1001.42,77.0
AWS_001,2020-01-02 11:00:00,-1.24,1001.32,73.7
AWS_001,2020-01-02 11:10:00,-0.91,1001.39,72.7
AWS_001,2020-01-02 11:20:00,-0.56,1001.38,71.4
AWS_001,2020-01-02 11:30:00,-0.59,1001.18,71.4
AWS_001,2020-01-02 11:40:00,-0.19,1001.01,70.2
AWS_001,2020-01-02 11:50:00,0.48,1000.87,67.31
AWS_001,2020-01-02 12:00:00,1.06,1000.7,65.15
AWS_001,2020-01-02 12:10:00,1.8,1000.49,61.45
AWS_001,2020-01-02 12:20:00,1.92,1000.23,61.68
AWS_001,2020-01-02 12:30:00,2.72,1000.03,59.96
AWS_001,2020-01-02 12:40:00,3.47,999.8,58.23
AWS_001,2020-01-02 12:50:00,4.37,999.66,55.33
AWS_001,2020-01-02 13:00:00,4.98,999.58,52.83
AWS_001,2020-01-02 13:10:00,5.58,999.46,50.54
AWS_001,2020-01-02 13:20:00,5.73,999.3,52.29
AWS_001,2020-01-02 13:30:00,6.06,999.16,52.72
AWS_001,2020-01-02 13:40:00,6.47,999.06,53.29
AWS_001,2020-01-02 13:50:00,6.47,998.98,53.8
AWS_001,2020-01-02 14:00:00,6.22,998.88,55.42
AWS_001,2020-01-02 14:10:00,5.88,998.9,58.09
AWS_001,2020-01-02 14:20:00,5.71,998.87,60.07
AWS_001,2020-01-02 14:30:00,5.91,998.81,59.87
AWS_001,2020-01-02 14:40:00,5.7,998.71,60.77
AWS_001,2020-01-02 14:50:00,5.41,998.69,61.54
AWS_001,2020-01-02 15:00:00,5.66,998.65,60.22
AWS_001,2020-01-02 15:10:00,5.77,998.66,59.89
AWS_001,2020-01-02 15:20:00,5.61,998.66,61.08
AWS_001,2020-01-02 15:30:00,5.47,998.75,61.8
AWS_001,2020-01-02 15:40:00,5.49,998.82,61.73
AWS_001,2020-01-02 15:50:00,4.96,998.94,63.64
AWS_001,2020-01-02 16:00:00,4.28,998.97,66.44
AWS_001,2020-01-02 16:10:00,3.69,999.12,68.68
AWS_001,2020-01-02 16:20:00,3.36,999.13,70.1
AWS_001,2020-01-02 16:30:00,3.25,999.28,69.98
AWS_001,2020-01-02 16:40:00,3.18,999.39,69.27
AWS_001,2020-01-02 16:50:00,3.06,999.44,70.5
AWS_001,2020-01-02 17:00:00,2.88,999.45,70.2
AWS_001,2020-01-02 17:10:00,2.61,999.51,71.3
AWS_001,2020-01-02 17:20:00,2.32,999.52,72.3
AWS_001,2020-01-02 17:30:00,1.91,999.59,74.4
AWS_001,2020-01-02 17:40:00,1.42,999.56,76.1
AWS_001,2020-01-02 17:50:00,1.41,999.58,77.0
AWS_001,2020-01-02 18:00:00,1.41,999.58,76.3
AWS_001,2020-01-02 18:10:00,1.12,999.68,77.2
AWS_001,2020-01-02 18:20:00,1.16,999.67,77.3
AWS_001,2020-01-02 18:30:00,0.91,999.71,77.9
AWS_001,2020-01-02 18:40:00,0.62,999.83,78.9
AWS_001,2020-01-02 18:50:00,0.15,999.98,80.4
AWS_001,2020-01-02 19:00:00,-0.08,999.99,81.7
AWS_001,2020-01-02 19:10:00,-0.22,1000.07,82.5
AWS_001,2020-01-02 19:20:00,-0.25,1000.11,82.4
AWS_001,2020-01-02 19:30:00,-0.47,1000.05,83.0
AWS_001,2020-01-02 19:40:00,-0.46,1000.04,83.3
AWS_001,2020-01-02 19:50:00,-0.71,1000.14,84.2
AWS_001,2020-01-02 20:00:00,-0.29,1000.08,83.9
AWS_001,2020-01-02 20:10:00,-0.36,1000.15,83.6
AWS_001,2020-01-02 20:20:00,-0.52,1000.06,84.0
AWS_001,2020-01-02 20:30:00,-0.56,1000.02,84.4
AWS_001,2020-01-02 20:40:00,-0.53,999.93,84.5
AWS_001,2020-01-02 20:50:00,-0.59,999.81,84.7
AWS_001,2020-01-02 21:00:00,-0.49,999.7,85.1
AWS_001,2020-01-02 21:10:00,-0.42,999.58,85.1
AWS_001,2020-01-02 21:20:00,-0.19,999.54,84.9
AWS_001,2020-01-02 21:30:00,-0.07,999.54,84.6
AWS_001,2020-01-02 21:40:00,-0.01,999.51,84.9
AWS_001,2020-01-02 21:50:00,0.06,999.34,85.2
AWS_001,2020-01-02 22:00:00,0.09,999.17,85.3
AWS_001,2020-01-02 22:10:00,0.33,999.05,85.1
AWS_001,2020-01-02 22:20:00,0.47,998.96,84.3
AWS_001,2020-01-02 22:30:00,0.35,998.84,84.6
AWS_001,2020-01-02 22:40:00,0.22,998.69,85.4
AWS_001,2020-01-02 22:50:00,0.26,998.56,85.5
AWS_001,2020-01-02 23:00:00,0.25,998.56,85.7
AWS_001,2020-01-02 23:10:00,0.46,998.55,85.9
AWS_001,2020-01-02 23:20:00,0.74,998.66,85.4
AWS_001,2020-01-02 23:30:00,0.79,998.68,84.9
AWS_001,2020-01-02 23:40:00,0.72,998.59,85.2
AWS_001,2020-01-02 23:50:00,0.75,998.53,85.7
AWS_001,2020-01-03 00:00:00,0.88,998.45,85.8
AWS_001,2020-01-03 00:10:00,0.93,998.39,86.0
AWS_001,2020-01-03 00:20:00,0.88,998.25,85.9
AWS_001,2020-01-03 00:30:00,0.69,998.07,86.6
AWS_001,2020-01-03 00:40:00,0.74,997.99,87.2
AWS_001,2020-01-03 00:50:00,0.92,998.01,87.5
AWS_001,2020-01-03 01:00:00,1.42,997.93,86.6
AWS_001,2020-01-03 01:10:00,1.67,997.77,86.0
AWS_001,2020-01-03 01:20:00,1.9,997.67,85.4
AWS_001,2020-01-03 01:30:00,1.99,997.57,85.0
AWS_001,2020-01-03 01:40:00,2.01,997.41,85.0
AWS_001,2020-01-03 01:50:00,2.08,997.26,84.9
AWS_001,2020-01-03 02:00:00,1.96,997.14,85.1
AWS_001,2020-01-03 02:10:00,1.78,997.01,85.8
AWS_001,2020-01-03 02:20:00,1.63,997.04,86.5
AWS_001,2020-01-03 02:30:00,1.54,996.96,86.7
AWS_001,2020-01-03 02:40:00,1.57,996.86,87.2
AWS_001,2020-01-03 02:50:00,1.74,996.71,86.6
AWS_001,2020-01-03 03:00:00,1.92,996.73,86.9
AWS_001,2020-01-03 03:10:00,2.38,996.59,85.4
AWS_001,2020-01-03 03:20:00,2.65,996.44,85.1
AWS_001,2020-01-03 03:30:00,2.95,996.37,84.3
AWS_001,2020-01-03 03:40:00,3.07,996.32,84.0
AWS_001,2020-01-03 03:50:00,3.25,996.26,83.7
AWS_001,2020-01-03 04:00:00,3.05,996.14,83.5
AWS_001,2020-01-03 04:10:00,2.87,996.12,84.6
AWS_001,2020-01-03 04:20:00,2.84,996.04,84.7
AWS_001,2020-01-03 04:30:00,2.9,995.89,85.1
AWS_001,2020-01-03 04:40:00,2.95,995.81,85.1
AWS_001,2020-01-03 04:50:00,3.14,995.67,85.1
AWS_001,2020-01-03 05:00:00,3.26,995.58,84.9
AWS_001,2020-01-03 05:10:00,3.27,995.53,84.9
AWS_001,2020-01-03 05:20:00,3.27,995.54,85.0
AWS_001,2020-01-03 05:30:00,3.11,995.5,84.5
AWS_001,2020-01-03 05:40:00,2.5,995.45,85.9
AWS_001,2020-01-03 05:50:00,2.32,995.42,87.0
AWS_001,2020-01-03 06:00:00,2.33,995.36,87.3
AWS_001,2020-01-03 06:10:00,2.44,995.35,87.2
AWS_001,2020-01-03 06:20:00,2.57,995.33,86.3
AWS_001,2020-01-03 06:30:00,2.62,995.27,85.7
AWS_001,2020-01-03 06:40:00,2.67,995.2,85.4
AWS_001,2020-01-03 06:50:00,2.65,995.19,85.6
AWS_001,2020-01-03 07:00:00,2.62,995.16,86.0
AWS_001,2020-01-03 07:10:00,2.66,995.13,86.0
AWS_001,2020-01-03 07:20:00,2.71,995.06,86.1
AWS_001,2020-01-03 07:30:00,2.8,995.01,85.6
AWS_001,2020-01-03 07:40:00,2.88,994.84,85.4
AWS_001,2020-01-03 07:50:00,3.09,994.68,84.5
AWS_001,2020-01-03 08:00:00,3.37,994.6,84.2
AWS_001,2020-01-03 08:10:00,3.79,994.69,82.8
AWS_001,2020-01-03 08:20:00,3.92,994.69,82.4
AWS_001,2020-01-03 08:30:00,3.93,994.63,82.0
AWS_001,2020-01-03 08:40:00,3.61,994.61,82.0
AWS_001,2020-01-03 08:50:00,3.38,994.55,83.0
AWS_001,2020-01-03 09:00:00,3.3,994.4,83.7
AWS_001,2020-01-03 09:10:00,3.47,994.25,83.4
AWS_001,2020-01-03 09:20:00,3.39,994.23,83.0
AWS_001,2020-01-03 09:30:00,3.27,994.33,83.7
AWS_001,2020-01-03 09:40:00,3.27,994.24,84.0
AWS_001,2020-01-03 09:50:00,3.29,994.12,84.1
AWS_001,2020-01-03 10:00:00,3.32,994.02,84.0
AWS_001,2020-01-03 10:10:00,3.41,993.94,83.9
AWS_001,2020-01-03 10:20:00,3.5,993.87,83.7
AWS_001,2020-01-03 10:30:00,3.57,993.78,83.6
AWS_001,2020-01-03 10:40:00,3.7,993.68,83.3
AWS_001,2020-01-03 10:50:00,3.91,993.76,82.8
AWS_001,2020-01-03 11:00:00,4.0,993.62,82.3
AWS_001,2020-01-03 11:10:00,4.1,993.48,82.2
AWS_001,2020-01-03 11:20:00,4.16,993.36,81.8
AWS_001,2020-01-03 11:30:00,4.2,993.19,82.0
AWS_001,2020-01-03 11:40:00,4.3,992.94,81.9
AWS_001,2020-01-03 11:50:00,4.47,992.8,82.0
AWS_001,2020-01-03 12:00:00,4.74,992.75,81.3
AWS_001,2020-01-03 12:10:00,4.94,992.66,80.6
AWS_001,2020-01-03 12:20:00,5.0,992.45,80.4
AWS_001,2020-01-03 12:30:00,5.2,992.15,80.2
AWS_001,2020-01-03 12:40:00,5.88,991.91,78.3
AWS_001,2020-01-03 12:50:00,6.81,991.84,74.7
AWS_001,2020-01-03 13:00:00,6.98,991.91,73.7
AWS_001,2020-01-03 13:10:00,7.0,991.91,73.3
AWS_001,2020-01-03 13:20:00,6.99,991.8,73.3
AWS_001,2020-01-03 13:30:00,6.93,991.73,73.5
AWS_001,2020-01-03 13:40:00,6.84,991.6,73.9
AWS_001,2020-01-03 13:50:00,6.71,991.52,74.6
AWS_001,2020-01-03 14:00:00,6.67,991.35,74.8
AWS_001,2020-01-03 14:10:00,6.59,991.19,75.1
AWS_001,2020-01-03 14:20:00,6.54,991.19,75.6
AWS_001,2020-01-03 14:30:00,6.54,991.41,75.9
AWS_001,2020-01-03 14:40:00,6.47,991.51,76.2
AWS_001,2020-01-03 14:50:00,6.41,991.47,76.8
AWS_001,2020-01-03 15:00:00,6.45,991.47,76.7
AWS_001,2020-01-03 15:10:00,6.41,991.47,77.0
AWS_001,2020-01-03 15:20:00,6.46,991.55,76.7
AWS_001,2020-01-03 15:30:00,6.54,991.61,76.5
AWS_001,2020-01-03 15:40:00,6.56,991.63,76.5
AWS_001,2020-01-03 15:50:00,6.62,991.71,76.5
AWS_001,2020-01-03 16:00:00,6.65,991.7,76.6
AWS_001,2020-01-03 16:10:00,6.59,991.63,76.8
AWS_001,2020-01-03 16:20:00,6.54,991.69,77.0
AWS_001,2020-01-03 16:30:00,6.49,991.9,77.3
AWS_001,2020-01-03 16:40:00,6.47,991.83,77.8
AWS_001,2020-01-03 16:50:00,6.59,991.91,77.6
AWS_001,2020-01-03 17:00:00,6.62,991.89,77.8
AWS_001,2020-01-03 17:10:00,6.61,991.83,78.1
AWS_001,2020-01-03 17:20:00,6.55,991.69,78.7
AWS_001,2020-01-03 17:30:00,6.48,991.86,79.2
AWS_001,2020-01-03 17:40:00,6.47,991.77,79.6
AWS_001,2020-01-03 17:50:00,6.49,991.88,80.0
AWS_001,2020-01-03 18:00:00,6.54,991.96,79.9
AWS_001,2020-01-03 18:10:00,6.55,991.88,80.1
AWS_001,2020-01-03 18:20:00,6.48,991.83,81.0
AWS_001,2020-01-03 18:30:00,6.47,991.7,81.7
AWS_001,2020-01-03 18:40:00,6.55,991.64,81.5
AWS_001,2020-01-03 18:50:00,6.67,991.56,80.7
AWS_001,2020-01-03 19:00:00,6.79,991.44,80.0
AWS_001,2020-01-03 19:10:00,6.89,991.44,79.5
AWS_001,2020-01-03 19:20:00,6.98,991.39,79.7
AWS_001,2020-01-03 19:30:00,6.99,991.3,80.3
AWS_001,2020-01-03 19:40:00,7.13,991.3,79.7
AWS_001,2020-01-03 19:50:00,7.2,991.3,79.7
AWS_001,2020-01-03 20:00:00,7.33,991.33,79.4
AWS_001,2020-01-03 20:10:00,7.5,991.23,78.9
AWS_001,2020-01-03 20:20:00,7.59,991.29,79.0
AWS_001,2020-01-03 20:30:00,7.61,991.41,79.2
AWS_001,2020-01-03 20:40:00,7.66,991.39,79.2
AWS_001,2020-01-03 20:50:00,7.69,991.4,79.4
AWS_001,2020-01-03 21:00:00,7.82,991.53,78.8
AWS_001,2020-01-03 21:10:00,7.81,991.73,79.1
AWS_001,2020-01-03 21:20:00,7.82,991.84,79.2
AWS_001,2020-01-03 21:30:00,7.89,992.11,79.6
AWS_001,2020-01-03 21:40:00,7.88,992.26,80.2
AWS_001,2020-01-03 21:50:00,7.9,992.37,80.5
AWS_001,2020-01-03 22:00:00,7.97,992.51,80.0
AWS_001,2020-01-03 22:10:00,7.95,992.81,80.7
AWS_001,2020-01-03 22:20:00,7.72,993.05,83.6
AWS_001,2020-01-03 22:30:00,7.54,993.18,85.2
AWS_001,2020-01-03 22:40:00,7.53,993.39,85.3
AWS_001,2020-01-03 22:50:00,7.64,993.55,84.8
AWS_001,2020-01-03 23:00:00,7.83,993.79,84.0
AWS_001,2020-01-03 23:10:00,8.01,993.96,83.5
AWS_001,2020-01-03 23:20:00,8.17,994.17,84.3
AWS_001,2020-01-03 23:30:00,7.92,994.32,87.2
AWS_001,2020-01-03 23:40:00,7.62,994.62,89.3
AWS_001,2020-01-03 23:50:00,7.11,995.02,89.2
AWS_001,2020-01-04 00:00:00,6.61,995.29,87.5
AWS_001,2020-01-04 00:10:00,6.25,995.66,85.0
AWS_001,2020-01-04 00:20:00,5.85,995.92,85.2
AWS_001,2020-01-04 00:30:00,5.58,996.15,85.8
AWS_001,2020-01-04 00:40:00,5.44,996.47,85.3
AWS_001,2020-01-04 00:50:00,5.33,996.69,84.6
AWS_001,2020-01-04 01:00:00,5.23,996.81,84.1
AWS_001,2020-01-04 01:10:00,5.19,997.01,83.3
AWS_001,2020-01-04 01:20:00,5.08,997.12,83.8
AWS_001,2020-01-04 01:30:00,4.94,997.28,85.0
AWS_001,2020-01-04 01:40:00,4.87,997.48,85.4
AWS_001,2020-01-04 01:50:00,4.87,997.67,84.6
AWS_001,2020-01-04 02:00:00,4.87,997.76,83.7
AWS_001,2020-01-04 02:10:00,4.88,997.82,83.5
AWS_001,2020-01-04 02:20:00,4.78,997.85,83.2
AWS_001,2020-01-04 02:30:00,4.64,997.99,81.1
AWS_001,2020-01-04 02:40:00,4.42,998.08,81.3
AWS_001,2020-01-04 02:50:00,4.22,998.08,83.7
AWS_001,2020-01-04 03:00:00,4.13,998.0,84.8
AWS_001,2020-01-04 03:10:00,4.03,998.09,84.7
AWS_001,2020-01-04 03:20:00,3.89,998.11,85.1
AWS_001,2020-01-04 03:30:00,3.76,998.05,84.9
AWS_001,2020-01-04 03:40:00,3.67,997.93,84.0
AWS_001,2020-01-04 03:50:00,3.72,997.83,82.7
AWS_001,2020-01-04 04:00:00,3.76,997.83,81.8
AWS_001,2020-01-04 04:10:00,3.81,997.98,81.3
AWS_001,2020-01-04 04:20:00,3.8,997.97,80.8
AWS_001,2020-01-04 04:30:00,3.83,997.9,80.3
AWS_001,2020-01-04 04:40:00,3.8,997.91,80.4
AWS_001,2020-01-04 04:50:00,3.74,997.93,80.3
AWS_001,2020-01-04 05:00:00,3.69,998.01,80.1
AWS_001,2020-01-04 05:10:00,3.67,998.08,79.7
AWS_001,2020-01-04 05:20:00,3.67,998.0,79.4
AWS_001,2020-01-04 05:30:00,3.67,998.09,79.1
AWS_001,2020-01-04 05:40:00,3.67,998.19,79.0
AWS_001,2020-01-04 05:50:00,3.67,998.26,79.0
AWS_001,2020-01-04 06:00:00,3.64,998.23,79.0
AWS_001,2020-01-04 06:10:00,3.58,998.23,79.3
AWS_001,2020-01-04 06:20:00,3.49,998.14,80.1
AWS_001,2020-01-04 06:30:00,3.41,998.16,80.5
AWS_001,2020-01-04 06:40:00,3.4,998.26,80.6
AWS_001,2020-01-04 06:50:00,3.38,998.17,80.2
AWS_001,2020-01-04 07:00:00,3.31,998.24,80.4
AWS_001,2020-01-04 07:10:00,3.28,998.4,79.6
AWS_001,2020-01-04 07:20:00,3.28,998.43,79.2
AWS_001,2020-01-04 07:30:00,3.21,998.61,79.2
AWS_001,2020-01-04 07:40:00,3.25,998.71,79.3
AWS_001,2020-01-04 07:50:00,3.24,998.71,78.8
AWS_001,2020-01-04 08:00:00,3.27,998.76,78.4
AWS_001,2020-01-04 08:10:00,3.33,998.62,78.0
AWS_001,2020-01-04 08:20:00,3.34,998.59,77.2
AWS_001,2020-01-04 08:30:00,3.35,998.51,76.8
AWS_001,2020-01-04 08:40:00,3.36,998.43,76.4
AWS_001,2020-01-04 08:50:00,3.32,998.5,76.3
AWS_001,2020-01-04 09:00:00,3.27,998.59,76.4
AWS_001,2020-01-04 09:10:00,3.27,998.67,76.0
AWS_001,2020-01-04 09:20:00,3.33,998.78,75.4
AWS_001,2020-01-04 09:30:00,3.37,998.76,74.8
AWS_001,2020-01-04 09:40:00,3.4,998.63,74.7
AWS_001,2020-01-04 09:50:00,3.49,998.61,74.1
AWS_001,2020-01-04 10:00:00,3.6,998.56,73.8
AWS_001,2020-01-04 10:10:00,3.73,998.51,73.3
AWS_001,2020-01-04 10:20:00,3.87,998.53,72.8
AWS_001,2020-01-04 10:30:00,3.94,998.59,72.8
AWS_001,2020-01-04 10:40:00,4.01,998.45,72.7
AWS_001,2020-01-04 10:50:00,3.92,998.34,73.7
AWS_001,2020-01-04 11:00:00,3.87,998.18,74.2
AWS_001,2020-01-04 11:10:00,3.88,997.89,74.5
AWS_001,2020-01-04 11:20:00,3.87,997.81,74.9
AWS_001,2020-01-04 11:30:00,3.93,997.65,74.7
AWS_001,2020-01-04 11:40:00,4.03,997.58,74.4
AWS_001,2020-01-04 11:50:00,4.15,997.53,74.0
AWS_001,2020-01-04 12:00:00,4.23,997.41,73.8
AWS_001,2020-01-04 12:10:00,4.3,997.35,73.4
AWS_001,2020-01-04 12:20:00,4.44,997.06,72.8
AWS_001,2020-01-04 12:30:00,4.54,996.93,72.4
AWS_001,2020-01-04 12:40:00,4.63,996.51,72.2
AWS_001,2020-01-04 12:50:00,4.68,996.39,71.8
AWS_001,2020-01-04 13:00:00,4.77,996.22,71.7
AWS_001,2020-01-04 13:10:00,4.87,995.9,71.1
AWS_001,2020-01-04 13:20:00,4.99,995.76,70.9
AWS_001,2020-01-04 13:30:00,5.12,995.76,70.5
AWS_001,2020-01-04 13:40:00,5.21,995.64,69.93
AWS_001,2020-01-04 13:50:00,5.23,995.56,70.0
AWS_001,2020-01-04 14:00:00,5.31,995.61,69.71
AWS_001,2020-01-04 14:10:00,5.34,995.8,69.66
AWS_001,2020-01-04 14:20:00,5.4,996.1,69.68
AWS_001,2020-01-04 14:30:00,5.31,996.0,71.2
AWS_001,2020-01-04 14:40:00,5.07,995.96,74.0
AWS_001,2020-01-04 14:50:00,4.8,996.01,77.8
AWS_001,2020-01-04 15:00:00,4.55,996.11,80.5
AWS_001,2020-01-04 15:10:00,4.36,996.18,82.7
AWS_001,2020-01-04 15:20:00,4.3,996.22,83.2
AWS_001,2020-01-04 15:30:00,4.37,996.15,82.9
AWS_001,2020-01-04 15:40:00,4.44,996.04,82.4
AWS_001,2020-01-04 15:50:00,4.53,996.07,81.9
AWS_001,2020-01-04 16:00:00,4.6,996.09,81.7
AWS_001,2020-01-04 16:10:00,4.7,996.27,81.4
AWS_001,2020-01-04 16:20:00,4.83,996.21,80.8
AWS_001,2020-01-04 16:30:00,4.97,996.11,80.3
AWS_001,2020-01-04 16:40:00,4.87,996.07,80.8
AWS_001,2020-01-04 16:50:00,4.92,996.16,80.8
AWS_001,2020-01-04 17:00:00,4.94,996.34,80.8
AWS_001,2020-01-04 17:10:00,4.94,996.34,80.8
AWS_001,2020-01-04 17:20:00,5.0,996.38,80.4
AWS_001,2020-01-04 17:30:00,5.11,996.47,80.0
AWS_001,2020-01-04 17:40:00,5.26,996.48,79.2
AWS_001,2020-01-04 17:50:00,5.34,996.66,79.2
AWS_001,2020-01-04 18:00:00,5.21,996.95,81.0
AWS_001,2020-01-04 18:10:00,5.03,997.54,83.7
AWS_001,2020-01-04 18:20:00,4.5,998.11,85.9
AWS_001,2020-01-04 18:30:00,3.35,998.59,87.4
AWS_001,2020-01-04 18:40:00,2.55,998.97,89.3
AWS_001,2020-01-04 18:50:00,2.08,999.2,90.5
AWS_001,2020-01-04 19:00:00,1.93,999.26,91.2
AWS_001,2020-01-04 19:10:00,1.93,999.31,90.6
AWS_001,2020-01-04 19:20:00,1.84,999.33,90.1
AWS_001,2020-01-04 19:30:00,1.68,999.3,90.9
AWS_001,2020-01-04 19:40:00,1.73,999.37,91.4
AWS_001,2020-01-04 19:50:00,1.97,999.58,90.6
AWS_001,2020-01-04 20:00:00,2.07,999.69,89.7
AWS_001,2020-01-04 20:10:00,2.03,999.93,90.0
AWS_001,2020-01-04 20:20:00,2.01,1000.11,90.3
AWS_001,2020-01-04 20:30:00,2.08,1000.33,90.3
AWS_001,2020-01-04 20:40:00,2.2,1000.66,90.0
AWS_001,2020-01-04 20:50:00,2.26,1000.83,89.5
AWS_001,2020-01-04 21:00:00,2.21,1000.9,88.7
AWS_001,2020-01-04 21:10:00,2.22,1001.09,88.1
AWS_001,2020-01-04 21:20:00,2.24,1001.35,87.9
AWS_001,2020-01-04 21:30:00,2.21,1001.59,87.9
AWS_001,2020-01-04 21:40:00,2.22,1001.8,87.8
AWS_001,2020-01-04 21:50:00,2.27,1002.13,87.5
AWS_001,2020-01-04 22:00:00,2.22,1002.3,87.5
AWS_001,2020-01-04 22:10:00,2.16,1002.48,87.2
AWS_001,2020-01-04 22:20:00,2.1,1002.51,86.8
AWS_001,2020-01-04 22:30:00,1.99,1002.5,86.3
AWS_001,2020-01-04 22:40:00,1.9,1002.69,86.0
AWS_001,2020-01-04 22:50:00,1.94,1002.92,84.4
AWS_001,2020-01-04 23:00:00,1.91,1002.87,84.4
AWS_001,2020-01-04 23:10:00,1.86,1002.93,84.0
AWS_001,2020-01-04 23:20:00,1.81,1003.02,83.7
AWS_001,2020-01-04 23:30:00,1.65,1003.23,85.1
AWS_001,2020-01-04 23:40:00,1.53,1003.36,85.7
AWS_001,2020-01-04 23:50:00,1.47,1003.47,85.8
AWS_001,2020-01-05 00:00:00,1.47,1003.45,85.3
AWS_001,2020-01-05 00:10:00,1.47,1003.57,84.6
AWS_001,2020-01-05 00:20:00,1.49,1003.87,84.0
AWS_001,2020-01-05 00:30:00,1.59,1004.02,82.7
AWS_001,2020-01-05 00:40:00,1.81,1004.18,80.6
AWS_001,2020-01-05 00:50:00,1.96,1004.25,79.9
AWS_001,2020-01-05 01:00:00,2.05,1004.34,78.9
AWS_001,2020-01-05 01:10:00,2.1,1004.5,79.1
AWS_001,2020-01-05 01:20:00,2.03,1004.64,80.0
AWS_001,2020-01-05 01:30:00,2.01,1004.7,80.2
AWS_001,2020-01-05 01:40:00,2.01,1004.92,80.1
AWS_001,2020-01-05 01:50:00,2.01,1004.98,80.2
AWS_001,2020-01-05 02:00:00,2.07,1005.09,79.7
AWS_001,2020-01-05 02:10:00,1.99,1004.98,80.7
AWS_001,2020-01-05 02:20:00,1.95,1005.21,81.2
AWS_001,2020-01-05 02:30:00,2.02,1005.39,80.7
AWS_001,2020-01-05 02:40:00,2.13,1005.51,79.7
AWS_001,2020-01-05 02:50:00,2.16,1005.49,79.2
AWS_001,2020-01-05 03:00:00,2.14,1005.65,79.0
AWS_001,2020-01-05 03:10:00,2.14,1005.74,79.6
AWS_001,2020-01-05 03:20:00,2.14,1005.83,79.7
AWS_001,2020-01-05 03:30:00,2.14,1005.95,79.6
AWS_001,2020-01-05 03:40:00,2.17,1006.01,79.2
AWS_001,2020-01-05 03:50:00,2.15,1006.14,78.8
AWS_001,2020-01-05 04:00:00,2.17,1006.21,78.3
AWS_001,2020-01-05 04:10:00,2.2,1006.2,77.9
AWS_001,2020-01-05 04:20:00,2.16,1006.29,78.1
AWS_001,2020-01-05 04:30:00,2.1,1006.38,78.7
AWS_001,2020-01-05 04:40:00,2.08,1006.47,78.9
AWS_001,2020-01-05 04:50:00,2.07,1006.47,79.1
AWS_001,2020-01-05 05:00:00,2.02,1006.5,79.3
AWS_001,2020-01-05 05:10:00,2.05,1006.54,78.7
AWS_001,2020-01-05 05:20:00,2.07,1006.7,78.4
AWS_001,2020-01-05 05:30:00,2.09,1006.73,78.3
AWS_001,2020-01-05 05:40:00,2.06,1006.75,78.3
AWS_001,2020-01-05 05:50:00,2.02,1006.85,77.8
AWS_001,2020-01-05 06:00:00,2.1,1006.95,76.3
AWS_001,2020-01-05 06:10:00,2.15,1007.03,75.2
AWS_001,2020-01-05 06:20:00,2.18,1006.97,74.8
AWS_001,2020-01-05 06:30:00,2.17,1007.04,75.1
AWS_001,2020-01-05 06:40:00,2.15,1007.04,74.7
AWS_001,2020-01-05 06:50:00,2.19,1007.08,73.0
AWS_001,2020-01-05 07:00:00,2.28,1007.18,71.5
AWS_001,2020-01-05 07:10:00,2.27,1007.21,72.1
AWS_001,2020-01-05 07:20:00,2.26,1007.29,71.2
AWS_001,2020-01-05 07:30:00,2.29,1007.33,70.5
AWS_001,2020-01-05 07:40:00,2.31,1007.4,69.6
AWS_001,2020-01-05 07:50:00,2.28,1007.39,69.94
AWS_001,2020-01-05 08:00:00,2.33,1007.47,69.69
AWS_001,2020-01-05 08:10:00,2.29,1007.64,71.1
AWS_001,2020-01-05 08:20:00,2.25,1007.83,71.1
AWS_001,2020-01-05 08:30:00,2.29,1007.98,70.0
AWS_001,2020-01-05 08:40:00,2.32,1008.14,69.33
AWS_001,2020-01-05 08:50:00,2.27,1008.21,70.1
AWS_001,2020-01-05 09:00:00,2.25,1008.42,70.0
AWS_001,2020-01-05 09:10:00,2.32,1008.49,68.74
AWS_001,2020-01-05 09:20:00,2.35,1008.58,68.01
AWS_001,2020-01-05 09:30:00,2.43,1008.67,67.84
AWS_001,2020-01-05 09:40:00,2.41,1008.71,68.55
AWS_001,2020-01-05 09:50:00,2.31,1008.78,71.5
AWS_001,2020-01-05 10:00:00,1.93,1008.79,79.9
AWS_001,2020-01-05 10:10:00,1.79,1008.84,81.5
AWS_001,2020-01-05 10:20:00,1.9,1008.92,80.9
AWS_001,2020-01-05 10:30:00,2.01,1008.95,80.5
AWS_001,2020-01-05 10:40:00,2.1,1009.01,80.0
AWS_001,2020-01-05 10:50:00,2.24,1009.07,79.1
AWS_001,2020-01-05 11:00:00,2.38,1008.92,77.6
AWS_001,2020-01-05 11:10:00,2.55,1008.79,74.2
AWS_001,2020-01-05 11:20:00,2.75,1008.78,71.4
AWS_001,2020-01-05 11:30:00,2.86,1008.69,71.7
AWS_001,2020-01-05 11:40:00,3.01,1008.61,72.1
AWS_001,2020-01-05 11:50:00,3.13,1008.67,74.1
AWS_001,2020-01-05 12:00:00,3.12,1008.61,68.9
AWS_001,2020-01-05 12:10:00,3.16,1008.55,68.49
AWS_001,2020-01-05 12:20:00,3.31,1008.41,68.51
AWS_001,2020-01-05 12:30:00,3.5,1008.34,67.7
AWS_001,2020-01-05 12:40:00,3.39,1008.21,67.72
AWS_001,2020-01-05 12:50:00,3.39,1008.17,67.92
AWS_001,2020-01-05 13:00:00,3.47,1008.16,67.99
AWS_001,2020-01-05 13:10:00,3.45,1007.98,67.63
AWS_001,2020-01-05 13:20:00,3.47,1007.88,67.5
AWS_001,2020-01-05 13:30:00,3.53,1007.71,67.41
AWS_001,2020-01-05 13:40:00,3.61,1007.54,67.89
AWS_001,2020-01-05 13:50:00,3.81,1007.44,67.22
AWS_001,2020-01-05 14:00:00,4.07,1007.43,66.15
AWS_001,2020-01-05 14:10:00,4.17,1007.5,65.84
AWS_001,2020-01-05 14:20:00,4.37,1007.42,65.22
AWS_001,2020-01-05 14:30:00,4.29,1007.33,65.75
AWS_001,2020-01-05 14:40:00,4.28,1007.31,66.06
AWS_001,2020-01-05 14:50:00,4.43,1007.33,65.68
AWS_001,2020-01-05 15:00:00,4.29,1007.39,66.46
AWS_001,2020-01-05 15:10:00,4.06,1007.4,67.79
AWS_001,2020-01-05 15:20:00,3.84,1007.5,68.53
AWS_001,2020-01-05 15:30:00,3.67,1007.57,69.6
AWS_001,2020-01-05 15:40:00,3.58,1007.78,70.3
AWS_001,2020-01-05 15:50:00,3.51,1007.72,71.1
AWS_001,2020-01-05 16:00:00,3.47,1007.77,71.4
AWS_001,2020-01-05 16:10:00,3.47,1007.76,71.9
AWS_001,2020-01-05 16:20:00,3.42,1007.64,72.9
AWS_001,2020-01-05 16:30:00,3.4,1007.62,73.7
AWS_001,2020-01-05 16:40:00,3.37,1007.69,74.4
AWS_001,2020-01-05 16:50:00,3.35,1007.69,74.7
AWS_001,2020-01-05 17:00:00,3.41,1007.73,75.0
AWS_001,2020-01-05 17:10:00,3.36,1007.64,75.4
AWS_001,2020-01-05 17:20:00,3.25,1007.55,76.2
AWS_001,2020-01-05 17:30:00,3.1,1007.6,77.5
AWS_001,2020-01-05 17:40:00,3.04,1007.68,78.2
AWS_001,2020-01-05 17:50:00,3.07,1007.73,77.4
AWS_001,2020-01-05 18:00:00,3.1,1007.74,77.4
AWS_001,2020-01-05 18:10:00,3.14,1007.73,77.7
AWS_001,2020-01-05 18:20:00,3.18,1007.67,78.1
AWS_001,2020-01-05 18:30:00,3.04,1007.55,78.7
AWS_001,2020-01-05 18:40:00,2.94,1007.51,79.6
AWS_001,2020-01-05 18:50:00,2.96,1007.42,80.3
AWS_001,2020-01-05 19:00:00,2.88,1007.43,82.1
AWS_001,2020-01-05 19:10:00,2.87,1007.43,82.9
AWS_001,2020-01-05 19:20:00,2.93,1007.43,83.2
AWS_001,2020-01-05 19:30:00,2.97,1007.43,82.7
AWS_001,2020-01-05 19:40:00,3.05,1007.43,82.7
AWS_001,2020-01-05 19:50:00,3.07,1007.37,82.5
AWS_001,2020-01-05 20:00:00,3.03,1007.3,82.9
AWS_001,2020-01-05 20:10:00,2.95,1007.28,83.6
AWS_001,2020-01-05 20:20:00,3.09,1007.3,83.0
AWS_001,2020-01-05 20:30:00,3.02,1007.27,83.4
AWS_001,2020-01-05 20:40:00,2.98,1007.25,84.1
AWS_001,2020-01-05 20:50:00,2.94,1007.18,84.1
AWS_001,2020-01-05 21:00:00,3.0,1007.16,83.6
AWS_001,2020-01-05 21:10:00,3.0,1007.19,83.7
AWS_001,2020-01-05 21:20:00,3.0,1007.14,83.6
AWS_001,2020-01-05 21:30:00,3.0,1007.11,83.7
AWS_001,2020-01-05 21:40:00,2.95,1007.09,83.8
AWS_001,2020-01-05 21:50:00,2.93,1007.04,84.0
AWS_001,2020-01-05 22:00:00,2.87,1007.03,84.1
AWS_001,2020-01-05 22:10:00,2.88,1006.95,84.4
AWS_001,2020-01-05 22:20:00,2.92,1006.93,84.1
AWS_001,2020-01-05 22:30:00,2.98,1006.85,83.7
AWS_001,2020-01-05 22:40:00,3.05,1006.9,83.4
AWS_001,2020-01-05 22:50:00,3.07,1006.86,83.5
AWS_001,2020-01-05 23:00:00,3.14,1006.8,83.4
AWS_001,2020-01-05 23:10:00,3.15,1006.67,83.4
AWS_001,2020-01-05 23:20:00,3.13,1006.56,83.9
AWS_001,2020-01-05 23:30:00,3.21,1006.44,83.5
AWS_001,2020-01-05 23:40:00,3.27,1006.36,83.3
AWS_001,2020-01-05 23:50:00,3.28,1006.22,83.3
AWS_001,2020-01-06 00:00:00,3.32,1006.17,83.3
AWS_001,2020-01-06 00:10:00,3.31,1006.08,83.4
AWS_001,2020-01-06 00:20:00,3.33,1006.08,83.5
AWS_001,2020-01-06 00:30:00,3.35,1005.97,83.3
AWS_001,2020-01-06 00:40:00,3.33,1005.82,83.5
AWS_001,2020-01-06 00:50:00,3.34,1005.83,83.4
AWS_001,2020-01-06 01:00:00,3.38,1005.77,83.3
AWS_001,2020-01-06 01:10:00,3.34,1005.7,83.3
AWS_001,2020-01-06 01:20:00,3.33,1005.6,83.5
AWS_001,2020-01-06 01:30:00,3.39,1005.49,83.0
AWS_001,2020-01-06 01:40:00,3.31,1005.41,83.4
AWS_001,2020-01-06 01:50:00,3.31,1005.29,83.5
AWS_001,2020-01-06 02:00:00,3.33,1005.22,83.5
AWS_001,2020-01-06 02:10:00,3.34,1005.25,83.4
AWS_001,2020-01-06 02:20:00,3.37,1005.12,83.3
AWS_001,2020-01-06 02:30:00,3.4,1005.09,83.1
AWS_001,2020-01-06 02:40:00,3.4,1005.11,83.0
AWS_001,2020-01-06 02:50:00,3.36,1004.97,83.4
AWS_001,2020-01-06 03:00:00,3.34,1004.85,83.6
AWS_001,2020-01-06 03:10:00,3.39,1004.79,83.8
AWS_001,2020-01-06 03:20:00,3.4,1004.74,83.6
AWS_001,2020-01-06 03:30:00,3.38,1004.74,83.7
AWS_001,2020-01-06 03:40:00,3.18,1004.65,85.0
AWS_001,2020-01-06 03:50:00,3.09,1004.55,85.7
AWS_001,2020-01-06 04:00:00,3.0,1004.48,86.2
AWS_001,2020-01-06 04:10:00,3.01,1004.4,86.6
AWS_001,2020-01-06 04:20:00,2.96,1004.32,86.5
AWS_001,2020-01-06 04:30:00,2.98,1004.2,86.9
AWS_001,2020-01-06 04:40:00,2.99,1004.12,86.7
AWS_001,2020-01-06 04:50:00,3.07,1004.05,85.9
AWS_001,2020-01-06 05:00:00,3.03,1003.99,86.2
AWS_001,2020-01-06 05:10:00,2.98,1003.98,86.7
AWS_001,2020-01-06 05:20:00,2.94,1003.97,86.6
AWS_001,2020-01-06 05:30:00,2.97,1003.92,86.4
AWS_001,2020-01-06 05:40:00,2.91,1003.86,86.6
AWS_001,2020-01-06 05:50:00,2.87,1003.86,87.0
AWS_001,2020-01-06 06:00:00,2.87,1003.89,87.1
AWS_001,2020-01-06 06:10:00,2.9,1003.88,86.8
AWS_001,2020-01-06 06:20:00,2.97,1003.96,86.6
AWS_001,2020-01-06 06:30:00,3.03,1003.89,86.3
AWS_001,2020-01-06 06:40:00,3.02,1003.9,86.6
AWS_001,2020-01-06 06:50:00,3.0,1003.8,86.6
AWS_001,2020-01-06 07:00:00,3.12,1003.74,86.3
AWS_001,2020-01-06 07:10:00,3.31,1003.75,84.1
AWS_001,2020-01-06 07:20:00,3.52,1003.74,82.4
AWS_001,2020-01-06 07:30:00,3.6,1003.74,82.1
AWS_001,2020-01-06 07:40:00,3.53,1003.75,82.9
AWS_001,2020-01-06 07:50:00,3.37,1003.75,84.4
AWS_001,2020-01-06 08:00:00,3.25,1003.86,85.2
AWS_001,2020-01-06 08:10:00,3.21,1003.83,85.4
AWS_001,2020-01-06 08:20:00,3.21,1003.74,85.5
AWS_001,2020-01-06 08:30:00,3.22,1003.74,85.3
AWS_001,2020-01-06 08:40:00,3.4,1003.74,84.9
AWS_001,2020-01-06 08:50:00,3.23,1003.65,85.4
AWS_001,2020-01-06 09:00:00,3.13,1003.56,86.3
AWS_001,2020-01-06 09:10:00,3.11,1003.44,86.3
AWS_001,2020-01-06 09:20:00,3.17,1003.49,86.0
AWS_001,2020-01-06 09:30:00,3.3,1003.47,85.4
AWS_001,2020-01-06 09:40:00,3.35,1003.38,84.5
AWS_001,2020-01-06 09:50:00,3.31,1003.34,85.5
AWS_001,2020-01-06 10:00:00,3.35,1003.24,85.6
AWS_001,2020-01-06 10:10:00,3.26,1003.21,85.8
AWS_001,2020-01-06 10:20:00,3.1,1003.13,86.6
AWS_001,2020-01-06 10:30:00,3.1,1003.02,86.8
AWS_001,2020-01-06 10:40:00,3.09,1002.99,87.1
AWS_001,2020-01-06 10:50:00,3.11,1002.89,87.0
AWS_001,2020-01-06 11:00:00,3.28,1002.79,86.2
AWS_001,2020-01-06 11:10:00,3.53,1002.64,85.3
AWS_001,2020-01-06 11:20:00,3.73,1002.51,84.0
AWS_001,2020-01-06 11:30:00,3.85,1002.38,82.2
AWS_001,2020-01-06 11:40:00,3.96,1002.28,81.7
AWS_001,2020-01-06 11:50:00,4.01,1002.17,80.7
AWS_001,2020-01-06 12:00:00,4.16,1002.04,80.2
AWS_001,2020-01-06 12:10:00,4.25,1001.92,79.7
AWS_001,2020-01-06 12:20:00,4.29,1001.73,79.4
AWS_001,2020-01-06 12:30:00,4.32,1001.54,79.2
AWS_001,2020-01-06 12:40:00,4.33,1001.39,78.7
AWS_001,2020-01-06 12:50:00,4.36,1001.28,78.6
AWS_001,2020-01-06 13:00:00,4.42,1001.18,78.7
AWS_001,2020-01-06 13:10:00,4.45,1001.01,78.8
AWS_001,2020-01-06 13:20:00,4.47,1000.86,78.6
AWS_001,2020-01-06 13:30:00,4.45,1000.77,78.2
AWS_001,2020-01-06 13:40:00,4.45,1000.6,77.6
AWS_001,2020-01-06 13:50:00,4.47,1000.45,76.9
AWS_001,2020-01-06 14:00:00,4.46,1000.38,76.3
AWS_001,2020-01-06 14:10:00,4.48,1000.31,75.4
AWS_001,2020-01-06 14:20:00,4.6,1000.23,74.1
AWS_001,2020-01-06 14:30:00,4.97,1000.06,71.4
AWS_001,2020-01-06 14:40:00,5.23,999.9,69.71
AWS_001,2020-01-06 14:50:00,5.18,999.8,69.14
AWS_001,2020-01-06 15:00:00,5.05,999.69,69.25
AWS_001,2020-01-06 15:10:00,4.91,999.57,69.91
AWS_001,2020-01-06 15:20:00,4.77,999.5,70.1
AWS_001,2020-01-06 15:30:00,4.81,999.34,70.0
AWS_001,2020-01-06 15:40:00,4.85,999.32,69.78
AWS_001,2020-01-06 15:50:00,4.65,999.24,69.91
AWS_001,2020-01-06 16:00:00,4.3,999.17,70.8
AWS_001,2020-01-06 16:10:00,3.96,999.1,71.6
AWS_001,2020-01-06 16:20:00,3.82,999.08,72.1
AWS_001,2020-01-06 16:30:00,3.66,999.0,72.8
AWS_001,2020-01-06 16:40:00,3.49,998.86,73.6
AWS_001,2020-01-06 16:50:00,3.38,998.85,74.2
AWS_001,2020-01-06 17:00:00,3.3,998.78,74.3
AWS_001,2020-01-06 17:10:00,3.15,998.7,74.7
AWS_001,2020-01-06 17:20:00,2.97,998.6,75.6
AWS_001,2020-01-06 17:30:00,2.82,998.54,76.3
AWS_001,2020-01-06 17:40:00,2.54,998.36,77.6
AWS_001,2020-01-06 17:50:00,2.32,998.23,79.1
AWS_001,2020-01-06 18:00:00,2.15,998.11,80.1
AWS_001,2020-01-06 18:10:00,2.03,998.09,80.5
AWS_001,2020-01-06 18:20:00,1.89,998.06,80.9
AWS_001,2020-01-06 18:30:00,1.77,997.99,81.1
AWS_001,2020-01-06 18:40:00,1.68,997.83,81.4
AWS_001,2020-01-06 18:50:00,1.57,997.61,81.5
AWS_001,2020-01-06 19:00:00,1.38,997.53,82.1
AWS_001,2020-01-06 19:10:00,1.22,997.49,83.1
AWS_001,2020-01-06 19:20:00,1.0,997.49,84.3
AWS_001,2020-01-06 19:30:00,0.86,997.4,84.8
AWS_001,2020-01-06 19:40:00,0.52,997.29,85.6
AWS_001,2020-01-06 19:50:00,0.24,997.25,86.3
AWS_001,2020-01-06 20:00:00,-0.03,997.24,87.6
AWS_001,2020-01-06 20:10:00,0.03,997.15,88.1
AWS_001,2020-01-06 20:20:00,0.17,997.04,87.7
AWS_001,2020-01-06 20:30:00,0.06,996.94,87.8
AWS_001,2020-01-06 20:40:00,-0.25,996.91,88.6
AWS_001,2020-01-06 20:50:00,-0.42,996.89,89.6
AWS_001,2020-01-06 21:00:00,-0.55,996.95,90.1
AWS_001,2020-01-06 21:10:00,-0.66,996.82,90.4
AWS_001,2020-01-06 21:20:00,-0.71,996.71,90.7
AWS_001,2020-01-06 21:30:00,-0.88,996.67,90.6
AWS_001,2020-01-06 21:40:00,-1.18,996.62,91.5
AWS_001,2020-01-06 21:50:00,-1.29,996.54,92.3
AWS_001,2020-01-06 22:00:00,-1.27,996.4,92.5
AWS_001,2020-01-06 22:10:00,-1.37,996.24,92.5
AWS_001,2020-01-06 22:20:00,-1.37,996.06,92.8
AWS_001,2020-01-06 22:30:00,-1.35,996.01,92.5
AWS_001,2020-01-06 22:40:00,-1.38,995.91,92.3
AWS_001,2020-01-06 22:50:00,-1.34,995.88,92.1
AWS_001,2020-01-06 23:00:00,-1.3,995.83,92.1
AWS_001,2020-01-06 23:10:00,-1.11,995.68,91.9
AWS_001,2020-01-06 23:20:00,-1.16,995.59,91.1
AWS_001,2020-01-06 23:30:00,-1.04,995.48,91.5
AWS_001,2020-01-06 23:40:00,-0.77,995.47,90.7
AWS_001,2020-01-06 23:50:00,-0.71,995.39,89.6
AWS_001,2020-01-07 00:00:00,-0.8,995.38,89.6
AWS_001,2020-01-07 00:10:00,-0.71,995.42,89.9
AWS_001,2020-01-07 00:20:00,-0.43,995.27,89.2
AWS_001,2020-01-07 00:30:00,-0.31,995.21,87.8
AWS_001,2020-01-07 00:40:00,-0.39,995.17,87.6
AWS_001,2020-01-07 00:50:00,-0.48,995.07,87.8
AWS_001,2020-01-07 01:00:00,-0.55,994.8,87.9
AWS_001,2020-01-07 01:10:00,-0.28,994.67,87.7
AWS_001,2020-01-07 01:20:00,0.21,994.66,85.0
AWS_001,2020-01-07 01:30:00,0.16,994.55,84.7
AWS_001,2020-01-07 01:40:00,0.08,994.52,85.0
AWS_001,2020-01-07 01:50:00,-0.02,994.7,85.4
AWS_001,2020-01-07 02:00:00,-0.01,994.68,85.6
AWS_001,2020-01-07 02:10:00,0.0,994.72,85.3
AWS_001,2020-01-07 02:20:00,-0.06,994.75,85.5
AWS_001,2020-01-07 02:30:00,-0.03,994.82,85.6
AWS_001,2020-01-07 02:40:00,-0.11,994.76,85.7
AWS_001,2020-01-07 02:50:00,-0.16,994.85,86.4
AWS_001,2020-01-07 03:00:00,-0.08,995.01,86.4
AWS_001,2020-01-07 03:10:00,0.16,995.36,85.6
AWS_001,2020-01-07 03:20:00,0.22,995.64,85.2
AWS_001,2020-01-07 03:30:00,0.25,995.72,85.1
AWS_001,2020-01-07 03:40:00,0.48,995.89,84.8
AWS_001,2020-01-07 03:50:00,0.56,996.07,84.3
AWS_001,2020-01-07 04:00:00,0.63,996.14,84.1
AWS_001,2020-01-07 04:10:00,0.7,996.21,84.0
AWS_001,2020-01-07 04:20:00,0.75,996.25,83.9
AWS_001,2020-01-07 04:30:00,0.77,996.19,83.5
AWS_001,2020-01-07 04:40:00,0.91,996.15,83.2
AWS_001,2020-01-07 04:50:00,0.94,995.99,82.9
AWS_001,2020-01-07 05:00:00,0.74,995.98,83.5
AWS_001,2020-01-07 05:10:00,0.39,995.9,84.8
AWS_001,2020-01-07 05:20:00,0.32,996.03,85.6
AWS_001,2020-01-07 05:30:00,0.29,996.13,85.8
AWS_001,2020-01-07 05:40:00,0.35,996.35,85.8
AWS_001,2020-01-07 05:50:00,0.53,996.51,85.5
AWS_001,2020-01-07 06:00:00,0.72,996.53,84.8
AWS_001,2020-01-07 06:10:00,0.95,996.56,83.0
AWS_001,2020-01-07 06:20:00,0.61,996.53,84.6
AWS_001,2020-01-07 06:30:00,0.47,996.62,85.4
AWS_001,2020-01-07 06:40:00,0.9,996.79,84.2
AWS_001,2020-01-07 06:50:00,0.84,996.9,84.0
AWS_001,2020-01-07 07:00:00,0.7,997.03,84.8
AWS_001,2020-01-07 07:10:00,0.66,997.07,85.8
AWS_001,2020-01-07 07:20:00,0.9,997.05,85.1
AWS_001,2020-01-07 07:30:00,1.02,997.17,84.8
AWS_001,2020-01-07 07:40:00,0.98,997.26,85.7
AWS_001,2020-01-07 07:50:00,1.15,997.24,86.5
AWS_001,2020-01-07 08:00:00,1.47,997.38,86.0
AWS_001,2020-01-07 08:10:00,1.33,997.58,85.8
AWS_001,2020-01-07 08:20:00,1.56,997.87,85.5
AWS_001,2020-01-07 08:30:00,1.65,998.16,84.6
AWS_001,2020-01-07 08:40:00,1.43,998.43,85.2
AWS_001,2020-01-07 08:50:00,1.46,998.67,85.7
AWS_001,2020-01-07 09:00:00,1.47,998.77,85.6
AWS_001,2020-01-07 09:10:00,1.41,998.89,86.6
AWS_001,2020-01-07 09:20:00,1.5,999.04,87.8
AWS_001,2020-01-07 09:30:00,1.71,999.17,87.4
AWS_001,2020-01-07 09:40:00,1.77,999.38,88.3
AWS_001,2020-01-07 09:50:00,1.62,999.5,89.3
AWS_001,2020-01-07 10:00:00,1.56,999.6,90.0
AWS_001,2020-01-07 10:10:00,1.82,999.73,90.1
AWS_001,2020-01-07 10:20:00,1.96,999.88,89.0
AWS_001,2020-01-07 10:30:00,1.83,999.97,89.4
AWS_001,2020-01-07 10:40:00,1.76,1000.14,89.6
AWS_001,2020-01-07 10:50:00,2.05,1000.27,89.5
AWS_001,2020-01-07 11:00:00,2.28,1000.42,89.4
AWS_001,2020-01-07 11:10:00,2.64,1000.44,89.6
AWS_001,2020-01-07 11:20:00,2.85,1000.53,90.5
AWS_001,2020-01-07 11:30:00,3.08,1000.65,91.5
AWS_001,2020-01-07 11:40:00,3.27,1000.7,91.3
AWS_001,2020-01-07 11:50:00,3.31,1000.75,91.5
AWS_001,2020-01-07 12:00:00,3.37,1000.82,91.6
AWS_001,2020-01-07 12:10:00,3.44,1000.92,91.5
AWS_001,2020-01-07 12:20:00,3.51,1000.9,91.1
AWS_001,2020-01-07 12:30:00,3.62,1000.91,91.4
AWS_001,2020-01-07 12:40:00,3.77,1000.97,91.0
AWS_001,2020-01-07 12:50:00,3.85,1000.94,90.7
AWS_001,2020-01-07 13:00:00,4.05,1000.92,90.3
AWS_001,2020-01-07 13:10:00,4.54,1000.91,88.5
AWS_001,2020-01-07 13:20:00,5.04,1000.85,86.5
AWS_001,2020-01-07 13:30:00,5.52,1000.92,83.8
AWS_001,2020-01-07 13:40:00,5.72,1000.99,82.7
AWS_001,2020-01-07 13:50:00,5.21,1000.95,83.1
AWS_001,2020-01-07 14:00:00,4.96,1000.99,84.1
AWS_001,2020-01-07 14:10:00,4.94,1001.04,84.5
AWS_001,2020-01-07 14:20:00,4.98,1001.13,84.3
AWS_001,2020-01-07 14:30:00,5.01,1001.26,84.1
AWS_001,2020-01-07 14:40:00,5.07,1001.28,83.5
AWS_001,2020-01-07 14:50:00,5.07,1001.34,83.2
AWS_001,2020-01-07 15:00:00,5.09,1001.46,82.9
AWS_001,2020-01-07 15:10:00,5.11,1001.53,82.8
AWS_001,2020-01-07 15:20:00,5.06,1001.55,83.4
AWS_001,2020-01-07 15:30:00,5.05,1001.53,83.3
AWS_001,2020-01-07 15:40:00,5.1,1001.65,83.3
AWS_001,2020-01-07 15:50:00,5.14,1001.69,82.3
AWS_001,2020-01-07 16:00:00,5.14,1001.76,81.6
AWS_001,2020-01-07 16:10:00,5.1,1001.79,81.4
AWS_001,2020-01-07 16:20:00,5.04,1001.85,82.7
AWS_001,2020-01-07 16:30:00,4.97,1001.91,83.5
AWS_001,2020-01-07 16:40:00,4.94,1002.16,83.7
AWS_001,2020-01-07 16:50:00,4.85,1002.11,83.5
AWS_001,2020-01-07 17:00:00,4.77,1002.14,84.2
AWS_001,2020-01-07 17:10:00,4.74,1002.19,84.4
AWS_001,2020-01-07 17:20:00,4.8,1002.32,83.6
AWS_001,2020-01-07 17:30:00,4.94,1002.51,82.3
AWS_001,2020-01-07 17:40:00,4.94,1002.68,81.8
AWS_001,2020-01-07 17:50:00,4.94,1002.8,81.6
AWS_001,2020-01-07 18:00:00,4.98,1002.83,80.8
AWS_001,2020-01-07 18:10:00,4.97,1002.83,80.6
AWS_001,2020-01-07 18:20:00,4.82,1002.76,81.1
AWS_001,2020-01-07 18:30:00,4.76,1002.77,80.3
AWS_001,2020-01-07 18:40:00,4.8,1002.79,79.1
AWS_001,2020-01-07 18:50:00,4.76,1002.83,78.6
AWS_001,2020-01-07 19:00:00,4.69,1002.76,78.3
AWS_001,2020-01-07 19:10:00,4.56,1002.59,78.6
AWS_001,2020-01-07 19:20:00,4.54,1002.6,78.4
AWS_001,2020-01-07 19:30:00,4.53,1002.69,78.2
AWS_001,2020-01-07 19:40:00,4.48,1002.67,78.4
AWS_001,2020-01-07 19:50:00,4.41,1002.62,78.5
AWS_001,2020-01-07 20:00:00,4.39,1002.51,78.5
AWS_001,2020-01-07 20:10:00,4.26,1002.57,79.0
AWS_001,2020-01-07 20:20:00,4.04,1002.52,79.9
AWS_001,2020-01-07 20:30:00,3.82,1002.52,80.9
AWS_001,2020-01-07 20:40:00,3.59,1002.49,81.4
AWS_001,2020-01-07 20:50:00,3.3,1002.39,82.0
AWS_001,2020-01-07 21:00:00,3.11,1002.3,82.8
AWS_001,2020-01-07 21:10:00,3.06,1002.13,83.2
AWS_001,2020-01-07 21:20:00,3.06,1002.11,83.3
AWS_001,2020-01-07 21:30:00,3.06,1002.17,83.2
AWS_001,2020-01-07 21:40:00,2.86,1002.0,83.9
AWS_001,2020-01-07 21:50:00,2.54,1001.73,84.9
AWS_001,2020-01-07 22:00:00,2.17,1001.64,86.4
AWS_001,2020-01-07 22:10:00,2.03,1001.73,86.8
AWS_001,2020-01-07 22:20:00,1.74,1001.82,88.1
AWS_001,2020-01-07 22:30:00,1.66,1001.65,89.0
AWS_001,2020-01-07 22:40:00,1.63,1001.49,89.0
AWS_001,2020-01-07 22:50:00,1.68,1001.39,89.0
AWS_001,2020-01-07 23:00:00,1.71,1001.24,88.8
AWS_001,2020-01-07 23:10:00,1.47,1001.08,88.8
AWS_001,2020-01-07 23:20:00,1.48,1001.1,90.2
AWS_001,2020-01-07 23:30:00,1.79,1001.16,89.1
AWS_001,2020-01-07 23:40:00,1.84,1001.24,89.0
AWS_001,2020-01-07 23:50:00,1.74,1001.26,89.2
AWS_001,2020-01-08 00:00:00,1.58,1000.97,89.4
AWS_001,2020-01-08 00:10:00,1.36,1000.74,90.3
AWS_001,2020-01-08 00:20:00,1.28,1000.6,90.9
AWS_001,2020-01-08 00:30:00,1.23,1000.5,90.8
AWS_001,2020-01-08 00:40:00,1.05,1000.5,91.2
AWS_001,2020-01-08 00:50:00,1.3,1000.45,91.5
AWS_001,2020-01-08 01:00:00,1.6,1000.49,90.4
AWS_001,2020-01-08 01:10:00,1.99,1000.49,89.1
AWS_001,2020-01-08 01:20:00,2.05,1000.41,88.1
AWS_001,2020-01-08 01:30:00,2.05,1000.44,88.3
AWS_001,2020-01-08 01:40:00,2.23,1000.4,88.1
AWS_001,2020-01-08 01:50:00,2.43,1000.26,87.4
AWS_001,2020-01-08 02:00:00,2.69,1000.34,86.6
AWS_001,2020-01-08 02:10:00,3.1,1000.22,84.8
AWS_001,2020-01-08 02:20:00,3.36,1000.16,83.5
AWS_001,2020-01-08 02:30:00,3.63,1000.14,82.1
AWS_001,2020-01-08 02:40:00,3.7,1000.14,81.7
AWS_001,2020-01-08 02:50:00,3.68,1000.01,81.5
AWS_001,2020-01-08 03:00:00,3.57,999.89,82.1
AWS_001,2020-01-08 03:10:00,3.73,999.77,81.4
AWS_001,2020-01-08 03:20:00,4.02,999.83,80.5
AWS_001,2020-01-08 03:30:00,4.36,999.67,78.7
AWS_001,2020-01-08 03:40:00,4.12,999.55,79.5
AWS_001,2020-01-08 03:50:00,4.13,999.36,79.8
AWS_001,2020-01-08 04:00:00,4.36,999.1,78.7
AWS_001,2020-01-08 04:10:00,4.68,998.94,76.4
AWS_001,2020-01-08 04:20:00,4.6,998.91,76.4
AWS_001,2020-01-08 04:30:00,4.32,998.63,77.2
AWS_001,2020-01-08 04:40:00,4.09,998.66,78.4
AWS_001,2020-01-08 04:50:00,4.0,998.62,79.3
AWS_001,2020-01-08 05:00:00,4.12,998.52,78.5
AWS_001,2020-01-08 05:10:00,4.47,998.45,76.2
AWS_001,2020-01-08 05:20:00,4.61,998.51,75.4
AWS_001,2020-01-08 05:30:00,4.79,998.67,74.0
AWS_001,2020-01-08 05:40:00,5.02,998.54,72.4
AWS_001,2020-01-08 05:50:00,5.16,998.44,71.2
AWS_001,2020-01-08 06:00:00,5.4,998.35,69.43
AWS_001,2020-01-08 06:10:00,5.52,998.36,68.53
AWS_001,2020-01-08 06:20:00,5.63,998.26,67.78
AWS_001,2020-01-08 06:30:00,5.66,998.15,67.45
AWS_001,2020-01-08 06:40:00,5.61,997.98,68.53
AWS_001,2020-01-08 06:50:00,5.33,997.79,70.7
AWS_001,2020-01-08 07:00:00,5.12,997.78,72.6
AWS_001,2020-01-08 07:10:00,5.12,997.95,72.8
AWS_001,2020-01-08 07:20:00,5.14,998.07,72.9
AWS_001,2020-01-08 07:30:00,5.09,998.1,73.3
AWS_001,2020-01-08 07:40:00,5.22,998.41,72.2
AWS_001,2020-01-08 07:50:00,5.26,998.7,72.1
AWS_001,2020-01-08 08:00:00,5.27,999.02,72.2
AWS_001,2020-01-08 08:10:00,5.31,999.26,72.7
AWS_001,2020-01-08 08:20:00,5.32,999.45,72.6
AWS_001,2020-01-08 08:30:00,5.26,999.27,73.7
AWS_001,2020-01-08 08:40:00,5.24,999.17,74.2
AWS_001,2020-01-08 08:50:00,5.5,999.07,72.8
AWS_001,2020-01-08 09:00:00,5.49,999.02,74.3
AWS_001,2020-01-08 09:10:00,4.9,998.98,79.2
AWS_001,2020-01-08 09:20:00,4.37,998.94,83.9
AWS_001,2020-01-08 09:30:00,4.17,998.85,86.2
AWS_001,2020-01-08 09:40:00,4.13,998.78,86.9
AWS_001,2020-01-08 09:50:00,4.15,998.72,86.7
AWS_001,2020-01-08 10:00:00,4.27,998.74,85.9
AWS_001,2020-01-08 10:10:00,4.39,998.73,84.6
AWS_001,2020-01-08 10:20:00,4.33,998.87,85.9
AWS_001,2020-01-08 10:30:00,4.17,998.93,88.0
AWS_001,2020-01-08 10:40:00,4.08,998.79,89.3
AWS_001,2020-01-08 10:50:00,4.12,998.79,89.2
AWS_001,2020-01-08 11:00:00,4.12,998.89,89.0
AWS_001,2020-01-08 11:10:00,4.14,998.91,89.2
AWS_001,2020-01-08 11:20:00,4.24,998.93,88.8
AWS_001,2020-01-08 11:30:00,4.11,998.67,89.7
AWS_001,2020-01-08 11:40:00,4.2,998.58,90.1
AWS_001,2020-01-08 11:50:00,4.2,998.56,90.4
AWS_001,2020-01-08 12:00:00,4.22,998.7,90.6
AWS_001,2020-01-08 12:10:00,4.33,998.78,91.0
AWS_001,2020-01-08 12:20:00,4.49,998.76,91.6
AWS_001,2020-01-08 12:30:00,4.5,998.82,92.1
AWS_001,2020-01-08 12:40:00,4.48,998.89,92.7
AWS_001,2020-01-08 12:50:00,4.42,998.76,93.3
AWS_001,2020-01-08 13:00:00,4.44,998.58,94.1
AWS_001,2020-01-08 13:10:00,4.59,998.5,94.6
AWS_001,2020-01-08 13:20:00,4.7,998.37,94.6
AWS_001,2020-01-08 13:30:00,4.78,998.25,94.5
AWS_001,2020-01-08 13:40:00,4.88,998.05,94.3
AWS_001,2020-01-08 13:50:00,5.07,998.11,93.5
AWS_001,2020-01-08 14:00:00,5.15,998.11,92.5
AWS_001,2020-01-08 14:10:00,5.28,997.97,91.9
AWS_001,2020-01-08 14:20:00,5.44,997.76,91.2
AWS_001,2020-01-08 14:30:00,5.51,997.84,90.6
AWS_001,2020-01-08 14:40:00,5.57,997.89,90.9
AWS_001,2020-01-08 14:50:00,5.7,997.73,89.8
AWS_001,2020-01-08 15:00:00,5.92,997.73,88.5
AWS_001,2020-01-08 15:10:00,6.18,997.66,86.6
AWS_001,2020-01-08 15:20:00,6.43,997.61,85.0
AWS_001,2020-01-08 15:30:00,6.48,997.77,84.7
AWS_001,2020-01-08 15:40:00,6.43,997.95,85.6
AWS_001,2020-01-08 15:50:00,6.34,998.04,86.0
AWS_001,2020-01-08 16:00:00,6.16,998.22,86.5
AWS_001,2020-01-08 16:10:00,6.22,998.34,86.2
AWS_001,2020-01-08 16:20:00,6.07,998.31,87.8
AWS_001,2020-01-08 16:30:00,6.06,998.31,88.5
AWS_001,2020-01-08 16:40:00,6.05,998.35,87.3
AWS_001,2020-01-08 16:50:00,6.01,998.54,86.8
AWS_001,2020-01-08 17:00:00,6.03,998.48,86.6
AWS_001,2020-01-08 17:10:00,6.01,998.61,87.1
AWS_001,2020-01-08 17:20:00,6.01,998.6,87.4
AWS_001,2020-01-08 17:30:00,5.98,998.6,87.7
AWS_001,2020-01-08 17:40:00,5.95,998.6,87.6
AWS_001,2020-01-08 17:50:00,5.86,998.63,87.2
AWS_001,2020-01-08 18:00:00,5.91,998.69,87.2
AWS_001,2020-01-08 18:10:00,5.88,998.69,87.0
AWS_001,2020-01-08 18:20:00,5.83,998.6,87.6
AWS_001,2020-01-08 18:30:00,5.88,998.59,87.3
AWS_001,2020-01-08 18:40:00,5.79,998.57,87.3
AWS_001,2020-01-08 18:50:00,5.76,998.58,87.5
AWS_001,2020-01-08 19:00:00,5.96,998.66,87.3
AWS_001,2020-01-08 19:10:00,5.99,998.77,86.7
AWS_001,2020-01-08 19:20:00,6.03,998.95,86.6
AWS_001,2020-01-08 19:30:00,6.0,998.92,86.4
AWS_001,2020-01-08 19:40:00,5.97,998.84,86.9
AWS_001,2020-01-08 19:50:00,6.03,998.92,86.8
AWS_001,2020-01-08 20:00:00,5.93,998.98,86.9
AWS_001,2020-01-08 20:10:00,5.94,998.88,87.1
AWS_001,2020-01-08 20:20:00,5.92,998.9,86.7
AWS_001,2020-01-08 20:30:00,5.76,998.95,87.1
AWS_001,2020-01-08 20:40:00,5.77,998.94,87.5
AWS_001,2020-01-08 20:50:00,5.83,998.91,87.3
AWS_001,2020-01-08 21:00:00,5.8,998.87,87.3
AWS_001,2020-01-08 21:10:00,5.81,998.84,87.3
AWS_001,2020-01-08 21:20:00,5.79,998.76,87.5
AWS_001,2020-01-08 21:30:00,5.8,998.73,87.9
AWS_001,2020-01-08 21:40:00,5.78,998.63,87.6
AWS_001,2020-01-08 21:50:00,5.68,998.5,88.1
AWS_001,2020-01-08 22:00:00,5.6,998.5,88.5
AWS_001,2020-01-08 22:10:00,5.61,998.65,88.4
AWS_001,2020-01-08 22:20:00,5.6,998.52,88.7
AWS_001,2020-01-08 22:30:00,5.54,998.45,88.9
AWS_001,2020-01-08 22:40:00,5.54,998.6,89.2
AWS_001,2020-01-08 22:50:00,5.47,998.6,89.9
AWS_001,2020-01-08 23:00:00,5.47,998.62,90.2
AWS_001,2020-01-08 23:10:00,5.45,998.77,90.4
AWS_001,2020-01-08 23:20:00,5.37,998.6,91.1
AWS_001,2020-01-08 23:30:00,5.29,998.65,91.9
AWS_001,2020-01-08 23:40:00,5.27,998.65,92.3
AWS_001,2020-01-08 23:50:00,5.27,998.53,92.5
AWS_001,2020-01-09 00:00:00,5.27,998.55,92.9
AWS_001,2020-01-09 00:10:00,5.21,998.46,93.3
AWS_001,2020-01-09 00:20:00,5.19,998.42,93.7
AWS_001,2020-01-09 00:30:00,5.13,998.3,94.2
AWS_001,2020-01-09 00:40:00,5.07,998.25,94.7
AWS_001,2020-01-09 00:50:00,5.07,998.19,95.1
AWS_001,2020-01-09 01:00:00,5.01,998.09,95.4
AWS_001,2020-01-09 01:10:00,5.07,998.09,95.7
AWS_001,2020-01-09 01:20:00,5.07,998.06,95.8
AWS_001,2020-01-09 01:30:00,5.08,998.03,96.0
AWS_001,2020-01-09 01:40:00,5.12,998.03,96.1
AWS_001,2020-01-09 01:50:00,5.11,997.93,96.1
AWS_001,2020-01-09 02:00:00,5.07,997.89,96.3
AWS_001,2020-01-09 02:10:00,5.13,997.75,96.4
AWS_001,2020-01-09 02:20:00,5.14,997.73,96.5
AWS_001,2020-01-09 02:30:00,5.14,997.57,96.6
AWS_001,2020-01-09 02:40:00,5.19,997.54,96.6
AWS_001,2020-01-09 02:50:00,5.2,997.46,96.7
AWS_001,2020-01-09 03:00:00,5.2,997.48,96.7
AWS_001,2020-01-09 03:10:00,5.22,997.43,96.7
AWS_001,2020-01-09 03:20:00,5.3,997.33,96.7
AWS_001,2020-01-09 03:30:00,5.28,997.25,96.6
AWS_001,2020-01-09 03:40:00,5.27,997.17,96.6
AWS_001,2020-01-09 03:50:00,5.28,997.04,96.6
AWS_001,2020-01-09 04:00:00,5.21,996.93,96.5
AWS_001,2020-01-09 04:10:00,5.25,996.8,96.7
AWS_001,2020-01-09 04:20:00,5.25,996.57,96.6
AWS_001,2020-01-09 04:30:00,5.22,996.53,96.7
AWS_001,2020-01-09 04:40:00,5.27,996.46,96.8
AWS_001,2020-01-09 04:50:00,5.23,996.26,96.8
AWS_001,2020-01-09 05:00:00,5.22,996.06,96.9
AWS_001,2020-01-09 05:10:00,5.21,995.92,96.9
AWS_001,2020-01-09 05:20:00,5.25,995.87,97.0
AWS_001,2020-01-09 05:30:00,5.27,995.8,97.0
AWS_001,2020-01-09 05:40:00,5.36,995.68,97.2
AWS_001,2020-01-09 05:50:00,5.45,995.54,97.2
AWS_001,2020-01-09 06:00:00,5.47,995.37,97.1
AWS_001,2020-01-09 06:10:00,5.49,995.17,97.0
AWS_001,2020-01-09 06:20:00,5.47,994.95,97.0
AWS_001,2020-01-09 06:30:00,5.51,994.88,97.1
AWS_001,2020-01-09 06:40:00,5.62,994.88,97.0
AWS_001,2020-01-09 06:50:00,5.62,994.71,96.7
AWS_001,2020-01-09 07:00:00,5.56,994.53,96.6
AWS_001,2020-01-09 07:10:00,5.55,994.43,96.6
AWS_001,2020-01-09 07:20:00,5.44,994.35,96.5
AWS_001,2020-01-09 07:30:00,5.46,994.19,96.6
AWS_001,2020-01-09 07:40:00,5.54,994.09,96.6
AWS_001,2020-01-09 07:50:00,5.57,993.9,96.5
AWS_001,2020-01-09 08:00:00,5.63,993.88,96.5
AWS_001,2020-01-09 08:10:00,5.59,993.74,96.3
AWS_001,2020-01-09 08:20:00,5.57,993.68,96.4
AWS_001,2020-01-09 08:30:00,5.75,993.59,96.6
AWS_001,2020-01-09 08:40:00,5.85,993.44,96.5
AWS_001,2020-01-09 08:50:00,5.85,993.44,96.2
AWS_001,2020-01-09 09:00:00,5.71,993.42,96.2
AWS_001,2020-01-09 09:10:00,5.84,993.41,96.5
AWS_001,2020-01-09 09:20:00,6.01,993.32,96.6
AWS_001,2020-01-09 09:30:00,6.16,993.29,96.4
AWS_001,2020-01-09 09:40:00,6.21,993.19,96.1
AWS_001,2020-01-09 09:50:00,6.25,993.14,95.9
AWS_001,2020-01-09 10:00:00,6.48,993.06,95.7
AWS_001,2020-01-09 10:10:00,6.62,992.9,94.7
AWS_001,2020-01-09 10:20:00,6.74,992.77,93.9
AWS_001,2020-01-09 10:30:00,6.69,992.63,93.9
AWS_001,2020-01-09 10:40:00,6.72,992.51,94.2
AWS_001,2020-01-09 10:50:00,6.8,992.44,94.0
AWS_001,2020-01-09 11:00:00,6.85,992.34,94.1
AWS_001,2020-01-09 11:10:00,6.88,992.15,94.1
AWS_001,2020-01-09 11:20:00,6.94,992.02,94.3
AWS_001,2020-01-09 11:30:00,7.02,991.84,94.5
AWS_001,2020-01-09 11:40:00,7.15,991.71,94.1
AWS_001,2020-01-09 11:50:00,7.3,991.59,93.5
AWS_001,2020-01-09 12:00:00,7.42,991.53,93.0
AWS_001,2020-01-09 12:10:00,7.48,991.33,92.7
AWS_001,2020-01-09 12:20:00,7.6,991.16,92.4
AWS_001,2020-01-09 12:30:00,7.71,990.9,92.0
AWS_001,2020-01-09 12:40:00,7.74,990.67,92.1
AWS_001,2020-01-09 12:50:00,7.8,990.48,92.3
AWS_001,2020-01-09 13:00:00,7.86,990.21,92.3
AWS_001,2020-01-09 13:10:00,7.85,990.02,92.5
AWS_001,2020-01-09 13:20:00,7.96,989.98,92.5
AWS_001,2020-01-09 13:30:00,8.14,989.92,92.1
AWS_001,2020-01-09 13:40:00,8.37,989.79,91.8
AWS_001,2020-01-09 13:50:00,8.89,989.55,90.8
AWS_001,2020-01-09 14:00:00,9.57,989.36,88.9
AWS_001,2020-01-09 14:10:00,9.89,989.21,87.7
AWS_001,2020-01-09 14:20:00,10.07,989.23,86.7
AWS_001,2020-01-09 14:30:00,10.17,989.24,86.2
AWS_001,2020-01-09 14:40:00,10.23,989.18,85.7
AWS_001,2020-01-09 14:50:00,10.27,989.17,85.4
AWS_001,2020-01-09 15:00:00,10.28,989.12,84.9
AWS_001,2020-01-09 15:10:00,10.18,988.98,85.1
AWS_001,2020-01-09 15:20:00,10.25,988.97,84.7
AWS_001,2020-01-09 15:30:00,10.23,989.0,84.8
AWS_001,2020-01-09 15:40:00,10.21,989.01,84.9
AWS_001,2020-01-09 15:50:00,10.22,988.99,84.6
AWS_001,2020-01-09 16:00:00,10.25,988.95,84.2
AWS_001,2020-01-09 16:10:00,10.21,988.96,84.3
AWS_001,2020-01-09 16:20:00,10.14,988.93,84.5
AWS_001,2020-01-09 16:30:00,10.09,988.81,84.6
AWS_001,2020-01-09 16:40:00,10.08,988.76,84.5
AWS_001,2020-01-09 16:50:00,10.06,988.7,84.7
AWS_001,2020-01-09 17:00:00,10.06,988.63,84.8
AWS_001,2020-01-09 17:10:00,10.01,988.58,84.8
AWS_001,2020-01-09 17:20:00,9.82,988.51,85.6
AWS_001,2020-01-09 17:30:00,9.77,988.5,85.8
AWS_001,2020-01-09 17:40:00,9.72,988.47,85.7
AWS_001,2020-01-09 17:50:00,9.68,988.38,85.7
AWS_001,2020-01-09 18:00:00,9.68,988.39,85.9
AWS_001,2020-01-09 18:10:00,9.66,988.3,86.0
AWS_001,2020-01-09 18:20:00,9.72,988.29,86.2
AWS_001,2020-01-09 18:30:00,9.73,988.27,86.2
AWS_001,2020-01-09 18:40:00,9.74,988.22,86.2
AWS_001,2020-01-09 18:50:00,9.72,988.07,86.2
AWS_001,2020-01-09 19:00:00,9.68,988.0,86.6
AWS_001,2020-01-09 19:10:00,9.67,988.09,86.9
AWS_001,2020-01-09 19:20:00,9.65,988.02,87.1
AWS_001,2020-01-09 19:30:00,9.56,987.95,87.8
AWS_001,2020-01-09 19:40:00,9.45,987.93,88.7
AWS_001,2020-01-09 19:50:00,9.4,987.9,89.4
AWS_001,2020-01-09 20:00:00,9.32,987.84,90.1
AWS_001,2020-01-09 20:10:00,9.24,987.75,91.0
AWS_001,2020-01-09 20:20:00,9.27,987.63,90.9
AWS_001,2020-01-09 20:30:00,9.28,987.62,91.0
AWS_001,2020-01-09 20:40:00,9.34,987.54,90.5
AWS_001,2020-01-09 20:50:00,9.34,987.52,90.3
AWS_001,2020-01-09 21:00:00,9.33,987.53,90.1
AWS_001,2020-01-09 21:10:00,9.26,987.49,90.7
AWS_001,2020-01-09 21:20:00,9.37,987.41,90.7
AWS_001,2020-01-09 21:30:00,9.57,987.29,89.9
AWS_001,2020-01-09 21:40:00,9.76,987.21,89.2
AWS_001,2020-01-09 21:50:00,9.94,987.18,88.4
AWS_001,2020-01-09 22:00:00,10.04,987.17,88.0
AWS_001,2020-01-09 22:10:00,10.1,987.16,87.7
AWS_001,2020-01-09 22:20:00,9.94,987.16,88.4
AWS_001,2020-01-09 22:30:00,9.7,987.09,89.8
AWS_001,2020-01-09 22:40:00,9.59,986.99,90.6
AWS_001,2020-01-09 22:50:00,9.66,986.95,90.4
AWS_001,2020-01-09 23:00:00,9.76,986.92,89.9
AWS_001,2020-01-09 23:10:00,9.86,986.9,88.8
AWS_001,2020-01-09 23:20:00,9.97,986.91,87.4
AWS_001,2020-01-09 23:30:00,10.03,986.88,87.1
AWS_001,2020-01-09 23:40:00,10.04,986.79,87.0
AWS_001,2020-01-09 23:50:00,10.01,986.72,87.1
AWS_001,2020-01-10 00:00:00,10.03,986.72,86.9
AWS_001,2020-01-10 00:10:00,10.08,986.68,86.2
AWS_001,2020-01-10 00:20:00,10.02,986.61,86.1
AWS_001,2020-01-10 00:30:00,10.03,986.62,85.6
AWS_001,2020-01-10 00:40:00,9.99,986.58,85.4
AWS_001,2020-01-10 00:50:00,10.03,986.5,84.4
AWS_001,2020-01-10 01:00:00,9.86,986.58,85.5
AWS_001,2020-01-10 01:10:00,9.94,986.59,84.6
AWS_001,2020-01-10 01:20:00,10.02,986.55,84.4
AWS_001,2020-01-10 01:30:00,9.94,986.44,84.6
AWS_001,2020-01-10 01:40:00,9.57,986.4,86.7
AWS_001,2020-01-10 01:50:00,9.41,986.38,87.6
AWS_001,2020-01-10 02:00:00,9.35,986.28,88.0
AWS_001,2020-01-10 02:10:00,9.47,986.24,87.2
AWS_001,2020-01-10 02:20:00,9.45,986.21,87.1
AWS_001,2020-01-10 02:30:00,9.67,986.42,84.9
AWS_001,2020-01-10 02:40:00,10.14,986.43,80.6
AWS_001,2020-01-10 02:50:00,10.32,986.3,78.5
AWS_001,2020-01-10 03:00:00,10.39,986.56,77.5
AWS_001,2020-01-10 03:10:00,10.3,986.6,77.7
AWS_001,2020-01-10 03:20:00,10.17,986.45,78.0
AWS_001,2020-01-10 03:30:00,10.12,986.37,77.5
AWS_001,2020-01-10 03:40:00,10.19,986.47,76.6
AWS_001,2020-01-10 03:50:00,10.22,986.59,75.9
AWS_001,2020-01-10 04:00:00,10.21,986.72,75.7
AWS_001,2020-01-10 04:10:00,10.14,986.89,76.4
AWS_001,2020-01-10 04:20:00,9.87,986.96,78.6
AWS_001,2020-01-10 04:30:00,9.69,987.02,79.9
AWS_001,2020-01-10 04:40:00,9.46,986.93,81.1
AWS_001,2020-01-10 04:50:00,9.27,986.99,82.1
AWS_001,2020-01-10 05:00:00,9.09,986.99,83.4
AWS_001,2020-01-10 05:10:00,8.95,987.0,84.3
AWS_001,2020-01-10 05:20:00,8.98,987.01,83.5
AWS_001,2020-01-10 05:30:00,8.97,987.1,83.3
AWS_001,2020-01-10 05:40:00,8.84,987.19,84.3
AWS_001,2020-01-10 05:50:00,8.78,987.21,84.4
AWS_001,2020-01-10 06:00:00,8.75,987.19,84.5
AWS_001,2020-01-10 06:10:00,8.82,987.31,83.3
AWS_001,2020-01-10 06:20:00,8.87,987.33,82.4
AWS_001,2020-01-10 06:30:00,8.84,987.57,82.1
AWS_001,2020-01-10 06:40:00,8.9,987.6,81.2
AWS_001,2020-01-10 06:50:00,8.93,987.72,80.7
AWS_001,2020-01-10 07:00:00,8.88,987.86,80.7
AWS_001,2020-01-10 07:10:00,8.88,987.92,80.7
AWS_001,2020-01-10 07:20:00,8.88,987.91,80.5
AWS_001,2020-01-10 07:30:00,8.84,988.02,80.7
AWS_001,2020-01-10 07:40:00,8.75,988.22,81.1
AWS_001,2020-01-10 07:50:00,8.74,988.3,81.1
AWS_001,2020-01-10 08:00:00,8.75,988.38,81.0
AWS_001,2020-01-10 08:10:00,8.91,988.58,79.7
AWS_001,2020-01-10 08:20:00,8.89,988.9,79.7
AWS_001,2020-01-10 08:30:00,8.83,989.09,80.0
AWS_001,2020-01-10 08:40:00,8.79,989.27,80.0
AWS_001,2020-01-10 08:50:00,8.76,989.28,79.7
AWS_001,2020-01-10 09:00:00,8.73,989.28,79.2
AWS_001,2020-01-10 09:10:00,8.62,989.36,79.5
AWS_001,2020-01-10 09:20:00,8.72,989.46,78.0
AWS_001,2020-01-10 09:30:00,8.76,989.67,76.9
AWS_001,2020-01-10 09:40:00,8.82,989.93,75.8
AWS_001,2020-01-10 09:50:00,8.87,990.02,75.3
AWS_001,2020-01-10 10:00:00,8.88,989.97,75.2
AWS_001,2020-01-10 10:10:00,8.94,989.99,74.7
AWS_001,2020-01-10 10:20:00,9.03,989.99,73.3
AWS_001,2020-01-10 10:30:00,9.14,990.12,72.3
AWS_001,2020-01-10 10:40:00,9.19,990.31,72.3
AWS_001,2020-01-10 10:50:00,9.27,990.39,71.6
AWS_001,2020-01-10 11:00:00,9.27,990.4,71.4
AWS_001,2020-01-10 11:10:00,9.21,990.44,72.1
AWS_001,2020-01-10 11:20:00,9.23,990.43,72.2
AWS_001,2020-01-10 11:30:00,9.27,990.42,72.9
AWS_001,2020-01-10 11:40:00,9.21,990.5,73.5
AWS_001,2020-01-10 11:50:00,9.15,990.66,74.1
AWS_001,2020-01-10 12:00:00,9.08,990.75,74.7
AWS_001,2020-01-10 12:10:00,9.01,990.71,75.3
AWS_001,2020-01-10 12:20:00,8.9,990.65,76.4
AWS_001,2020-01-10 12:30:00,8.88,990.6,76.7
AWS_001,2020-01-10 12:40:00,8.93,990.5,76.8
AWS_001,2020-01-10 12:50:00,8.94,990.45,76.8
AWS_001,2020-01-10 13:00:00,8.94,990.4,76.6
AWS_001,2020-01-10 13:10:00,9.0,990.4,76.1
AWS_001,2020-01-10 13:20:00,9.01,990.33,75.3
AWS_001,2020-01-10 13:30:00,8.98,990.36,75.5
AWS_001,2020-01-10 13:40:00,8.99,990.37,75.2
AWS_001,2020-01-10 13:50:00,9.01,990.37,74.9
AWS_001,2020-01-10 14:00:00,9.07,990.47,74.5
AWS_001,2020-01-10 14:10:00,9.1,990.53,73.9
AWS_001,2020-01-10 14:20:00,9.08,990.6,73.9
AWS_001,2020-01-10 14:30:00,9.08,990.73,73.7
AWS_001,2020-01-10 14:40:00,9.11,990.83,73.4
AWS_001,2020-01-10 14:50:00,9.14,990.86,73.1
AWS_001,2020-01-10 15:00:00,9.14,990.97,72.9
AWS_001,2020-01-10 15:10:00,9.13,991.08,73.0
AWS_001,2020-01-10 15:20:00,9.08,991.16,73.2
AWS_001,2020-01-10 15:30:00,9.07,991.28,73.4
AWS_001,2020-01-10 15:40:00,9.02,991.45,73.7
AWS_001,2020-01-10 15:50:00,8.98,991.51,73.9
AWS_001,2020-01-10 16:00:00,8.9,991.46,74.3
AWS_001,2020-01-10 16:10:00,8.88,991.37,74.6
AWS_001,2020-01-10 16:20:00,8.82,991.38,74.8
AWS_001,2020-01-10 16:30:00,8.71,991.49,75.3
AWS_001,2020-01-10 16:40:00,8.67,991.64,75.7
AWS_001,2020-01-10 16:50:00,8.67,991.77,76.1
AWS_001,2020-01-10 17:00:00,8.64,991.98,76.5
AWS_001,2020-01-10 17:10:00,8.58,992.24,77.1
AWS_001,2020-01-10 17:20:00,8.37,992.7,79.4
AWS_001,2020-01-10 17:30:00,7.67,992.8,83.1
AWS_001,2020-01-10 17:40:00,7.23,992.93,83.4
AWS_001,2020-01-10 17:50:00,6.96,993.09,85.1
AWS_001,2020-01-10 18:00:00,6.86,993.23,85.7
AWS_001,2020-01-10 18:10:00,6.78,993.31,85.5
AWS_001,2020-01-10 18:20:00,6.67,993.56,85.6
AWS_001,2020-01-10 18:30:00,6.62,993.76,85.4
AWS_001,2020-01-10 18:40:00,6.63,994.08,85.2
AWS_001,2020-01-10 18:50:00,6.73,994.33,84.4
AWS_001,2020-01-10 19:00:00,6.72,994.61,84.4
AWS_001,2020-01-10 19:10:00,6.73,994.74,85.0
AWS_001,2020-01-10 19:20:00,6.83,994.97,84.3
AWS_001,2020-01-10 19:30:00,6.85,995.08,83.7
AWS_001,2020-01-10 19:40:00,6.82,995.29,83.6
AWS_001,2020-01-10 19:50:00,6.83,995.45,83.7
AWS_001,2020-01-10 20:00:00,6.81,995.6,83.9
AWS_001,2020-01-10 20:10:00,6.78,995.83,83.6
AWS_001,2020-01-10 20:20:00,6.71,995.94,83.9
AWS_001,2020-01-10 20:30:00,6.72,996.13,83.5
AWS_001,2020-01-10 20:40:00,6.7,996.41,83.4
AWS_001,2020-01-10 20:50:00,6.28,996.6,82.3
AWS_001,2020-01-10 21:00:00,6.0,996.65,78.8
AWS_001,2020-01-10 21:10:00,5.78,996.79,78.7
AWS_001,2020-01-10 21:20:00,5.53,997.05,79.0
AWS_001,2020-01-10 21:30:00,5.37,997.17,79.8
AWS_001,2020-01-10 21:40:00,5.23,997.33,82.0
AWS_001,2020-01-10 21:50:00,5.12,997.6,82.5
AWS_001,2020-01-10 22:00:00,5.02,997.88,82.5
AWS_001,2020-01-10 22:10:00,5.0,998.2,82.4
AWS_001,2020-01-10 22:20:00,5.02,998.38,82.3
AWS_001,2020-01-10 22:30:00,5.02,998.48,81.5
AWS_001,2020-01-10 22:40:00,5.09,998.69,79.6
AWS_001,2020-01-10 22:50:00,5.06,999.03,79.9
AWS_001,2020-01-10 23:00:00,4.72,999.36,82.6
AWS_001,2020-01-10 23:10:00,4.38,999.58,84.7
AWS_001,2020-01-10 23:20:00,4.33,999.87,84.4
AWS_001,2020-01-10 23:30:00,4.25,1000.01,82.1
AWS_001,2020-01-10 23:40:00,4.13,1000.23,79.3
AWS_001,2020-01-10 23:50:00,4.09,1000.45,78.5
AWS_001,2020-01-11 00:00:00,4.15,1000.6,77.7
AWS_001,2020-01-11 00:10:00,4.14,1000.67,76.8
AWS_001,2020-01-11 00:20:00,4.25,1000.78,74.4
AWS_001,2020-01-11 00:30:00,4.42,1001.01,72.9
AWS_001,2020-01-11 00:40:00,4.48,1001.13,73.2
AWS_001,2020-01-11 00:50:00,4.43,1001.29,74.3
AWS_001,2020-01-11 01:00:00,4.36,1001.45,74.6
AWS_001,2020-01-11 01:10:00,4.33,1001.54,75.3
AWS_001,2020-01-11 01:20:00,4.27,1001.58,76.0
AWS_001,2020-01-11 01:30:00,4.27,1001.68,76.0
AWS_001,2020-01-11 01:40:00,4.3,1001.88,74.7
AWS_001,2020-01-11 01:50:00,4.3,1001.97,74.2
AWS_001,2020-01-11 02:00:00,4.25,1002.1,74.6
AWS_001,2020-01-11 02:10:00,4.21,1002.21,74.7
AWS_001,2020-01-11 02:20:00,4.24,1002.35,74.4
AWS_001,2020-01-11 02:30:00,4.17,1002.54,75.4
AWS_001,2020-01-11 02:40:00,4.08,1002.7,77.4
AWS_001,2020-01-11 02:50:00,3.87,1002.75,79.7
AWS_001,2020-01-11 03:00:00,3.58,1002.81,81.8
AWS_001,2020-01-11 03:10:00,3.49,1002.89,82.5
AWS_001,2020-01-11 03:20:00,3.42,1002.96,83.0
AWS_001,2020-01-11 03:30:00,3.39,1003.02,83.8
AWS_001,2020-01-11 03:40:00,3.34,1003.14,84.3
AWS_001,2020-01-11 03:50:00,3.38,1003.27,83.9
AWS_001,2020-01-11 04:00:00,3.28,1003.27,84.5
AWS_001,2020-01-11 04:10:00,3.2,1003.34,85.9
AWS_001,2020-01-11 04:20:00,3.14,1003.32,86.5
AWS_001,2020-01-11 04:30:00,3.12,1003.37,86.4
AWS_001,2020-01-11 04:40:00,3.13,1003.47,86.2
AWS_001,2020-01-11 04:50:00,3.2,1003.5,85.4
AWS_001,2020-01-11 05:00:00,3.3,1003.48,84.3
AWS_001,2020-01-11 05:10:00,3.33,1003.51,83.4
AWS_001,2020-01-11 05:20:00,3.38,1003.58,82.0
AWS_001,2020-01-11 05:30:00,3.51,1003.7,80.5
AWS_001,2020-01-11 05:40:00,3.64,1003.86,79.2
AWS_001,2020-01-11 05:50:00,3.74,1004.01,78.5
AWS_001,2020-01-11 06:00:00,3.74,1004.23,78.6
AWS_001,2020-01-11 06:10:00,3.76,1004.48,78.5
AWS_001,2020-01-11 06:20:00,3.74,1004.63,78.5
AWS_001,2020-01-11 06:30:00,3.8,1004.79,77.8
AWS_001,2020-01-11 06:40:00,3.79,1004.87,77.3
AWS_001,2020-01-11 06:50:00,3.79,1004.95,76.9
AWS_001,2020-01-11 07:00:00,3.74,1005.04,76.9
AWS_001,2020-01-11 07:10:00,3.74,1005.11,76.8
AWS_001,2020-01-11 07:20:00,3.72,1005.09,76.5
AWS_001,2020-01-11 07:30:00,3.68,1005.1,76.2
AWS_001,2020-01-11 07:40:00,3.6,1005.13,75.9
AWS_001,2020-01-11 07:50:00,3.47,1005.14,75.7
AWS_001,2020-01-11 08:00:00,3.3,1005.13,75.9
AWS_001,2020-01-11 08:10:00,3.16,1005.1,76.6
AWS_001,2020-01-11 08:20:00,3.08,1005.19,76.7
AWS_001,2020-01-11 08:30:00,3.07,1005.26,76.4
AWS_001,2020-01-11 08:40:00,3.16,1005.35,75.2
AWS_001,2020-01-11 08:50:00,3.26,1005.48,74.7
AWS_001,2020-01-11 09:00:00,3.41,1005.7,74.4
AWS_001,2020-01-11 09:10:00,3.53,1005.74,74.3
AWS_001,2020-01-11 09:20:00,3.65,1005.89,74.0
AWS_001,2020-01-11 09:30:00,3.71,1006.08,74.0
AWS_001,2020-01-11 09:40:00,3.7,1006.07,74.4
AWS_001,2020-01-11 09:50:00,3.68,1006.19,75.1
AWS_001,2020-01-11 10:00:00,3.83,1006.18,74.9
AWS_001,2020-01-11 10:10:00,3.92,1006.38,74.6
AWS_001,2020-01-11 10:20:00,4.0,1006.45,74.8
AWS_001,2020-01-11 10:30:00,3.99,1006.48,75.0
AWS_001,2020-01-11 10:40:00,4.03,1006.64,74.4
AWS_001,2020-01-11 10:50:00,4.34,1006.83,73.9
AWS_001,2020-01-11 11:00:00,4.54,1007.01,73.2
AWS_001,2020-01-11 11:10:00,4.86,1007.21,70.4
AWS_001,2020-01-11 11:20:00,4.83,1006.86,67.92
AWS_001,2020-01-11 11:30:00,4.88,1006.64,67.93
AWS_001,2020-01-11 11:40:00,5.01,1006.63,66.71
AWS_001,2020-01-11 11:50:00,5.0,1006.73,66.41
AWS_001,2020-01-11 12:00:00,5.08,1006.75,66.68
AWS_001,2020-01-11 12:10:00,4.91,1006.68,66.86
AWS_001,2020-01-11 12:20:00,4.74,1006.42,64.81
AWS_001,2020-01-11 12:30:00,5.04,1006.22,63.56
AWS_001,2020-01-11 12:40:00,5.5,1006.03,62.47
AWS_001,2020-01-11 12:50:00,5.06,1005.91,63.55
AWS_001,2020-01-11 13:00:00,5.3,1005.7,63.64
AWS_001,2020-01-11 13:10:00,5.69,1005.57,60.16
AWS_001,2020-01-11 13:20:00,5.46,1005.49,61.27
AWS_001,2020-01-11 13:30:00,5.68,1005.38,61.62
AWS_001,2020-01-11 13:40:00,5.83,1005.21,61.54
AWS_001,2020-01-11 13:50:00,5.59,1005.1,61.14
AWS_001,2020-01-11 14:00:00,5.48,1004.98,61.53
AWS_001,2020-01-11 14:10:00,5.42,1004.87,61.79
AWS_001,2020-01-11 14:20:00,5.41,1004.91,61.74
AWS_001,2020-01-11 14:30:00,5.38,1005.03,61.63
AWS_001,2020-01-11 14:40:00,5.37,1004.98,61.49
AWS_001,2020-01-11 14:50:00,5.38,1004.98,61.75
AWS_001,2020-01-11 15:00:00,5.48,1004.99,62.13
AWS_001,2020-01-11 15:10:00,5.59,1004.81,61.45
AWS_001,2020-01-11 15:20:00,5.47,1004.59,61.55
AWS_001,2020-01-11 15:30:00,5.35,1004.48,61.96
AWS_001,2020-01-11 15:40:00,5.16,1004.41,63.44
AWS_001,2020-01-11 15:50:00,4.89,1004.29,64.78
AWS_001,2020-01-11 16:00:00,4.59,1004.23,65.46
AWS_001,2020-01-11 16:10:00,4.33,1004.13,66.74
AWS_001,2020-01-11 16:20:00,4.06,1004.15,67.85
AWS_001,2020-01-11 16:30:00,3.93,1004.06,68.39
AWS_001,2020-01-11 16:40:00,3.79,1004.02,68.99
AWS_001,2020-01-11 16:50:00,3.58,1004.03,69.87
AWS_001,2020-01-11 17:00:00,3.34,1004.04,70.8
AWS_001,2020-01-11 17:10:00,3.18,1004.06,71.4
AWS_001,2020-01-11 17:20:00,2.92,1003.99,72.6
AWS_001,2020-01-11 17:30:00,2.69,1003.98,73.5
AWS_001,2020-01-11 17:40:00,2.64,1003.96,73.7
AWS_001,2020-01-11 17:50:00,2.45,1003.97,74.6
AWS_001,2020-01-11 18:00:00,2.33,1003.95,75.0
AWS_001,2020-01-11 18:10:00,2.3,1004.04,75.0
AWS_001,2020-01-11 18:20:00,2.17,1004.02,75.5
AWS_001,2020-01-11 18:30:00,1.96,1003.95,76.5
AWS_001,2020-01-11 18:40:00,1.94,1003.9,76.4
AWS_001,2020-01-11 18:50:00,1.81,1003.81,77.0
AWS_001,2020-01-11 19:00:00,1.85,1003.82,76.8
AWS_001,2020-01-11 19:10:00,1.88,1003.77,76.5
AWS_001,2020-01-11 19:20:00,1.67,1003.76,77.7
AWS_001,2020-01-11 19:30:00,1.51,1003.67,78.4
AWS_001,2020-01-11 19:40:00,1.47,1003.58,78.8
AWS_001,2020-01-11 19:50:00,1.45,1003.54,78.9
AWS_001,2020-01-11 20:00:00,1.48,1003.64,78.6
AWS_001,2020-01-11 20:10:00,1.53,1003.66,78.2
AWS_001,2020-01-11 20:20:00,1.5,1003.72,78.0
AWS_001,2020-01-11 20:30:00,1.4,1003.68,78.4
AWS_001,2020-01-11 20:40:00,1.34,1003.64,78.7
AWS_001,2020-01-11 20:50:00,1.29,1003.41,78.8
AWS_001,2020-01-11 21:00:00,1.28,1003.36,78.7
AWS_001,2020-01-11 21:10:00,1.35,1003.23,78.1
AWS_001,2020-01-11 21:20:00,1.34,1003.12,77.9
AWS_001,2020-01-11 21:30:00,1.16,1003.02,78.7
AWS_001,2020-01-11 21:40:00,0.87,1002.96,80.0
AWS_001,2020-01-11 21:50:00,0.72,1002.82,80.9
AWS_001,2020-01-11 22:00:00,0.65,1002.71,81.2
AWS_001,2020-01-11 22:10:00,0.6,1002.63,81.6
AWS_001,2020-01-11 22:20:00,0.6,1002.59,81.6
AWS_001,2020-01-11 22:30:00,0.6,1002.56,81.5
AWS_001,2020-01-11 22:40:00,0.6,1002.43,81.3
AWS_001,2020-01-11 22:50:00,0.48,1002.34,81.9
AWS_001,2020-01-11 23:00:00,0.5,1002.33,81.9
AWS_001,2020-01-11 23:10:00,0.39,1002.36,82.3
AWS_001,2020-01-11 23:20:00,0.32,1002.28,82.8
AWS_001,2020-01-11 23:30:00,0.27,1002.18,83.0
AWS_001,2020-01-11 23:40:00,0.09,1001.95,83.7
AWS_001,2020-01-11 23:50:00,-0.13,1001.85,84.9
AWS_001,2020-01-12 00:00:00,-0.24,1001.69,85.4
AWS_001,2020-01-12 00:10:00,-0.09,1001.64,85.3
AWS_001,2020-01-12 00:20:00,0.15,1001.49,83.7
AWS_001,2020-01-12 00:30:00,0.11,1001.3,83.6
AWS_001,2020-01-12 00:40:00,0.08,1001.25,84.1
AWS_001,2020-01-12 00:50:00,0.07,1001.15,83.5
AWS_001,2020-01-12 01:00:00,0.02,1001.01,83.7
AWS_001,2020-01-12 01:10:00,0.08,1000.89,83.2
AWS_001,2020-01-12 01:20:00,0.04,1000.72,83.4
AWS_001,2020-01-12 01:30:00,0.14,1000.76,83.2
AWS_001,2020-01-12 01:40:00,0.35,1000.8,82.2
AWS_001,2020-01-12 01:50:00,0.56,1000.72,81.3
AWS_001,2020-01-12 02:00:00,0.67,1000.71,80.6
AWS_001,2020-01-12 02:10:00,0.66,1000.67,80.7
AWS_001,2020-01-12 02:20:00,0.53,1000.52,81.3
AWS_001,2020-01-12 02:30:00,0.51,1000.26,81.6
AWS_001,2020-01-12 02:40:00,0.46,1000.25,81.7
AWS_001,2020-01-12 02:50:00,0.41,1000.26,82.1
AWS_001,2020-01-12 03:00:00,0.23,1000.16,82.5
AWS_001,2020-01-12 03:10:00,0.05,1000.01,83.4
AWS_001,2020-01-12 03:20:00,0.01,999.88,83.6
AWS_001,2020-01-12 03:30:00,-0.04,999.73,84.1
AWS_001,2020-01-12 03:40:00,-0.04,999.64,84.2
AWS_001,2020-01-12 03:50:00,0.02,999.7,84.0
AWS_001,2020-01-12 04:00:00,0.11,999.58,83.3
AWS_001,2020-01-12 04:10:00,-0.13,999.55,84.3
AWS_001,2020-01-12 04:20:00,0.07,999.57,84.1
AWS_001,2020-01-12 04:30:00,0.27,999.52,83.3
AWS_001,2020-01-12 04:40:00,0.3,999.51,82.8
AWS_001,2020-01-12 04:50:00,0.31,999.46,82.9
AWS_001,2020-01-12 05:00:00,0.46,999.37,82.5
AWS_001,2020-01-12 05:10:00,0.45,999.29,82.3
AWS_001,2020-01-12 05:20:00,0.44,999.17,82.5
AWS_001,2020-01-12 05:30:00,0.37,999.13,82.7
AWS_001,2020-01-12 05:40:00,0.28,999.11,83.1
AWS_001,2020-01-12 05:50:00,0.24,999.02,83.3
AWS_001,2020-01-12 06:00:00,0.26,998.92,83.3
AWS_001,2020-01-12 06:10:00,0.39,998.85,83.0
AWS_001,2020-01-12 06:20:00,0.43,998.8,82.6
AWS_001,2020-01-12 06:30:00,0.42,998.77,82.6
AWS_001,2020-01-12 06:40:00,0.45,998.64,82.8
AWS_001,2020-01-12 06:50:00,0.46,998.63,82.9
AWS_001,2020-01-12 07:00:00,0.62,998.69,82.5
AWS_001,2020-01-12 07:10:00,0.58,998.54,82.5
AWS_001,2020-01-12 07:20:00,0.46,998.55,83.1
AWS_001,2020-01-12 07:30:00,0.53,998.52,83.3
AWS_001,2020-01-12 07:40:00,0.65,998.58,82.9
AWS_001,2020-01-12 07:50:00,0.58,998.5,83.0
AWS_001,2020-01-12 08:00:00,0.45,998.32,83.5
AWS_001,2020-01-12 08:10:00,0.28,998.3,84.5
AWS_001,2020-01-12 08:20:00,0.25,998.23,84.6
AWS_001,2020-01-12 08:30:00,0.19,998.17,85.1
AWS_001,2020-01-12 08:40:00,0.23,998.12,85.0
AWS_001,2020-01-12 08:50:00,0.51,998.1,84.5
AWS_001,2020-01-12 09:00:00,0.89,998.0,82.8
AWS_001,2020-01-12 09:10:00,1.0,997.92,82.5
AWS_001,2020-01-12 09:20:00,1.08,997.78,82.6
AWS_001,2020-01-12 09:30:00,1.42,997.82,81.8
AWS_001,2020-01-12 09:40:00,1.79,997.83,80.4
AWS_001,2020-01-12 09:50:00,1.94,997.72,79.9
AWS_001,2020-01-12 10:00:00,1.94,997.72,80.0
AWS_001,2020-01-12 10:10:00,2.03,997.69,80.2
AWS_001,2020-01-12 10:20:00,2.39,997.64,79.2
AWS_001,2020-01-12 10:30:00,2.71,997.54,78.1
AWS_001,2020-01-12 10:40:00,2.95,997.41,77.1
AWS_001,2020-01-12 10:50:00,3.32,997.33,75.5
AWS_001,2020-01-12 11:00:00,3.64,997.22,75.0
AWS_001,2020-01-12 11:10:00,3.95,997.0,73.6
AWS_001,2020-01-12 11:20:00,4.31,996.71,72.7
AWS_001,2020-01-12 11:30:00,4.51,996.43,71.7
AWS_001,2020-01-12 11:40:00,4.48,996.25,71.6
AWS_001,2020-01-12 11:50:00,4.82,995.93,70.1
AWS_001,2020-01-12 12:00:00,5.29,995.91,67.36
AWS_001,2020-01-12 12:10:00,5.47,995.88,66.1
AWS_001,2020-01-12 12:20:00,5.53,995.97,65.43
AWS_001,2020-01-12 12:30:00,5.66,995.83,65.19
AWS_001,2020-01-12 12:40:00,5.08,995.72,66.37
AWS_001,2020-01-12 12:50:00,4.67,995.79,67.41
AWS_001,2020-01-12 13:00:00,4.5,995.74,67.94
AWS_001,2020-01-12 13:10:00,4.33,995.67,68.48
AWS_001,2020-01-12 13:20:00,4.29,995.72,68.91
AWS_001,2020-01-12 13:30:00,4.19,995.65,68.83
AWS_001,2020-01-12 13:40:00,4.13,995.59,68.3
AWS_001,2020-01-12 13:50:00,4.13,995.46,65.69
AWS_001,2020-01-12 14:00:00,3.96,995.64,66.37
AWS_001,2020-01-12 14:10:00,3.77,995.77,67.43
AWS_001,2020-01-12 14:20:00,3.67,995.95,68.09
AWS_001,2020-01-12 14:30:00,3.65,995.94,67.74
AWS_001,2020-01-12 14:40:00,3.6,995.92,68.14
AWS_001,2020-01-12 14:50:00,3.42,995.83,68.65
AWS_001,2020-01-12 15:00:00,3.33,995.96,69.38
AWS_001,2020-01-12 15:10:00,3.21,995.86,69.94
AWS_001,2020-01-12 15:20:00,3.25,996.08,69.71
AWS_001,2020-01-12 15:30:00,3.6,996.07,68.85
AWS_001,2020-01-12 15:40:00,3.53,995.99,69.24
AWS_001,2020-01-12 15:50:00,3.21,996.02,70.0
AWS_001,2020-01-12 16:00:00,2.93,996.12,72.2
AWS_001,2020-01-12 16:10:00,2.8,996.03,72.1
AWS_001,2020-01-12 16:20:00,2.72,995.94,71.9
AWS_001,2020-01-12 16:30:00,2.59,995.96,72.1
AWS_001,2020-01-12 16:40:00,2.46,995.86,72.7
AWS_001,2020-01-12 16:50:00,2.44,995.81,73.4
AWS_001,2020-01-12 17:00:00,2.49,995.83,73.6
AWS_001,2020-01-12 17:10:00,2.62,995.82,73.4
AWS_001,2020-01-12 17:20:00,2.6,995.67,73.4
AWS_001,2020-01-12 17:30:00,2.53,995.72,73.9
AWS_001,2020-01-12 17:40:00,2.52,995.9,74.5
AWS_001,2020-01-12 17:50:00,2.67,996.19,74.4
AWS_001,2020-01-12 18:00:00,2.74,996.34,74.3
AWS_001,2020-01-12 18:10:00,2.81,996.28,74.6
AWS_001,2020-01-12 18:20:00,2.94,996.29,74.9
AWS_001,2020-01-12 18:30:00,3.0,996.27,75.0
AWS_001,2020-01-12 18:40:00,3.19,996.3,75.9
AWS_001,2020-01-12 18:50:00,3.38,996.2,75.9
AWS_001,2020-01-12 19:00:00,3.39,996.22,76.2
AWS_001,2020-01-12 19:10:00,3.47,996.37,76.3
AWS_001,2020-01-12 19:20:00,3.38,996.43,78.3
AWS_001,2020-01-12 19:30:00,3.22,996.47,80.2
AWS_001,2020-01-12 19:40:00,3.47,996.49,78.8
AWS_001,2020-01-12 19:50:00,3.65,996.49,77.7
AWS_001,2020-01-12 20:00:00,3.86,996.43,76.2
AWS_001,2020-01-12 20:10:00,3.94,996.65,75.7
AWS_001,2020-01-12 20:20:00,4.0,996.81,75.8
AWS_001,2020-01-12 20:30:00,4.12,996.53,75.5
AWS_001,2020-01-12 20:40:00,4.21,996.6,75.7
AWS_001,2020-01-12 20:50:00,4.16,996.67,76.0
AWS_001,2020-01-12 21:00:00,4.08,996.6,76.3
AWS_001,2020-01-12 21:10:00,4.03,996.4,76.6
AWS_001,2020-01-12 21:20:00,3.95,996.38,76.9
AWS_001,2020-01-12 21:30:00,3.82,996.44,77.4
AWS_001,2020-01-12 21:40:00,3.8,996.74,77.7
AWS_001,2020-01-12 21:50:00,3.79,996.86,77.8
AWS_001,2020-01-12 22:00:00,3.6,996.9,78.4
AWS_001,2020-01-12 22:10:00,3.54,996.84,78.9
AWS_001,2020-01-12 22:20:00,3.56,996.74,79.4
AWS_001,2020-01-12 22:30:00,3.62,996.66,79.4
AWS_001,2020-01-12 22:40:00,3.5,996.5,79.9
AWS_001,2020-01-12 22:50:00,3.45,996.47,80.3
AWS_001,2020-01-12 23:00:00,3.46,996.72,80.5
AWS_001,2020-01-12 23:10:00,3.38,997.07,81.0
AWS_001,2020-01-12 23:20:00,3.34,997.19,81.5
AWS_001,2020-01-12 23:30:00,3.38,997.28,81.4
AWS_001,2020-01-12 23:40:00,3.25,997.29,81.8
AWS_001,2020-01-12 23:50:00,3.0,997.36,82.5
AWS_001,2020-01-13 00:00:00,2.71,997.35,83.2
AWS_001,2020-01-13 00:10:00,2.51,997.27,84.2
AWS_001,2020-01-13 00:20:00,2.41,997.25,84.9
AWS_001,2020-01-13 00:30:00,2.47,997.31,85.1
AWS_001,2020-01-13 00:40:00,2.75,997.28,85.3
AWS_001,2020-01-13 00:50:00,3.0,997.2,84.2
AWS_001,2020-01-13 01:00:00,3.09,997.09,84.3
AWS_001,2020-01-13 01:10:00,3.13,997.1,84.3
AWS_001,2020-01-13 01:20:00,3.14,997.12,84.4
AWS_001,2020-01-13 01:30:00,3.21,997.13,84.5
AWS_001,2020-01-13 01:40:00,3.44,997.2,84.0
AWS_001,2020-01-13 01:50:00,3.49,997.21,83.8
AWS_001,2020-01-13 02:00:00,3.25,997.17,84.4
AWS_001,2020-01-13 02:10:00,3.3,997.21,84.7
AWS_001,2020-01-13 02:20:00,3.3,997.23,84.4
AWS_001,2020-01-13 02:30:00,3.18,997.27,85.0
AWS_001,2020-01-13 02:40:00,3.09,997.24,85.1
AWS_001,2020-01-13 02:50:00,2.9,997.18,86.3
AWS_001,2020-01-13 03:00:00,3.15,997.13,85.9
AWS_001,2020-01-13 03:10:00,3.4,997.07,86.2
AWS_001,2020-01-13 03:20:00,3.96,997.05,84.7
AWS_001,2020-01-13 03:30:00,4.35,997.04,83.5
AWS_001,2020-01-13 03:40:00,4.72,997.08,82.0
AWS_001,2020-01-13 03:50:00,4.82,997.06,81.1
AWS_001,2020-01-13 04:00:00,4.31,997.03,81.9
AWS_001,2020-01-13 04:10:00,3.76,997.06,84.0
AWS_001,2020-01-13 04:20:00,3.41,997.11,85.4
AWS_001,2020-01-13 04:30:00,3.34,997.13,86.1
AWS_001,2020-01-13 04:40:00,3.24,997.03,86.0
AWS_001,2020-01-13 04:50:00,2.94,996.82,86.8
AWS_001,2020-01-13 05:00:00,2.89,996.79,87.5
AWS_001,2020-01-13 05:10:00,3.02,996.86,87.3
AWS_001,2020-01-13 05:20:00,3.24,996.88,86.9
AWS_001,2020-01-13 05:30:00,3.45,996.88,86.0
AWS_001,2020-01-13 05:40:00,3.44,996.82,85.9
AWS_001,2020-01-13 05:50:00,3.38,996.72,86.0
AWS_001,2020-01-13 06:00:00,3.35,996.65,86.3
AWS_001,2020-01-13 06:10:00,3.24,996.69,86.4
AWS_001,2020-01-13 06:20:00,3.2,996.71,87.0
AWS_001,2020-01-13 06:30:00,3.2,996.74,86.9
AWS_001,2020-01-13 06:40:00,3.18,996.74,86.7
AWS_001,2020-01-13 06:50:00,3.19,996.69,86.7
AWS_001,2020-01-13 07:00:00,3.06,996.65,86.8
AWS_001,2020-01-13 07:10:00,3.04,996.62,87.2
AWS_001,2020-01-13 07:20:00,3.15,996.57,86.9
AWS_001,2020-01-13 07:30:00,3.32,996.49,86.2
AWS_001,2020-01-13 07:40:00,3.33,996.55,86.1
AWS_001,2020-01-13 07:50:00,3.34,996.46,86.3
AWS_001,2020-01-13 08:00:00,3.35,996.48,86.3
AWS_001,2020-01-13 08:10:00,3.17,996.45,86.8
AWS_001,2020-01-13 08:20:00,3.14,996.45,87.4
AWS_001,2020-01-13 08:30:00,3.2,996.45,87.3
AWS_001,2020-01-13 08:40:00,3.26,996.47,87.0
AWS_001,2020-01-13 08:50:00,3.42,996.4,87.2
AWS_001,2020-01-13 09:00:00,3.95,996.34,85.9
AWS_001,2020-01-13 09:10:00,4.26,996.28,84.5
AWS_001,2020-01-13 09:20:00,4.33,996.19,84.1
AWS_001,2020-01-13 09:30:00,4.27,996.24,84.0
AWS_001,2020-01-13 09:40:00,4.19,996.25,84.1
AWS_001,2020-01-13 09:50:00,3.88,996.23,84.6
AWS_001,2020-01-13 10:00:00,3.86,996.21,85.0
AWS_001,2020-01-13 10:10:00,3.92,996.24,85.0
AWS_001,2020-01-13 10:20:00,4.06,996.24,84.8
AWS_001,2020-01-13 10:30:00,4.15,996.18,84.9
AWS_001,2020-01-13 10:40:00,4.31,996.15,84.7
AWS_001,2020-01-13 10:50:00,4.56,996.13,83.9
AWS_001,2020-01-13 11:00:00,4.82,995.99,82.7
AWS_001,2020-01-13 11:10:00,4.99,995.78,81.5
AWS_001,2020-01-13 11:20:00,5.0,995.76,80.9
AWS_001,2020-01-13 11:30:00,4.96,995.76,81.7
AWS_001,2020-01-13 11:40:00,5.03,995.59,82.0
AWS_001,2020-01-13 11:50:00,5.15,995.48,81.2
AWS_001,2020-01-13 12:00:00,5.18,995.33,80.9
AWS_001,2020-01-13 12:10:00,5.24,995.2,81.1
AWS_001,2020-01-13 12:20:00,5.26,995.13,80.9
AWS_001,2020-01-13 12:30:00,5.27,994.97,80.8
AWS_001,2020-01-13 12:40:00,5.28,994.86,80.5
AWS_001,2020-01-13 12:50:00,5.22,994.68,80.8
AWS_001,2020-01-13 13:00:00,5.25,994.59,80.7
AWS_001,2020-01-13 13:10:00,5.24,994.62,80.4
AWS_001,2020-01-13 13:20:00,5.26,994.44,80.4
AWS_001,2020-01-13 13:30:00,5.26,994.22,80.6
AWS_001,2020-01-13 13:40:00,5.39,994.1,80.3
AWS_001,2020-01-13 13:50:00,5.34,993.97,80.4
AWS_001,2020-01-13 14:00:00,5.27,993.84,80.9
AWS_001,2020-01-13 14:10:00,5.33,993.73,80.9
AWS_001,2020-01-13 14:20:00,5.28,993.57,80.9
AWS_001,2020-01-13 14:30:00,5.11,993.39,81.5
AWS_001,2020-01-13 14:40:00,5.02,993.26,81.9
AWS_001,2020-01-13 14:50:00,4.9,993.19,82.2
AWS_001,2020-01-13 15:00:00,4.83,993.23,82.4
AWS_001,2020-01-13 15:10:00,4.72,993.12,82.7
AWS_001,2020-01-13 15:20:00,4.56,992.94,83.4
AWS_001,2020-01-13 15:30:00,4.49,992.77,83.7
AWS_001,2020-01-13 15:40:00,4.41,992.69,83.8
AWS_001,2020-01-13 15:50:00,4.33,992.6,84.4
AWS_001,2020-01-13 16:00:00,4.26,992.48,84.8
AWS_001,2020-01-13 16:10:00,4.21,992.45,84.9
AWS_001,2020-01-13 16:20:00,4.14,992.36,85.3
AWS_001,2020-01-13 16:30:00,4.13,992.27,85.1
AWS_001,2020-01-13 16:40:00,4.13,992.19,84.7
AWS_001,2020-01-13 16:50:00,4.19,992.06,84.3
AWS_001,2020-01-13 17:00:00,4.19,991.93,84.3
AWS_001,2020-01-13 17:10:00,4.27,991.86,84.2
AWS_001,2020-01-13 17:20:00,4.33,991.9,84.0
AWS_001,2020-01-13 17:30:00,4.34,991.82,84.1
AWS_001,2020-01-13 17:40:00,4.43,991.95,83.9
AWS_001,2020-01-13 17:50:00,4.47,992.09,83.5
AWS_001,2020-01-13 18:00:00,4.48,992.11,83.4
AWS_001,2020-01-13 18:10:00,4.54,992.11,83.0
AWS_001,2020-01-13 18:20:00,4.59,992.27,82.3
AWS_001,2020-01-13 18:30:00,4.61,992.28,81.9
AWS_001,2020-01-13 18:40:00,4.69,992.08,81.5
AWS_001,2020-01-13 18:50:00,4.64,991.92,81.7
AWS_001,2020-01-13 19:00:00,4.6,991.71,82.0
AWS_001,2020-01-13 19:10:00,4.6,991.78,82.2
AWS_001,2020-01-13 19:20:00,4.6,991.83,82.1
AWS_001,2020-01-13 19:30:00,4.57,991.74,82.3
AWS_001,2020-01-13 19:40:00,4.46,991.54,83.2
AWS_001,2020-01-13 19:50:00,4.4,991.47,83.6
AWS_001,2020-01-13 20:00:00,4.41,991.43,83.8
AWS_001,2020-01-13 20:10:00,4.46,991.28,83.9
AWS_001,2020-01-13 20:20:00,4.38,991.1,84.2
AWS_001,2020-01-13 20:30:00,4.34,991.08,84.5
AWS_001,2020-01-13 20:40:00,4.27,991.09,85.0
AWS_001,2020-01-13 20:50:00,4.21,991.12,85.3
AWS_001,2020-01-13 21:00:00,4.18,990.83,85.4
AWS_001,2020-01-13 21:10:00,4.05,990.53,86.0
AWS_001,2020-01-13 21:20:00,4.06,990.46,86.3
AWS_001,2020-01-13 21:30:00,3.97,990.47,86.6
AWS_001,2020-01-13 21:40:00,3.82,990.15,87.2
AWS_001,2020-01-13 21:50:00,3.71,990.11,87.7
AWS_001,2020-01-13 22:00:00,3.59,990.02,88.1
AWS_001,2020-01-13 22:10:00,3.57,989.91,88.3
AWS_001,2020-01-13 22:20:00,3.73,989.82,88.0
AWS_001,2020-01-13 22:30:00,3.9,989.86,87.1
AWS_001,2020-01-13 22:40:00,3.98,989.89,86.7
AWS_001,2020-01-13 22:50:00,4.03,989.78,86.3
AWS_001,2020-01-13 23:00:00,3.95,989.8,86.4
AWS_001,2020-01-13 23:10:00,3.78,989.81,87.1
AWS_001,2020-01-13 23:20:00,3.91,989.87,86.7
AWS_001,2020-01-13 23:30:00,4.07,989.86,85.5
AWS_001,2020-01-13 23:40:00,4.07,989.85,85.4
AWS_001,2020-01-13 23:50:00,4.22,989.78,84.9
AWS_001,2020-01-14 00:00:00,4.38,989.64,84.0
AWS_001,2020-01-14 00:10:00,4.47,989.73,83.8
AWS_001,2020-01-14 00:20:00,4.54,989.64,83.5
AWS_001,2020-01-14 00:30:00,4.45,989.52,84.0
AWS_001,2020-01-14 00:40:00,4.29,989.31,84.7
AWS_001,2020-01-14 00:50:00,4.07,989.06,85.4
AWS_001,2020-01-14 01:00:00,3.89,989.0,86.1
AWS_001,2020-01-14 01:10:00,3.89,988.89,86.1
AWS_001,2020-01-14 01:20:00,3.87,988.51,86.0
AWS_001,2020-01-14 01:30:00,3.9,988.24,86.5
AWS_001,2020-01-14 01:40:00,4.12,988.14,85.6
AWS_001,2020-01-14 01:50:00,4.13,987.97,85.4
AWS_001,2020-01-14 02:00:00,4.15,987.76,85.6
AWS_001,2020-01-14 02:10:00,4.21,987.66,85.3
AWS_001,2020-01-14 02:20:00,4.22,987.51,85.5
AWS_001,2020-01-14 02:30:00,4.43,987.39,84.5
AWS_001,2020-01-14 02:40:00,4.65,987.46,83.2
AWS_001,2020-01-14 02:50:00,4.64,987.45,83.1
AWS_001,2020-01-14 03:00:00,4.6,987.44,83.2
AWS_001,2020-01-14 03:10:00,4.92,987.44,81.4
AWS_001,2020-01-14 03:20:00,4.97,987.53,80.6
AWS_001,2020-01-14 03:30:00,4.69,987.43,81.4
AWS_001,2020-01-14 03:40:00,4.49,987.33,82.4
AWS_001,2020-01-14 03:50:00,4.67,987.2,80.9
AWS_001,2020-01-14 04:00:00,4.74,987.04,79.7
AWS_001,2020-01-14 04:10:00,4.47,987.02,80.6
AWS_001,2020-01-14 04:20:00,4.47,986.9,80.6
AWS_001,2020-01-14 04:30:00,4.22,986.8,81.3
AWS_001,2020-01-14 04:40:00,3.98,986.71,82.0
AWS_001,2020-01-14 04:50:00,3.97,986.68,82.1
AWS_001,2020-01-14 05:00:00,4.13,986.7,81.2
AWS_001,2020-01-14 05:10:00,4.02,986.64,81.4
AWS_001,2020-01-14 05:20:00,4.13,986.56,81.0
AWS_001,2020-01-14 05:30:00,4.47,986.59,79.4
AWS_001,2020-01-14 05:40:00,4.67,986.43,78.2
AWS_001,2020-01-14 05:50:00,4.97,986.43,76.6
AWS_001,2020-01-14 06:00:00,5.03,986.47,76.2
AWS_001,2020-01-14 06:10:00,5.22,986.53,75.1
AWS_001,2020-01-14 06:20:00,5.43,986.45,73.9
AWS_001,2020-01-14 06:30:00,5.75,986.57,72.2
AWS_001,2020-01-14 06:40:00,6.0,986.54,70.6
AWS_001,2020-01-14 06:50:00,6.01,986.46,70.4
AWS_001,2020-01-14 07:00:00,6.13,986.5,69.86
AWS_001,2020-01-14 07:10:00,6.18,986.61,69.62
AWS_001,2020-01-14 07:20:00,6.07,986.55,69.87
AWS_001,2020-01-14 07:30:00,6.07,986.48,69.56
AWS_001,2020-01-14 07:40:00,5.92,986.46,69.79
AWS_001,2020-01-14 07:50:00,5.81,986.57,70.1
AWS_001,2020-01-14 08:00:00,5.74,986.56,70.3
AWS_001,2020-01-14 08:10:00,5.65,986.54,70.4
AWS_001,2020-01-14 08:20:00,5.6,986.52,70.4
AWS_001,2020-01-14 08:30:00,5.49,986.61,70.9
AWS_001,2020-01-14 08:40:00,5.42,986.5,71.4
AWS_001,2020-01-14 08:50:00,5.32,986.42,71.8
AWS_001,2020-01-14 09:00:00,5.3,986.45,72.0
AWS_001,2020-01-14 09:10:00,5.34,986.58,71.8
AWS_001,2020-01-14 09:20:00,5.43,986.74,71.4
AWS_001,2020-01-14 09:30:00,5.64,986.79,70.6
AWS_001,2020-01-14 09:40:00,5.87,986.69,69.64
AWS_001,2020-01-14 09:50:00,6.19,986.76,68.04
AWS_001,2020-01-14 10:00:00,6.42,986.79,67.17
AWS_001,2020-01-14 10:10:00,6.58,986.89,66.46
AWS_001,2020-01-14 10:20:00,6.78,986.93,65.5
AWS_001,2020-01-14 10:30:00,7.08,986.88,64.29
AWS_001,2020-01-14 10:40:00,7.16,986.68,63.72
AWS_001,2020-01-14 10:50:00,7.32,986.8,62.44
AWS_001,2020-01-14 11:00:00,7.24,986.95,62.37
AWS_001,2020-01-14 11:10:00,7.08,986.94,63.03
AWS_001,2020-01-14 11:20:00,7.01,986.76,63.29
AWS_001,2020-01-14 11:30:00,7.04,986.67,63.0
AWS_001,2020-01-14 11:40:00,7.18,986.63,62.73
AWS_001,2020-01-14 11:50:00,7.38,986.66,62.25
AWS_001,2020-01-14 12:00:00,7.63,986.63,61.76
AWS_001,2020-01-14 12:10:00,7.99,986.43,61.1
AWS_001,2020-01-14 12:20:00,8.69,986.4,59.98
AWS_001,2020-01-14 12:30:00,9.84,986.61,57.6
AWS_001,2020-01-14 12:40:00,10.34,986.59,57.48
AWS_001,2020-01-14 12:50:00,10.49,986.42,58.88
AWS_001,2020-01-14 13:00:00,10.71,986.26,59.46
AWS_001,2020-01-14 13:10:00,10.81,986.21,59.01
AWS_001,2020-01-14 13:20:00,10.69,986.16,58.33
AWS_001,2020-01-14 13:30:00,10.49,986.16,58.34
AWS_001,2020-01-14 13:40:00,10.58,986.2,58.19
AWS_001,2020-01-14 13:50:00,10.72,986.25,57.88
AWS_001,2020-01-14 14:00:00,10.74,986.3,57.74
AWS_001,2020-01-14 14:10:00,10.47,986.29,58.49
AWS_001,2020-01-14 14:20:00,10.15,986.29,59.48
AWS_001,2020-01-14 14:30:00,10.01,986.31,59.77
AWS_001,2020-01-14 14:40:00,9.95,986.41,59.26
AWS_001,2020-01-14 14:50:00,9.93,986.55,58.24
AWS_001,2020-01-14 15:00:00,9.76,986.66,57.78
AWS_001,2020-01-14 15:10:00,9.49,986.71,58.07
AWS_001,2020-01-14 15:20:00,9.13,986.77,58.81
AWS_001,2020-01-14 15:30:00,8.75,986.72,58.78
AWS_001,2020-01-14 15:40:00,8.58,986.81,59.0
AWS_001,2020-01-14 15:50:00,8.54,986.9,58.98
AWS_001,2020-01-14 16:00:00,8.54,986.79,58.57
AWS_001,2020-01-14 16:10:00,8.5,986.76,58.55
AWS_001,2020-01-14 16:20:00,8.47,986.95,58.62
AWS_001,2020-01-14 16:30:00,8.47,986.94,58.51
AWS_001,2020-01-14 16:40:00,8.53,986.92,58.2
AWS_001,2020-01-14 16:50:00,8.74,986.92,57.31
AWS_001,2020-01-14 17:00:00,8.78,986.91,57.06
AWS_001,2020-01-14 17:10:00,8.83,986.97,56.69
AWS_001,2020-01-14 17:20:00,8.86,987.07,56.6
AWS_001,2020-01-14 17:30:00,8.87,987.17,56.49
AWS_001,2020-01-14 17:40:00,8.83,987.29,56.71
AWS_001,2020-01-14 17:50:00,8.81,987.37,56.81
AWS_001,2020-01-14 18:00:00,8.85,987.43,56.7
AWS_001,2020-01-14 18:10:00,8.92,987.37,56.72
AWS_001,2020-01-14 18:20:00,8.9,987.43,57.06
AWS_001,2020-01-14 18:30:00,8.87,987.46,57.25
AWS_001,2020-01-14 18:40:00,8.94,987.46,56.93
AWS_001,2020-01-14 18:50:00,8.94,987.48,56.94
AWS_001,2020-01-14 19:00:00,8.96,987.47,57.06
AWS_001,2020-01-14 19:10:00,9.0,987.56,57.15
AWS_001,2020-01-14 19:20:00,8.92,987.51,57.58
AWS_001,2020-01-14 19:30:00,8.84,987.39,58.09
AWS_001,2020-01-14 19:40:00,8.79,987.43,58.34
AWS_001,2020-01-14 19:50:00,8.73,987.46,58.46
AWS_001,2020-01-14 20:00:00,8.69,987.55,58.67
AWS_001,2020-01-14 20:10:00,8.68,987.51,58.68
AWS_001,2020-01-14 20:20:00,8.88,987.38,57.92
AWS_001,2020-01-14 20:30:00,8.97,987.4,57.81
AWS_001,2020-01-14 20:40:00,9.23,987.31,57.02
AWS_001,2020-01-14 20:50:00,9.43,987.17,56.51
AWS_001,2020-01-14 21:00:00,9.57,987.21,56.29
AWS_001,2020-01-14 21:10:00,9.61,987.19,56.3
AWS_001,2020-01-14 21:20:00,9.68,987.29,56.28
AWS_001,2020-01-14 21:30:00,9.73,987.35,56.24
AWS_001,2020-01-14 21:40:00,9.77,987.22,56.35
AWS_001,2020-01-14 21:50:00,9.85,987.07,56.5
AWS_001,2020-01-14 22:00:00,9.85,987.16,56.77
AWS_001,2020-01-14 22:10:00,9.93,987.31,56.82
AWS_001,2020-01-14 22:20:00,9.92,987.42,56.82
AWS_001,2020-01-14 22:30:00,9.89,987.49,56.79
AWS_001,2020-01-14 22:40:00,9.8,987.59,57.25
AWS_001,2020-01-14 22:50:00,9.77,987.62,57.64
AWS_001,2020-01-14 23:00:00,9.61,987.72,58.02
AWS_001,2020-01-14 23:10:00,9.32,987.75,59.13
AWS_001,2020-01-14 23:20:00,9.34,987.66,59.65
AWS_001,2020-01-14 23:30:00,9.14,987.76,60.08
AWS_001,2020-01-14 23:40:00,8.98,987.94,60.89
AWS_001,2020-01-14 23:50:00,8.93,988.1,61.42
AWS_001,2020-01-15 00:00:00,9.23,988.1,61.15
AWS_001,2020-01-15 00:10:00,9.53,988.04,60.85
AWS_001,2020-01-15 00:20:00,9.53,988.02,60.76
AWS_001,2020-01-15 00:30:00,9.12,988.11,61.03
AWS_001,2020-01-15 00:40:00,8.97,988.19,61.54
AWS_001,2020-01-15 00:50:00,8.96,988.33,61.41
AWS_001,2020-01-15 01:00:00,8.93,988.49,61.49
AWS_001,2020-01-15 01:10:00,8.85,988.5,61.54
AWS_001,2020-01-15 01:20:00,8.75,988.45,61.7
AWS_001,2020-01-15 01:30:00,8.96,988.46,61.63
AWS_001,2020-01-15 01:40:00,9.15,988.55,60.89
AWS_001,2020-01-15 01:50:00,9.01,988.55,61.14
AWS_001,2020-01-15 02:00:00,8.86,988.6,61.43
AWS_001,2020-01-15 02:10:00,8.58,988.66,62.06
AWS_001,2020-01-15 02:20:00,8.74,988.82,61.23
AWS_001,2020-01-15 02:30:00,8.82,988.87,60.65
AWS_001,2020-01-15 02:40:00,9.35,988.8,58.94
AWS_001,2020-01-15 02:50:00,9.27,988.76,59.33
AWS_001,2020-01-15 03:00:00,9.27,988.75,58.79
AWS_001,2020-01-15 03:10:00,9.19,988.77,58.76
AWS_001,2020-01-15 03:20:00,9.32,988.76,57.59
AWS_001,2020-01-15 03:30:00,9.28,988.81,57.32
AWS_001,2020-01-15 03:40:00,9.07,988.88,57.38
AWS_001,2020-01-15 03:50:00,8.99,988.82,57.29
AWS_001,2020-01-15 04:00:00,8.81,988.78,57.91
AWS_001,2020-01-15 04:10:00,8.64,988.78,58.53
AWS_001,2020-01-15 04:20:00,8.71,988.76,58.28
AWS_001,2020-01-15 04:30:00,8.9,988.73,57.6
AWS_001,2020-01-15 04:40:00,9.17,988.74,56.88
AWS_001,2020-01-15 04:50:00,9.8,988.72,54.87
AWS_001,2020-01-15 05:00:00,10.14,988.73,53.52
AWS_001,2020-01-15 05:10:00,10.34,988.81,52.8
AWS_001,2020-01-15 05:20:00,10.46,988.85,52.41
AWS_001,2020-01-15 05:30:00,10.66,988.95,51.88
AWS_001,2020-01-15 05:40:00,10.84,989.0,51.38
AWS_001,2020-01-15 05:50:00,10.99,989.02,50.94
AWS_001,2020-01-15 06:00:00,11.05,989.03,50.85
AWS_001,2020-01-15 06:10:00,11.05,989.09,50.87
AWS_001,2020-01-15 06:20:00,11.03,989.21,50.86
AWS_001,2020-01-15 06:30:00,10.95,989.36,51.36
AWS_001,2020-01-15 06:40:00,10.78,989.53,52.39
AWS_001,2020-01-15 06:50:00,10.71,989.59,53.1
AWS_001,2020-01-15 07:00:00,10.76,989.73,53.69
AWS_001,2020-01-15 07:10:00,10.64,989.67,54.15
AWS_001,2020-01-15 07:20:00,10.46,989.89,55.44
AWS_001,2020-01-15 07:30:00,10.17,989.93,57.31
AWS_001,2020-01-15 07:40:00,10.22,989.98,55.78
AWS_001,2020-01-15 07:50:00,10.09,990.09,56.13
AWS_001,2020-01-15 08:00:00,9.91,989.99,56.28
AWS_001,2020-01-15 08:10:00,9.64,989.96,56.33
AWS_001,2020-01-15 08:20:00,9.36,990.01,56.56
AWS_001,2020-01-15 08:30:00,9.33,990.19,55.6
AWS_001,2020-01-15 08:40:00,9.16,990.24,55.94
AWS_001,2020-01-15 08:50:00,9.0,990.3,56.16
AWS_001,2020-01-15 09:00:00,8.74,990.37,57.04
AWS_001,2020-01-15 09:10:00,8.62,990.51,57.08
AWS_001,2020-01-15 09:20:00,8.47,990.55,57.23
AWS_001,2020-01-15 09:30:00,8.62,990.61,56.8
AWS_001,2020-01-15 09:40:00,8.85,990.6,55.72
AWS_001,2020-01-15 09:50:00,8.89,990.6,55.62
AWS_001,2020-01-15 10:00:00,8.99,990.59,55.14
AWS_001,2020-01-15 10:10:00,8.99,990.64,54.9
AWS_001,2020-01-15 10:20:00,9.07,990.69,54.58
AWS_001,2020-01-15 10:30:00,9.38,990.67,53.9
AWS_001,2020-01-15 10:40:00,9.74,990.8,52.72
AWS_001,2020-01-15 10:50:00,9.68,990.76,52.61
AWS_001,2020-01-15 11:00:00,9.44,990.71,53.35
AWS_001,2020-01-15 11:10:00,9.33,990.77,53.75
AWS_001,2020-01-15 11:20:00,9.38,990.71,54.05
AWS_001,2020-01-15 11:30:00,9.54,990.58,53.67
AWS_001,2020-01-15 11:40:00,9.86,990.47,53.26
AWS_001,2020-01-15 11:50:00,10.34,990.26,52.17
AWS_001,2020-01-15 12:00:00,11.11,990.23,50.53
AWS_001,2020-01-15 12:10:00,11.86,990.12,47.94
AWS_001,2020-01-15 12:20:00,12.15,990.02,47.31
AWS_001,2020-01-15 12:30:00,12.45,989.86,46.83
AWS_001,2020-01-15 12:40:00,12.66,989.69,46.46
AWS_001,2020-01-15 12:50:00,12.91,989.52,46.32
AWS_001,2020-01-15 13:00:00,12.9,989.43,46.18
AWS_001,2020-01-15 13:10:00,12.98,989.51,46.11
AWS_001,2020-01-15 13:20:00,12.84,989.56,46.59
AWS_001,2020-01-15 13:30:00,13.13,989.49,46.33
AWS_001,2020-01-15 13:40:00,13.48,989.46,45.61
AWS_001,2020-01-15 13:50:00,13.58,989.38,44.26
AWS_001,2020-01-15 14:00:00,13.24,989.29,45.07
AWS_001,2020-01-15 14:10:00,13.09,989.38,45.51
AWS_001,2020-01-15 14:20:00,13.15,989.48,45.62
AWS_001,2020-01-15 14:30:00,13.2,989.45,45.58
AWS_001,2020-01-15 14:40:00,13.17,989.35,45.74
AWS_001,2020-01-15 14:50:00,13.07,989.34,46.17
AWS_001,2020-01-15 15:00:00,13.16,989.34,46.46
AWS_001,2020-01-15 15:10:00,12.93,989.47,46.9
AWS_001,2020-01-15 15:20:00,12.59,989.54,47.56
AWS_001,2020-01-15 15:30:00,12.36,989.63,48.13
AWS_001,2020-01-15 15:40:00,12.01,989.7,49.0
AWS_001,2020-01-15 15:50:00,11.82,989.72,49.48
AWS_001,2020-01-15 16:00:00,11.53,989.85,50.36
AWS_001,2020-01-15 16:10:00,11.17,990.05,51.74
AWS_001,2020-01-15 16:20:00,10.68,990.23,53.43
AWS_001,2020-01-15 16:30:00,10.37,990.26,54.61
AWS_001,2020-01-15 16:40:00,10.13,990.34,55.37
AWS_001,2020-01-15 16:50:00,9.59,990.46,57.33
AWS_001,2020-01-15 17:00:00,9.11,990.61,58.93
AWS_001,2020-01-15 17:10:00,8.93,990.8,59.2
AWS_001,2020-01-15 17:20:00,8.97,990.9,58.9
AWS_001,2020-01-15 17:30:00,8.93,991.05,58.78
AWS_001,2020-01-15 17:40:00,9.15,991.34,57.83
AWS_001,2020-01-15 17:50:00,9.17,991.49,57.82
AWS_001,2020-01-15 18:00:00,8.98,991.59,58.77
AWS_001,2020-01-15 18:10:00,8.96,991.65,59.21
AWS_001,2020-01-15 18:20:00,9.05,991.62,58.98
AWS_001,2020-01-15 18:30:00,9.15,991.62,58.49
AWS_001,2020-01-15 18:40:00,9.28,991.97,57.85
AWS_001,2020-01-15 18:50:00,9.26,992.32,57.87
AWS_001,2020-01-15 19:00:00,9.22,992.58,58.11
AWS_001,2020-01-15 19:10:00,9.19,992.86,58.34
AWS_001,2020-01-15 19:20:00,8.97,992.88,59.23
AWS_001,2020-01-15 19:30:00,8.69,992.88,60.15
AWS_001,2020-01-15 19:40:00,8.41,992.99,61.12
AWS_001,2020-01-15 19:50:00,8.46,993.02,60.99
AWS_001,2020-01-15 20:00:00,8.29,993.0,61.68
AWS_001,2020-01-15 20:10:00,8.22,993.09,62.2
AWS_001,2020-01-15 20:20:00,7.82,993.17,63.72
AWS_001,2020-01-15 20:30:00,7.68,993.15,64.76
AWS_001,2020-01-15 20:40:00,8.15,993.17,64.05
AWS_001,2020-01-15 20:50:00,8.51,993.24,63.2
AWS_001,2020-01-15 21:00:00,8.71,993.18,62.81
AWS_001,2020-01-15 21:10:00,8.66,993.04,63.15
AWS_001,2020-01-15 21:20:00,8.45,993.08,64.28
AWS_001,2020-01-15 21:30:00,8.61,993.23,64.15
AWS_001,2020-01-15 21:40:00,8.69,993.42,64.0
AWS_001,2020-01-15 21:50:00,8.48,993.51,64.45
AWS_001,2020-01-15 22:00:00,7.96,993.66,66.2
AWS_001,2020-01-15 22:10:00,7.89,993.7,66.66
AWS_001,2020-01-15 22:20:00,8.15,993.9,66.32
AWS_001,2020-01-15 22:30:00,8.63,994.03,65.0
AWS_001,2020-01-15 22:40:00,8.82,994.13,64.85
AWS_001,2020-01-15 22:50:00,9.05,994.19,64.52
AWS_001,2020-01-15 23:00:00,9.48,994.21,63.71
AWS_001,2020-01-15 23:10:00,9.41,994.21,64.34
AWS_001,2020-01-15 23:20:00,9.54,994.28,64.3
AWS_001,2020-01-15 23:30:00,9.83,994.36,63.24
AWS_001,2020-01-15 23:40:00,9.87,994.43,62.96
AWS_001,2020-01-15 23:50:00,9.92,994.72,62.71
AWS_001,2020-01-16 00:00:00,10.03,994.98,62.26
AWS_001,2020-01-16 00:10:00,10.11,995.21,62.02
AWS_001,2020-01-16 00:20:00,10.03,995.3,62.36
AWS_001,2020-01-16 00:30:00,10.08,995.52,62.41
AWS_001,2020-01-16 00:40:00,10.27,995.73,61.98
AWS_001,2020-01-16 00:50:00,10.45,995.91,61.42
AWS_001,2020-01-16 01:00:00,10.51,996.08,61.32
AWS_001,2020-01-16 01:10:00,10.52,996.14,61.42
AWS_001,2020-01-16 01:20:00,10.53,996.26,61.57
AWS_001,2020-01-16 01:30:00,10.48,996.41,61.89
AWS_001,2020-01-16 01:40:00,10.39,996.63,62.38
AWS_001,2020-01-16 01:50:00,10.2,996.85,63.35
AWS_001,2020-01-16 02:00:00,10.14,997.06,63.81
AWS_001,2020-01-16 02:10:00,10.11,997.21,64.17
AWS_001,2020-01-16 02:20:00,10.04,997.4,64.54
AWS_001,2020-01-16 02:30:00,10.03,997.56,64.67
AWS_001,2020-01-16 02:40:00,10.09,997.73,64.39
AWS_001,2020-01-16 02:50:00,9.83,997.86,64.6
AWS_001,2020-01-16 03:00:00,9.45,998.04,65.89
AWS_001,2020-01-16 03:10:00,9.36,998.09,66.52
AWS_001,2020-01-16 03:20:00,9.15,998.17,68.27
AWS_001,2020-01-16 03:30:00,9.17,998.39,68.61
AWS_001,2020-01-16 03:40:00,9.2,998.51,67.83
AWS_001,2020-01-16 03:50:00,9.08,998.55,69.35
AWS_001,2020-01-16 04:00:00,9.04,998.79,69.33
AWS_001,2020-01-16 04:10:00,8.97,999.0,69.01
AWS_001,2020-01-16 04:20:00,9.19,999.06,69.02
AWS_001,2020-01-16 04:30:00,9.32,999.23,69.47
AWS_001,2020-01-16 04:40:00,9.51,999.43,70.8
AWS_001,2020-01-16 04:50:00,9.31,999.59,72.7
AWS_001,2020-01-16 05:00:00,9.0,999.65,76.2
AWS_001,2020-01-16 05:10:00,8.46,999.55,80.1
AWS_001,2020-01-16 05:20:00,8.16,999.7,82.1
AWS_001,2020-01-16 05:30:00,8.01,999.93,83.5
AWS_001,2020-01-16 05:40:00,7.99,1000.02,83.8
AWS_001,2020-01-16 05:50:00,7.83,1000.09,84.4
AWS_001,2020-01-16 06:00:00,7.74,1000.28,84.3
AWS_001,2020-01-16 06:10:00,7.55,1000.31,84.5
AWS_001,2020-01-16 06:20:00,7.46,1000.37,84.4
AWS_001,2020-01-16 06:30:00,7.2,1000.49,85.7
AWS_001,2020-01-16 06:40:00,7.05,1000.47,86.7
AWS_001,2020-01-16 06:50:00,6.97,1000.54,86.3
AWS_001,2020-01-16 07:00:00,6.71,1000.76,87.2
AWS_001,2020-01-16 07:10:00,6.6,1000.9,88.0
AWS_001,2020-01-16 07:20:00,6.67,1000.99,87.5
AWS_001,2020-01-16 07:30:00,6.59,1001.09,86.9
AWS_001,2020-01-16 07:40:00,6.39,1001.22,87.6
AWS_001,2020-01-16 07:50:00,6.41,1001.37,88.0
AWS_001,2020-01-16 08:00:00,6.26,1001.46,87.6
AWS_001,2020-01-16 08:10:00,5.95,1001.47,88.8
AWS_001,2020-01-16 08:20:00,5.78,1001.65,88.7
AWS_001,2020-01-16 08:30:00,5.52,1001.77,90.8
AWS_001,2020-01-16 08:40:00,5.7,1001.78,90.6
AWS_001,2020-01-16 08:50:00,5.66,1001.9,89.7
AWS_001,2020-01-16 09:00:00,5.72,1002.01,90.1
AWS_001,2020-01-16 09:10:00,5.99,1002.16,88.7
AWS_001,2020-01-16 09:20:00,6.14,1002.16,87.3
AWS_001,2020-01-16 09:30:00,6.11,1002.28,87.3
AWS_001,2020-01-16 09:40:00,5.93,1002.31,88.2
AWS_001,2020-01-16 09:50:00,6.19,1002.4,87.3
AWS_001,2020-01-16 10:00:00,6.23,1002.48,86.5
AWS_001,2020-01-16 10:10:00,6.26,1002.56,86.5
AWS_001,2020-01-16 10:20:00,6.44,1002.53,85.6
AWS_001,2020-01-16 10:30:00,6.73,1002.57,84.2
AWS_001,2020-01-16 10:40:00,6.89,1002.52,83.4
AWS_001,2020-01-16 10:50:00,7.06,1002.59,81.9
AWS_001,2020-01-16 11:00:00,7.39,1002.53,80.3
AWS_001,2020-01-16 11:10:00,8.33,1002.4,77.5
AWS_001,2020-01-16 11:20:00,8.83,1002.35,75.0
AWS_001,2020-01-16 11:30:00,9.04,1002.27,73.8
AWS_001,2020-01-16 11:40:00,9.46,1002.23,72.2
AWS_001,2020-01-16 11:50:00,9.64,1002.18,71.6
AWS_001,2020-01-16 12:00:00,9.63,1002.16,71.8
AWS_001,2020-01-16 12:10:00,9.67,1002.03,71.9
AWS_001,2020-01-16 12:20:00,10.2,1001.95,70.8
AWS_001,2020-01-16 12:30:00,10.78,1001.83,68.73
AWS_001,2020-01-16 12:40:00,11.42,1001.78,67.18
AWS_001,2020-01-16 12:50:00,11.84,1001.63,64.96
AWS_001,2020-01-16 13:00:00,12.18,1001.56,63.42
AWS_001,2020-01-16 13:10:00,12.5,1001.42,61.48
AWS_001,2020-01-16 13:20:00,12.22,1001.28,61.0
AWS_001,2020-01-16 13:30:00,12.32,1001.18,60.63
AWS_001,2020-01-16 13:40:00,12.81,1001.13,59.85
AWS_001,2020-01-16 13:50:00,12.85,1000.99,58.35
AWS_001,2020-01-16 14:00:00,12.6,1000.91,58.34
AWS_001,2020-01-16 14:10:00,12.48,1000.9,59.59
AWS_001,2020-01-16 14:20:00,12.41,1000.92,59.47
AWS_001,2020-01-16 14:30:00,12.33,1000.92,59.19
AWS_001,2020-01-16 14:40:00,12.22,1000.95,59.11
AWS_001,2020-01-16 14:50:00,12.22,1000.91,59.18
AWS_001,2020-01-16 15:00:00,12.26,1001.04,58.9
AWS_001,2020-01-16 15:10:00,12.19,1001.08,59.14
AWS_001,2020-01-16 15:20:00,11.9,1001.08,59.87
AWS_001,2020-01-16 15:30:00,11.86,1001.14,59.8
AWS_001,2020-01-16 15:40:00,12.04,1001.15,59.28
AWS_001,2020-01-16 15:50:00,12.02,1001.15,59.4
AWS_001,2020-01-16 16:00:00,11.95,1001.13,59.11
AWS_001,2020-01-16 16:10:00,11.48,1001.07,60.32
AWS_001,2020-01-16 16:20:00,10.97,1000.93,61.68
AWS_001,2020-01-16 16:30:00,10.89,1000.83,61.91
AWS_001,2020-01-16 16:40:00,10.83,1000.8,62.37
AWS_001,2020-01-16 16:50:00,10.62,1000.78,63.31
AWS_001,2020-01-16 17:00:00,10.29,1000.79,64.69
AWS_001,2020-01-16 17:10:00,10.08,1000.71,65.97
AWS_001,2020-01-16 17:20:00,9.9,1000.78,67.79
AWS_001,2020-01-16 17:30:00,9.73,1000.69,69.06
AWS_001,2020-01-16 17:40:00,9.57,1000.57,70.2
AWS_001,2020-01-16 17:50:00,9.44,1000.58,71.1
AWS_001,2020-01-16 18:00:00,9.28,1000.58,71.8
AWS_001,2020-01-16 18:10:00,9.05,1000.5,72.7
AWS_001,2020-01-16 18:20:00,8.92,1000.43,73.4
AWS_001,2020-01-16 18:30:00,8.77,1000.48,74.1
AWS_001,2020-01-16 18:40:00,8.53,1000.54,74.8
AWS_001,2020-01-16 18:50:00,8.14,1000.56,76.3
AWS_001,2020-01-16 19:00:00,7.94,1000.66,77.4
AWS_001,2020-01-16 19:10:00,7.85,1000.64,77.7
AWS_001,2020-01-16 19:20:00,7.87,1000.63,78.0
AWS_001,2020-01-16 19:30:00,7.95,1000.65,77.6
AWS_001,2020-01-16 19:40:00,7.57,1000.65,78.6
AWS_001,2020-01-16 19:50:00,6.99,1000.66,80.6
AWS_001,2020-01-16 20:00:00,6.33,1000.66,82.4
AWS_001,2020-01-16 20:10:00,5.91,1000.63,84.7
AWS_001,2020-01-16 20:20:00,6.22,1000.68,84.3
AWS_001,2020-01-16 20:30:00,6.3,1000.68,83.8
AWS_001,2020-01-16 20:40:00,6.26,1000.65,84.2
AWS_001,2020-01-16 20:50:00,6.37,1000.63,83.8
AWS_001,2020-01-16 21:00:00,6.21,1000.54,84.0
AWS_001,2020-01-16 21:10:00,6.16,1000.53,84.5
AWS_001,2020-01-16 21:20:00,6.17,1000.47,84.2
AWS_001,2020-01-16 21:30:00,5.78,1000.41,84.8
AWS_001,2020-01-16 21:40:00,5.39,1000.42,86.7
AWS_001,2020-01-16 21:50:00,5.06,1000.41,87.6
AWS_001,2020-01-16 22:00:00,4.74,1000.31,88.5
AWS_001,2020-01-16 22:10:00,4.86,1000.2,89.1
AWS_001,2020-01-16 22:20:00,5.0,1000.04,88.4
AWS_001,2020-01-16 22:30:00,5.24,999.94,87.5
AWS_001,2020-01-16 22:40:00,5.31,999.87,86.7
AWS_001,2020-01-16 22:50:00,5.02,999.76,87.0
AWS_001,2020-01-16 23:00:00,4.72,999.69,89.0
AWS_001,2020-01-16 23:10:00,4.53,999.68,88.8
AWS_001,2020-01-16 23:20:00,4.55,999.57,89.5
AWS_001,2020-01-16 23:30:00,4.61,999.55,88.6
AWS_001,2020-01-16 23:40:00,4.5,999.46,88.9
AWS_001,2020-01-16 23:50:00,4.57,999.35,88.9
AWS_001,2020-01-17 00:00:00,4.73,999.3,88.3
AWS_001,2020-01-17 00:10:00,4.82,999.2,87.5
AWS_001,2020-01-17 00:20:00,4.95,999.1,86.8
AWS_001,2020-01-17 00:30:00,4.97,999.05,86.7
AWS_001,2020-01-17 00:40:00,4.76,998.84,87.4
AWS_001,2020-01-17 00:50:00,4.74,998.68,87.5
AWS_001,2020-01-17 01:00:00,4.59,998.61,87.6
AWS_001,2020-01-17 01:10:00,4.37,998.57,87.9
AWS_001,2020-01-17 01:20:00,4.38,998.45,88.3
AWS_001,2020-01-17 01:30:00,4.45,998.27,88.5
AWS_001,2020-01-17 01:40:00,4.63,998.14,87.2
AWS_001,2020-01-17 01:50:00,3.16,998.11,85.5
AWS_001,2020-01-17 02:00:00,2.19,998.06,91.7
AWS_001,2020-01-17 02:10:00,2.94,997.89,93.9
AWS_001,2020-01-17 02:20:00,3.4,997.7,91.8
AWS_001,2020-01-17 02:30:00,3.59,997.51,89.5
AWS_001,2020-01-17 02:40:00,3.49,997.4,89.4
AWS_001,2020-01-17 02:50:00,3.23,997.32,89.8
AWS_001,2020-01-17 03:00:00,3.13,997.19,90.8
AWS_001,2020-01-17 03:10:00,3.26,997.01,90.7
AWS_001,2020-01-17 03:20:00,3.53,996.83,89.6
AWS_001,2020-01-17 03:30:00,3.71,996.79,88.9
AWS_001,2020-01-17 03:40:00,3.73,996.74,88.5
AWS_001,2020-01-17 03:50:00,3.87,996.7,88.0
AWS_001,2020-01-17 04:00:00,4.05,996.65,87.5
AWS_001,2020-01-17 04:10:00,4.21,996.57,86.4
AWS_001,2020-01-17 04:20:00,3.98,996.51,86.3
AWS_001,2020-01-17 04:30:00,3.65,996.45,88.1
AWS_001,2020-01-17 04:40:00,3.65,996.32,88.6
AWS_001,2020-01-17 04:50:00,3.55,996.2,89.1
AWS_001,2020-01-17 05:00:00,3.93,996.14,87.7
AWS_001,2020-01-17 05:10:00,4.0,996.07,86.9
AWS_001,2020-01-17 05:20:00,3.88,995.95,87.0
AWS_001,2020-01-17 05:30:00,3.68,995.85,87.6
AWS_001,2020-01-17 05:40:00,3.5,995.82,88.3
AWS_001,2020-01-17 05:50:00,3.02,995.76,88.7
AWS_001,2020-01-17 06:00:00,2.91,995.76,90.0
AWS_001,2020-01-17 06:10:00,2.97,995.72,90.0
AWS_001,2020-01-17 06:20:00,3.08,995.63,89.5
AWS_001,2020-01-17 06:30:00,3.24,995.53,88.9
AWS_001,2020-01-17 06:40:00,3.2,995.48,88.3
AWS_001,2020-01-17 06:50:00,3.09,995.44,89.0
AWS_001,2020-01-17 07:00:00,3.15,995.33,88.5
AWS_001,2020-01-17 07:10:00,3.05,995.23,88.1
AWS_001,2020-01-17 07:20:00,2.84,995.07,88.7
AWS_001,2020-01-17 07:30:00,2.66,994.96,89.1
AWS_001,2020-01-17 07:40:00,2.77,994.9,89.1
AWS_001,2020-01-17 07:50:00,3.06,994.81,88.0
AWS_001,2020-01-17 08:00:00,3.46,994.68,86.1
AWS_001,2020-01-17 08:10:00,3.46,994.59,84.9
AWS_001,2020-01-17 08:20:00,3.11,994.55,85.9
AWS_001,2020-01-17 08:30:00,2.86,994.48,86.5
AWS_001,2020-01-17 08:40:00,3.15,994.34,86.0
AWS_001,2020-01-17 08:50:00,3.44,994.26,84.3
AWS_001,2020-01-17 09:00:00,3.55,994.11,83.8
AWS_001,2020-01-17 09:10:00,3.46,994.06,83.0
AWS_001,2020-01-17 09:20:00,2.97,993.96,84.1
AWS_001,2020-01-17 09:30:00,2.59,993.82,84.2
AWS_001,2020-01-17 09:40:00,1.95,993.7,86.8
AWS_001,2020-01-17 09:50:00,2.01,993.55,86.4
AWS_001,2020-01-17 10:00:00,2.02,993.43,87.2
AWS_001,2020-01-17 10:10:00,2.35,993.34,86.2
AWS_001,2020-01-17 10:20:00,2.61,993.31,85.9
AWS_001,2020-01-17 10:30:00,3.22,993.22,83.1
AWS_001,2020-01-17 10:40:00,3.5,993.14,81.2
AWS_001,2020-01-17 10:50:00,3.84,993.06,80.3
AWS_001,2020-01-17 11:00:00,3.96,992.99,80.2
AWS_001,2020-01-17 11:10:00,4.22,992.74,79.6
AWS_001,2020-01-17 11:20:00,4.7,992.54,78.0
AWS_001,2020-01-17 11:30:00,4.69,992.32,77.5
AWS_001,2020-01-17 11:40:00,4.87,992.08,77.9
AWS_001,2020-01-17 11:50:00,5.32,991.83,76.3
AWS_001,2020-01-17 12:00:00,5.67,991.71,74.9
AWS_001,2020-01-17 12:10:00,6.09,991.61,73.6
AWS_001,2020-01-17 12:20:00,6.29,991.52,72.7
AWS_001,2020-01-17 12:30:00,6.65,991.45,72.2
AWS_001,2020-01-17 12:40:00,7.1,991.4,71.3
AWS_001,2020-01-17 12:50:00,7.66,991.38,69.72
AWS_001,2020-01-17 13:00:00,8.14,991.24,68.43
AWS_001,2020-01-17 13:10:00,8.29,991.07,68.07
AWS_001,2020-01-17 13:20:00,8.19,990.91,69.08
AWS_001,2020-01-17 13:30:00,8.17,990.7,69.43
AWS_001,2020-01-17 13:40:00,8.28,990.52,69.24
AWS_001,2020-01-17 13:50:00,8.48,990.38,68.46
AWS_001,2020-01-17 14:00:00,8.3,990.27,68.7
AWS_001,2020-01-17 14:10:00,8.02,990.2,69.67
AWS_001,2020-01-17 14:20:00,8.07,990.2,69.52
AWS_001,2020-01-17 14:30:00,8.17,990.14,69.32
AWS_001,2020-01-17 14:40:00,8.38,990.02,68.75
AWS_001,2020-01-17 14:50:00,8.29,989.96,68.74
AWS_001,2020-01-17 15:00:00,8.14,989.92,68.7
AWS_001,2020-01-17 15:10:00,7.93,989.81,69.21
AWS_001,2020-01-17 15:20:00,7.64,989.75,69.89
AWS_001,2020-01-17 15:30:00,7.3,989.71,70.8
AWS_001,2020-01-17 15:40:00,7.09,989.65,71.7
AWS_001,2020-01-17 15:50:00,7.0,989.64,71.8
AWS_001,2020-01-17 16:00:00,6.88,989.78,72.4
AWS_001,2020-01-17 16:10:00,6.9,989.85,72.2
AWS_001,2020-01-17 16:20:00,6.59,990.0,73.4
AWS_001,2020-01-17 16:30:00,6.17,990.11,74.6
AWS_001,2020-01-17 16:40:00,5.97,990.11,75.5
AWS_001,2020-01-17 16:50:00,5.78,990.23,76.2
AWS_001,2020-01-17 17:00:00,5.68,990.22,76.6
AWS_001,2020-01-17 17:10:00,5.44,990.18,77.5
AWS_001,2020-01-17 17:20:00,5.34,990.19,78.1
AWS_001,2020-01-17 17:30:00,5.13,990.21,79.0
AWS_001,2020-01-17 17:40:00,5.06,990.36,79.2
AWS_001,2020-01-17 17:50:00,4.97,990.45,79.6
AWS_001,2020-01-17 18:00:00,4.79,990.47,80.4
AWS_001,2020-01-17 18:10:00,4.97,990.48,79.9
AWS_001,2020-01-17 18:20:00,5.05,990.58,79.1
AWS_001,2020-01-17 18:30:00,5.04,990.66,79.1
AWS_001,2020-01-17 18:40:00,5.01,990.76,79.4
AWS_001,2020-01-17 18:50:00,5.1,990.67,79.8
AWS_001,2020-01-17 19:00:00,6.05,990.63,76.9
AWS_001,2020-01-17 19:10:00,6.62,990.79,74.3
AWS_001,2020-01-17 19:20:00,6.25,990.95,75.0
AWS_001,2020-01-17 19:30:00,5.51,991.04,77.6
AWS_001,2020-01-17 19:40:00,4.92,991.16,79.8
AWS_001,2020-01-17 19:50:00,4.79,991.21,80.8
AWS_001,2020-01-17 20:00:00,4.98,991.22,80.8
AWS_001,2020-01-17 20:10:00,5.28,991.11,79.9
AWS_001,2020-01-17 20:20:00,5.29,991.14,79.3
AWS_001,2020-01-17 20:30:00,5.38,991.2,78.4
AWS_001,2020-01-17 20:40:00,5.27,991.13,78.9
AWS_001,2020-01-17 20:50:00,5.1,991.14,79.8
AWS_001,2020-01-17 21:00:00,5.08,991.17,79.9
AWS_001,2020-01-17 21:10:00,5.19,991.32,79.7
AWS_001,2020-01-17 21:20:00,5.29,991.45,79.4
AWS_001,2020-01-17 21:30:00,5.4,991.47,79.1
AWS_001,2020-01-17 21:40:00,5.34,991.51,79.6
AWS_001,2020-01-17 21:50:00,5.36,991.54,80.0
AWS_001,2020-01-17 22:00:00,5.48,991.54,79.6
AWS_001,2020-01-17 22:10:00,5.47,991.49,79.7
AWS_001,2020-01-17 22:20:00,5.4,991.58,80.2
AWS_001,2020-01-17 22:30:00,5.47,991.69,80.2
AWS_001,2020-01-17 22:40:00,5.54,991.81,79.9
AWS_001,2020-01-17 22:50:00,5.62,991.8,79.7
AWS_001,2020-01-17 23:00:00,5.62,991.78,80.1
AWS_001,2020-01-17 23:10:00,5.55,991.89,80.6
AWS_001,2020-01-17 23:20:00,5.61,992.04,80.5
AWS_001,2020-01-17 23:30:00,5.56,992.07,80.9
AWS_001,2020-01-17 23:40:00,5.72,992.0,81.1
AWS_001,2020-01-17 23:50:00,6.15,992.0,81.2
AWS_001,2020-01-18 00:00:00,6.75,992.07,80.4
AWS_001,2020-01-18 00:10:00,7.23,992.15,78.3
AWS_001,2020-01-18 00:20:00,7.31,992.2,77.5
AWS_001,2020-01-18 00:30:00,7.28,992.23,77.1
AWS_001,2020-01-18 00:40:00,7.23,992.39,77.0
AWS_001,2020-01-18 00:50:00,7.08,992.59,77.0
AWS_001,2020-01-18 01:00:00,6.87,992.78,77.2
AWS_001,2020-01-18 01:10:00,6.7,992.91,77.3
AWS_001,2020-01-18 01:20:00,6.57,993.09,77.3
AWS_001,2020-01-18 01:30:00,6.44,993.21,77.5
AWS_001,2020-01-18 01:40:00,6.41,993.33,77.4
AWS_001,2020-01-18 01:50:00,6.29,993.48,76.8
AWS_001,2020-01-18 02:00:00,6.08,993.63,77.4
AWS_001,2020-01-18 02:10:00,5.94,993.75,77.8
AWS_001,2020-01-18 02:20:00,5.88,993.92,77.8
AWS_001,2020-01-18 02:30:00,5.94,994.09,77.3
AWS_001,2020-01-18 02:40:00,5.94,994.16,77.1
AWS_001,2020-01-18 02:50:00,5.85,994.16,77.3
AWS_001,2020-01-18 03:00:00,5.53,994.22,78.7
AWS_001,2020-01-18 03:10:00,5.46,994.28,78.7
AWS_001,2020-01-18 03:20:00,5.23,994.31,79.2
AWS_001,2020-01-18 03:30:00,5.03,994.44,79.6
AWS_001,2020-01-18 03:40:00,4.91,994.64,78.9
AWS_001,2020-01-18 03:50:00,5.0,994.79,77.3
AWS_001,2020-01-18 04:00:00,5.08,994.9,75.1
AWS_001,2020-01-18 04:10:00,5.26,995.0,71.7
AWS_001,2020-01-18 04:20:00,5.28,995.2,70.6
AWS_001,2020-01-18 04:30:00,5.07,995.42,71.1
AWS_001,2020-01-18 04:40:00,4.96,995.49,71.4
AWS_001,2020-01-18 04:50:00,4.83,995.41,70.7
AWS_001,2020-01-18 05:00:00,4.67,995.39,71.5
AWS_001,2020-01-18 05:10:00,4.41,995.52,72.8
AWS_001,2020-01-18 05:20:00,4.17,995.52,73.8
AWS_001,2020-01-18 05:30:00,4.08,995.63,74.6
AWS_001,2020-01-18 05:40:00,4.07,995.72,75.3
AWS_001,2020-01-18 05:50:00,4.01,995.89,75.6
AWS_001,2020-01-18 06:00:00,4.14,995.91,75.4
AWS_001,2020-01-18 06:10:00,4.14,996.01,75.4
AWS_001,2020-01-18 06:20:00,4.08,996.23,75.4
AWS_001,2020-01-18 06:30:00,3.88,996.38,75.9
AWS_001,2020-01-18 06:40:00,3.77,996.49,76.5
AWS_001,2020-01-18 06:50:00,3.69,996.6,76.7
AWS_001,2020-01-18 07:00:00,3.72,996.62,77.1
AWS_001,2020-01-18 07:10:00,3.54,996.72,78.0
AWS_001,2020-01-18 07:20:00,3.39,996.85,78.4
AWS_001,2020-01-18 07:30:00,3.52,996.98,77.2
AWS_001,2020-01-18 07:40:00,3.54,996.89,76.9
AWS_001,2020-01-18 07:50:00,3.6,996.93,76.6
AWS_001,2020-01-18 08:00:00,3.58,997.05,76.7
AWS_001,2020-01-18 08:10:00,3.49,997.19,77.1
AWS_001,2020-01-18 08:20:00,3.33,997.35,77.7
AWS_001,2020-01-18 08:30:00,3.27,997.39,78.0
AWS_001,2020-01-18 08:40:00,3.23,997.4,78.1
AWS_001,2020-01-18 08:50:00,3.26,997.48,77.9
AWS_001,2020-01-18 09:00:00,3.37,997.51,77.1
AWS_001,2020-01-18 09:10:00,3.39,997.61,76.8
AWS_001,2020-01-18 09:20:00,3.18,997.61,77.3
AWS_001,2020-01-18 09:30:00,3.02,997.63,78.1
AWS_001,2020-01-18 09:40:00,2.94,997.69,79.6
AWS_001,2020-01-18 09:50:00,2.79,997.69,81.1
AWS_001,2020-01-18 10:00:00,2.72,997.72,81.2
AWS_001,2020-01-18 10:10:00,2.94,997.74,80.2
AWS_001,2020-01-18 10:20:00,3.35,997.8,78.3
AWS_001,2020-01-18 10:30:00,3.67,997.85,77.2
AWS_001,2020-01-18 10:40:00,3.94,997.89,76.8
AWS_001,2020-01-18 10:50:00,4.3,997.92,76.2
AWS_001,2020-01-18 11:00:00,4.76,997.92,74.3
AWS_001,2020-01-18 11:10:00,5.27,997.92,72.3
AWS_001,2020-01-18 11:20:00,5.63,997.78,70.2
AWS_001,2020-01-18 11:30:00,5.9,997.78,68.42
AWS_001,2020-01-18 11:40:00,6.01,997.76,67.54
AWS_001,2020-01-18 11:50:00,5.98,997.74,66.68
AWS_001,2020-01-18 12:00:00,5.95,997.72,66.58
AWS_001,2020-01-18 12:10:00,5.87,997.65,66.06
AWS_001,2020-01-18 12:20:00,5.81,997.6,66.15
AWS_001,2020-01-18 12:30:00,5.83,997.58,66.29
AWS_001,2020-01-18 12:40:00,5.87,997.48,66.21
AWS_001,2020-01-18 12:50:00,5.87,997.49,66.04
AWS_001,2020-01-18 13:00:00,5.87,997.49,66.34
AWS_001,2020-01-18 13:10:00,5.87,997.46,66.11
AWS_001,2020-01-18 13:20:00,5.87,997.37,66.17
AWS_001,2020-01-18 13:30:00,5.91,997.36,65.78
AWS_001,2020-01-18 13:40:00,5.94,997.28,63.23
AWS_001,2020-01-18 13:50:00,6.02,997.34,62.25
AWS_001,2020-01-18 14:00:00,6.26,997.3,61.73
AWS_001,2020-01-18 14:10:00,6.18,997.12,61.43
AWS_001,2020-01-18 14:20:00,6.07,997.2,61.87
AWS_001,2020-01-18 14:30:00,6.11,997.23,61.83
AWS_001,2020-01-18 14:40:00,6.14,997.23,61.26
AWS_001,2020-01-18 14:50:00,6.07,997.3,60.77
AWS_001,2020-01-18 15:00:00,5.92,997.34,61.19
AWS_001,2020-01-18 15:10:00,5.83,997.36,62.25
AWS_001,2020-01-18 15:20:00,5.72,997.45,62.68
AWS_001,2020-01-18 15:30:00,5.67,997.48,63.07
AWS_001,2020-01-18 15:40:00,5.67,997.48,63.42
AWS_001,2020-01-18 15:50:00,5.6,997.45,64.11
AWS_001,2020-01-18 16:00:00,5.43,997.48,65.4
AWS_001,2020-01-18 16:10:00,5.32,997.49,65.97
AWS_001,2020-01-18 16:20:00,5.25,997.5,66.09
AWS_001,2020-01-18 16:30:00,5.18,997.53,66.62
AWS_001,2020-01-18 16:40:00,5.11,997.65,67.12
AWS_001,2020-01-18 16:50:00,5.02,997.84,67.56
AWS_001,2020-01-18 17:00:00,4.98,997.86,67.77
AWS_001,2020-01-18 17:10:00,4.88,997.98,68.3
AWS_001,2020-01-18 17:20:00,4.82,998.11,68.57
AWS_001,2020-01-18 17:30:00,4.69,998.13,69.29
AWS_001,2020-01-18 17:40:00,4.59,998.22,69.79
AWS_001,2020-01-18 17:50:00,4.49,998.21,70.4
AWS_001,2020-01-18 18:00:00,4.45,998.34,70.7
AWS_001,2020-01-18 18:10:00,4.65,998.37,69.48
AWS_001,2020-01-18 18:20:00,4.49,998.41,70.5
AWS_001,2020-01-18 18:30:00,4.29,998.45,71.7
AWS_001,2020-01-18 18:40:00,4.21,998.56,72.0
AWS_001,2020-01-18 18:50:00,4.15,998.61,72.3
AWS_001,2020-01-18 19:00:00,4.09,998.7,72.5
AWS_001,2020-01-18 19:10:00,4.08,998.74,72.4
AWS_001,2020-01-18 19:20:00,4.13,998.76,72.0
AWS_001,2020-01-18 19:30:00,4.14,998.74,71.7
AWS_001,2020-01-18 19:40:00,4.19,998.73,71.1
AWS_001,2020-01-18 19:50:00,4.16,998.76,71.1
AWS_001,2020-01-18 20:00:00,4.09,998.83,71.2
AWS_001,2020-01-18 20:10:00,3.93,998.9,71.6
AWS_001,2020-01-18 20:20:00,3.69,998.9,72.7
AWS_001,2020-01-18 20:30:00,3.54,999.05,73.6
AWS_001,2020-01-18 20:40:00,3.45,999.05,74.0
AWS_001,2020-01-18 20:50:00,3.44,999.09,74.2
AWS_001,2020-01-18 21:00:00,3.57,999.2,73.9
AWS_001,2020-01-18 21:10:00,3.65,999.29,74.0
AWS_001,2020-01-18 21:20:00,3.67,999.24,74.2
AWS_001,2020-01-18 21:30:00,3.71,999.32,74.6
AWS_001,2020-01-18 21:40:00,3.68,999.32,75.0
AWS_001,2020-01-18 21:50:00,3.58,999.39,75.7
AWS_001,2020-01-18 22:00:00,3.44,999.53,76.6
AWS_001,2020-01-18 22:10:00,3.38,999.57,77.1
AWS_001,2020-01-18 22:20:00,3.35,999.57,77.4
AWS_001,2020-01-18 22:30:00,3.34,999.58,78.0
AWS_001,2020-01-18 22:40:00,3.33,999.66,78.2
AWS_001,2020-01-18 22:50:00,3.3,999.71,78.3
AWS_001,2020-01-18 23:00:00,3.34,999.77,78.1
AWS_001,2020-01-18 23:10:00,3.36,999.81,77.9
AWS_001,2020-01-18 23:20:00,3.29,999.93,78.3
AWS_001,2020-01-18 23:30:00,3.21,1000.03,78.5
AWS_001,2020-01-18 23:40:00,3.11,1000.13,79.0
AWS_001,2020-01-18 23:50:00,3.01,1000.19,79.3
AWS_001,2020-01-19 00:00:00,2.94,1000.19,79.4
AWS_001,2020-01-19 00:10:00,2.96,1000.23,79.4
AWS_001,2020-01-19 00:20:00,2.91,1000.17,79.4
AWS_001,2020-01-19 00:30:00,2.78,1000.15,79.8
AWS_001,2020-01-19 00:40:00,2.62,1000.25,80.0
AWS_001,2020-01-19 00:50:00,2.48,1000.38,80.1
AWS_001,2020-01-19 01:00:00,2.32,1000.47,80.1
AWS_001,2020-01-19 01:10:00,2.24,1000.53,80.1
AWS_001,2020-01-19 01:20:00,2.26,1000.63,80.0
AWS_001,2020-01-19 01:30:00,2.24,1000.69,80.2
AWS_001,2020-01-19 01:40:00,2.15,1000.71,80.7
AWS_001,2020-01-19 01:50:00,2.02,1000.77,81.3
AWS_001,2020-01-19 02:00:00,1.9,1000.88,82.0
AWS_001,2020-01-19 02:10:00,1.86,1000.99,82.4
AWS_001,2020-01-19 02:20:00,1.8,1001.11,82.6
AWS_001,2020-01-19 02:30:00,1.68,1001.24,83.4
AWS_001,2020-01-19 02:40:00,1.46,1001.22,84.4
AWS_001,2020-01-19 02:50:00,1.24,1001.32,85.4
AWS_001,2020-01-19 03:00:00,1.17,1001.42,86.2
AWS_001,2020-01-19 03:10:00,1.15,1001.46,86.3
AWS_001,2020-01-19 03:20:00,1.06,1001.59,86.4
AWS_001,2020-01-19 03:30:00,1.01,1001.74,86.8
AWS_001,2020-01-19 03:40:00,0.86,1001.9,86.7
AWS_001,2020-01-19 03:50:00,0.86,1002.0,87.5
AWS_001,2020-01-19 04:00:00,1.12,1002.19,86.7
AWS_001,2020-01-19 04:10:00,1.22,1002.29,86.0
AWS_001,2020-01-19 04:20:00,1.34,1002.36,85.9
AWS_001,2020-01-19 04:30:00,1.43,1002.41,85.3
AWS_001,2020-01-19 04:40:00,1.48,1002.5,85.0
AWS_001,2020-01-19 04:50:00,1.57,1002.59,84.9
AWS_001,2020-01-19 05:00:00,1.66,1002.59,84.6
AWS_001,2020-01-19 05:10:00,1.54,1002.66,84.9
AWS_001,2020-01-19 05:20:00,1.59,1002.72,85.1
AWS_001,2020-01-19 05:30:00,1.66,1002.71,84.8
AWS_001,2020-01-19 05:40:00,1.66,1002.79,85.0
AWS_001,2020-01-19 05:50:00,1.76,1002.9,84.3
AWS_001,2020-01-19 06:00:00,1.74,1003.01,84.5
AWS_001,2020-01-19 06:10:00,1.65,1003.18,85.8
AWS_001,2020-01-19 06:20:00,1.55,1003.3,86.9
AWS_001,2020-01-19 06:30:00,1.55,1003.48,87.8
AWS_001,2020-01-19 06:40:00,1.36,1003.52,89.3
AWS_001,2020-01-19 06:50:00,1.24,1003.56,90.5
AWS_001,2020-01-19 07:00:00,1.16,1003.69,90.8
AWS_001,2020-01-19 07:10:00,0.94,1003.76,91.3
AWS_001,2020-01-19 07:20:00,0.72,1003.86,92.1
AWS_001,2020-01-19 07:30:00,0.73,1003.98,93.1
AWS_001,2020-01-19 07:40:00,0.69,1004.01,93.2
AWS_001,2020-01-19 07:50:00,0.55,1004.11,93.6
AWS_001,2020-01-19 08:00:00,0.58,1004.34,94.0
AWS_001,2020-01-19 08:10:00,0.67,1004.5,94.3
AWS_001,2020-01-19 08:20:00,0.54,1004.63,93.8
AWS_001,2020-01-19 08:30:00,0.49,1004.77,94.2
AWS_001,2020-01-19 08:40:00,0.52,1004.91,94.5
AWS_001,2020-01-19 08:50:00,0.63,1005.01,94.7
AWS_001,2020-01-19 09:00:00,0.75,1005.22,94.9
AWS_001,2020-01-19 09:10:00,1.16,1005.3,94.8
AWS_001,2020-01-19 09:20:00,1.44,1005.46,93.6
AWS_001,2020-01-19 09:30:00,1.64,1005.64,92.7
AWS_001,2020-01-19 09:40:00,1.81,1005.8,91.7
AWS_001,2020-01-19 09:50:00,1.88,1005.94,90.8
AWS_001,2020-01-19 10:00:00,1.94,1006.08,90.4
AWS_001,2020-01-19 10:10:00,2.04,1006.19,90.3
AWS_001,2020-01-19 10:20:00,2.17,1006.33,90.0
AWS_001,2020-01-19 10:30:00,2.31,1006.54,89.6
AWS_001,2020-01-19 10:40:00,2.5,1006.75,89.2
AWS_001,2020-01-19 10:50:00,2.69,1006.92,88.6
AWS_001,2020-01-19 11:00:00,2.9,1007.14,87.6
AWS_001,2020-01-19 11:10:00,2.92,1007.15,87.3
AWS_001,2020-01-19 11:20:00,2.9,1007.27,87.5
AWS_001,2020-01-19 11:30:00,3.08,1007.43,86.1
AWS_001,2020-01-19 11:40:00,3.27,1007.53,85.4
AWS_001,2020-01-19 11:50:00,3.28,1007.58,85.0
AWS_001,2020-01-19 12:00:00,3.25,1007.55,85.1
AWS_001,2020-01-19 12:10:00,3.38,1007.56,84.7
AWS_001,2020-01-19 12:20:00,3.6,1007.67,83.8
AWS_001,2020-01-19 12:30:00,3.62,1007.67,82.7
AWS_001,2020-01-19 12:40:00,3.84,1007.71,82.1
AWS_001,2020-01-19 12:50:00,3.88,1007.82,81.1
AWS_001,2020-01-19 13:00:00,3.99,1007.84,80.6
AWS_001,2020-01-19 13:10:00,4.1,1007.87,79.6
AWS_001,2020-01-19 13:20:00,4.07,1008.05,79.3
AWS_001,2020-01-19 13:30:00,4.03,1008.19,79.6
AWS_001,2020-01-19 13:40:00,4.05,1008.3,79.9
AWS_001,2020-01-19 13:50:00,3.97,1008.46,80.0
AWS_001,2020-01-19 14:00:00,3.8,1008.63,81.1
AWS_001,2020-01-19 14:10:00,3.71,1008.66,82.7
AWS_001,2020-01-19 14:20:00,3.74,1008.63,82.7
AWS_001,2020-01-19 14:30:00,3.88,1008.64,82.2
AWS_001,2020-01-19 14:40:00,3.97,1008.75,81.4
AWS_001,2020-01-19 14:50:00,4.0,1008.88,80.3
AWS_001,2020-01-19 15:00:00,4.02,1008.89,78.6
AWS_001,2020-01-19 15:10:00,4.03,1009.07,78.0
AWS_001,2020-01-19 15:20:00,4.08,1009.17,77.9
AWS_001,2020-01-19 15:30:00,4.03,1009.29,78.1
AWS_001,2020-01-19 15:40:00,4.0,1009.42,78.6
AWS_001,2020-01-19 15:50:00,3.96,1009.59,79.0
AWS_001,2020-01-19 16:00:00,3.94,1009.74,79.3
AWS_001,2020-01-19 16:10:00,3.88,1009.86,79.2
AWS_001,2020-01-19 16:20:00,3.77,1010.01,79.7
AWS_001,2020-01-19 16:30:00,3.7,1010.08,80.0
AWS_001,2020-01-19 16:40:00,3.56,1010.26,80.5
AWS_001,2020-01-19 16:50:00,3.42,1010.51,81.1
AWS_001,2020-01-19 17:00:00,3.33,1010.65,81.5
AWS_001,2020-01-19 17:10:00,3.32,1010.82,81.5
AWS_001,2020-01-19 17:20:00,3.25,1010.99,81.5
AWS_001,2020-01-19 17:30:00,3.25,1011.12,80.7
AWS_001,2020-01-19 17:40:00,3.22,1011.22,80.5
AWS_001,2020-01-19 17:50:00,3.15,1011.38,80.8
AWS_001,2020-01-19 18:00:00,3.06,1011.51,80.8
AWS_001,2020-01-19 18:10:00,2.91,1011.65,81.6
AWS_001,2020-01-19 18:20:00,2.76,1011.78,82.5
AWS_001,2020-01-19 18:30:00,2.7,1011.91,83.2
AWS_001,2020-01-19 18:40:00,2.78,1012.02,83.7
AWS_001,2020-01-19 18:50:00,2.84,1012.06,83.7
AWS_001,2020-01-19 19:00:00,2.92,1012.34,83.5
AWS_001,2020-01-19 19:10:00,3.02,1012.47,83.3
AWS_001,2020-01-19 19:20:00,3.06,1012.65,83.2
AWS_001,2020-01-19 19:30:00,2.98,1012.72,84.2
AWS_001,2020-01-19 19:40:00,2.89,1012.72,84.8
AWS_001,2020-01-19 19:50:00,2.89,1012.79,84.6
AWS_001,2020-01-19 20:00:00,2.89,1012.88,84.5
AWS_001,2020-01-19 20:10:00,2.92,1012.99,84.6
AWS_001,2020-01-19 20:20:00,2.87,1013.07,84.6
AWS_001,2020-01-19 20:30:00,2.86,1013.2,84.2
AWS_001,2020-01-19 20:40:00,2.8,1013.25,84.6
AWS_001,2020-01-19 20:50:00,2.81,1013.46,84.5
AWS_001,2020-01-19 21:00:00,2.91,1013.72,83.7
AWS_001,2020-01-19 21:10:00,2.92,1013.76,84.4
AWS_001,2020-01-19 21:20:00,2.93,1013.86,84.4
AWS_001,2020-01-19 21:30:00,2.94,1013.97,84.1
AWS_001,2020-01-19 21:40:00,2.93,1014.0,84.6
AWS_001,2020-01-19 21:50:00,2.94,1014.07,84.6
AWS_001,2020-01-19 22:00:00,2.92,1014.17,84.8
AWS_001,2020-01-19 22:10:00,2.9,1014.32,85.0
AWS_001,2020-01-19 22:20:00,2.98,1014.5,84.9
AWS_001,2020-01-19 22:30:00,2.95,1014.63,84.8
AWS_001,2020-01-19 22:40:00,2.89,1014.76,85.2
AWS_001,2020-01-19 22:50:00,2.91,1014.91,85.4
AWS_001,2020-01-19 23:00:00,2.97,1014.94,84.9
AWS_001,2020-01-19 23:10:00,2.97,1015.08,85.1
AWS_001,2020-01-19 23:20:00,2.94,1015.2,85.3
AWS_001,2020-01-19 23:30:00,2.87,1015.32,85.5
AWS_001,2020-01-19 23:40:00,2.87,1015.32,85.9
AWS_001,2020-01-19 23:50:00,2.87,1015.42,85.4
AWS_001,2020-01-20 00:00:00,2.83,1015.51,85.8
AWS_001,2020-01-20 00:10:00,2.87,1015.49,86.0
AWS_001,2020-01-20 00:20:00,2.88,1015.53,85.7
AWS_001,2020-01-20 00:30:00,2.88,1015.6,85.3
AWS_001,2020-01-20 00:40:00,2.93,1015.68,85.5
AWS_001,2020-01-20 00:50:00,2.96,1015.81,85.1
AWS_001,2020-01-20 01:00:00,2.87,1015.88,85.1
AWS_001,2020-01-20 01:10:00,2.87,1015.89,85.1
AWS_001,2020-01-20 01:20:00,2.87,1016.02,85.3
AWS_001,2020-01-20 01:30:00,2.87,1016.13,85.5
AWS_001,2020-01-20 01:40:00,2.72,1016.12,86.5
AWS_001,2020-01-20 01:50:00,2.77,1016.12,87.1
AWS_001,2020-01-20 02:00:00,2.74,1016.15,86.6
AWS_001,2020-01-20 02:10:00,2.65,1016.2,87.0
AWS_001,2020-01-20 02:20:00,2.65,1016.28,86.5
AWS_001,2020-01-20 02:30:00,2.7,1016.38,86.3
AWS_001,2020-01-20 02:40:00,2.71,1016.45,86.3
AWS_001,2020-01-20 02:50:00,2.73,1016.53,86.1
AWS_001,2020-01-20 03:00:00,2.76,1016.53,85.6
AWS_001,2020-01-20 03:10:00,2.64,1016.56,86.4
AWS_001,2020-01-20 03:20:00,2.61,1016.54,86.4
AWS_001,2020-01-20 03:30:00,2.53,1016.6,86.1
AWS_001,2020-01-20 03:40:00,2.55,1016.74,85.8
AWS_001,2020-01-20 03:50:00,2.63,1016.84,84.8
AWS_001,2020-01-20 04:00:00,2.58,1016.83,84.9
AWS_001,2020-01-20 04:10:00,2.49,1016.89,85.7
AWS_001,2020-01-20 04:20:00,2.54,1016.95,85.8
AWS_001,2020-01-20 04:30:00,2.45,1016.99,86.3
AWS_001,2020-01-20 04:40:00,2.38,1017.0,86.5
AWS_001,2020-01-20 04:50:00,2.32,1017.07,86.2
AWS_001,2020-01-20 05:00:00,2.25,1017.14,86.4
AWS_001,2020-01-20 05:10:00,2.41,1017.24,85.7
AWS_001,2020-01-20 05:20:00,2.32,1017.44,85.7
AWS_001,2020-01-20 05:30:00,2.25,1017.56,86.2
AWS_001,2020-01-20 05:40:00,2.23,1017.57,85.7
AWS_001,2020-01-20 05:50:00,2.25,1017.62,85.9
AWS_001,2020-01-20 06:00:00,2.26,1017.76,85.2
AWS_001,2020-01-20 06:10:00,2.24,1017.92,85.1
AWS_001,2020-01-20 06:20:00,2.3,1018.01,85.3
AWS_001,2020-01-20 06:30:00,2.39,1017.95,84.3
AWS_001,2020-01-20 06:40:00,2.39,1017.82,83.5
AWS_001,2020-01-20 06:50:00,2.33,1017.77,83.0
AWS_001,2020-01-20 07:00:00,2.41,1017.87,81.5
AWS_001,2020-01-20 07:10:00,2.57,1017.89,81.1
AWS_001,2020-01-20 07:20:00,2.29,1017.94,84.2
AWS_001,2020-01-20 07:30:00,2.0,1018.11,85.3
AWS_001,2020-01-20 07:40:00,2.12,1018.14,83.1
AWS_001,2020-01-20 07:50:00,2.06,1018.2,82.7
AWS_001,2020-01-20 08:00:00,1.95,1018.29,82.7
AWS_001,2020-01-20 08:10:00,1.93,1018.46,82.3
AWS_001,2020-01-20 08:20:00,1.88,1018.44,82.4
AWS_001,2020-01-20 08:30:00,1.79,1018.49,83.4
AWS_001,2020-01-20 08:40:00,1.8,1018.63,84.2
AWS_001,2020-01-20 08:50:00,2.11,1018.81,83.8
AWS_001,2020-01-20 09:00:00,2.13,1018.9,82.6
AWS_001,2020-01-20 09:10:00,2.05,1019.05,83.0
AWS_001,2020-01-20 09:20:00,2.09,1019.1,82.3
AWS_001,2020-01-20 09:30:00,2.26,1019.14,82.3
AWS_001,2020-01-20 09:40:00,2.48,1019.21,81.0
AWS_001,2020-01-20 09:50:00,2.47,1019.46,80.7
AWS_001,2020-01-20 10:00:00,2.59,1019.59,80.0
AWS_001,2020-01-20 10:10:00,2.77,1019.59,79.7
AWS_001,2020-01-20 10:20:00,2.85,1019.69,79.2
AWS_001,2020-01-20 10:30:00,2.83,1019.71,79.2
AWS_001,2020-01-20 10:40:00,2.92,1019.8,78.5
AWS_001,2020-01-20 10:50:00,3.08,1019.88,77.1
AWS_001,2020-01-20 11:00:00,3.08,1019.96,78.0
AWS_001,2020-01-20 11:10:00,3.29,1020.03,77.6
AWS_001,2020-01-20 11:20:00,3.56,1020.01,75.8
AWS_001,2020-01-20 11:30:00,3.73,1020.06,75.0
AWS_001,2020-01-20 11:40:00,3.77,1020.06,74.1
AWS_001,2020-01-20 11:50:00,3.73,1020.06,74.8
AWS_001,2020-01-20 12:00:00,3.79,1020.07,75.0
AWS_001,2020-01-20 12:10:00,3.63,1020.05,74.3
AWS_001,2020-01-20 12:20:00,3.61,1020.07,73.6
AWS_001,2020-01-20 12:30:00,3.67,1020.03,72.5
AWS_001,2020-01-20 12:40:00,3.71,1020.05,70.3
AWS_001,2020-01-20 12:50:00,3.89,1019.96,68.15
AWS_001,2020-01-20 13:00:00,3.99,1019.94,68.2
AWS_001,2020-01-20 13:10:00,3.8,1019.88,68.63
AWS_001,2020-01-20 13:20:00,3.87,1019.85,68.63
AWS_001,2020-01-20 13:30:00,3.88,1019.84,67.95
AWS_001,2020-01-20 13:40:00,3.88,1019.82,67.67
AWS_001,2020-01-20 13:50:00,3.86,1019.72,67.79
AWS_001,2020-01-20 14:00:00,3.77,1019.59,67.37
AWS_001,2020-01-20 14:10:00,4.06,1019.59,66.42
AWS_001,2020-01-20 14:20:00,4.28,1019.57,66.59
AWS_001,2020-01-20 14:30:00,4.42,1019.5,66.17
AWS_001,2020-01-20 14:40:00,4.86,1019.47,64.36
AWS_001,2020-01-20 14:50:00,4.52,1019.37,64.63
AWS_001,2020-01-20 15:00:00,4.48,1019.3,64.82
AWS_001,2020-01-20 15:10:00,4.4,1019.21,65.6
AWS_001,2020-01-20 15:20:00,4.79,1019.14,65.07
AWS_001,2020-01-20 15:30:00,4.6,1019.1,65.14
AWS_001,2020-01-20 15:40:00,4.08,1019.1,67.03
AWS_001,2020-01-20 15:50:00,3.89,1019.09,67.84
AWS_001,2020-01-20 16:00:00,3.84,1019.06,67.67
AWS_001,2020-01-20 16:10:00,3.82,1019.01,66.79
AWS_001,2020-01-20 16:20:00,3.83,1018.98,67.13
AWS_001,2020-01-20 16:30:00,3.84,1018.94,67.26
AWS_001,2020-01-20 16:40:00,3.75,1018.9,67.57
AWS_001,2020-01-20 16:50:00,3.63,1018.89,68.74
AWS_001,2020-01-20 17:00:00,3.56,1018.87,69.93
AWS_001,2020-01-20 17:10:00,3.52,1018.85,70.1
AWS_001,2020-01-20 17:20:00,3.46,1018.86,70.2
AWS_001,2020-01-20 17:30:00,3.45,1018.87,70.2
AWS_001,2020-01-20 17:40:00,3.46,1018.94,69.91
AWS_001,2020-01-20 17:50:00,3.24,1018.94,70.9
AWS_001,2020-01-20 18:00:00,3.02,1018.96,71.7
AWS_001,2020-01-20 18:10:00,3.12,1018.89,71.2
AWS_001,2020-01-20 18:20:00,3.2,1018.87,70.8
AWS_001,2020-01-20 18:30:00,3.08,1018.85,71.4
AWS_001,2020-01-20 18:40:00,2.89,1018.9,72.8
AWS_001,2020-01-20 18:50:00,2.69,1018.96,73.5
AWS_001,2020-01-20 19:00:00,2.48,1019.05,73.9
AWS_001,2020-01-20 19:10:00,2.35,1019.09,75.0
AWS_001,2020-01-20 19:20:00,2.15,1019.09,74.9
AWS_001,2020-01-20 19:30:00,1.91,1019.06,75.4
AWS_001,2020-01-20 19:40:00,1.74,1019.09,77.1
AWS_001,2020-01-20 19:50:00,1.59,1019.13,76.9
AWS_001,2020-01-20 20:00:00,1.34,1019.09,77.2
AWS_001,2020-01-20 20:10:00,1.15,1019.05,78.7
AWS_001,2020-01-20 20:20:00,1.06,1019.09,79.7
AWS_001,2020-01-20 20:30:00,0.99,1019.03,80.2
AWS_001,2020-01-20 20:40:00,0.73,1019.02,79.5
AWS_001,2020-01-20 20:50:00,0.47,1018.97,80.6
AWS_001,2020-01-20 21:00:00,0.33,1018.97,81.9
AWS_001,2020-01-20 21:10:00,0.06,1018.98,84.3
AWS_001,2020-01-20 21:20:00,-0.19,1018.99,86.4
AWS_001,2020-01-20 21:30:00,-0.35,1018.91,87.1
AWS_001,2020-01-20 21:40:00,-0.52,1018.8,86.9
AWS_001,2020-01-20 21:50:00,-0.72,1018.83,86.6
AWS_001,2020-01-20 22:00:00,-0.93,1018.8,87.2
AWS_001,2020-01-20 22:10:00,-1.05,1018.77,88.2
AWS_001,2020-01-20 22:20:00,-1.31,1018.81,87.9
AWS_001,2020-01-20 22:30:00,-1.46,1018.85,89.2
AWS_001,2020-01-20 22:40:00,-1.55,1018.79,90.1
AWS_001,2020-01-20 22:50:00,-1.68,1018.72,90.5
AWS_001,2020-01-20 23:00:00,-1.73,1018.71,91.3
AWS_001,2020-01-20 23:10:00,-1.67,1018.67,91.9
AWS_001,2020-01-20 23:20:00,-1.58,1018.72,92.2
AWS_001,2020-01-20 23:30:00,-1.46,1018.69,91.7
AWS_001,2020-01-20 23:40:00,-1.6,1018.64,90.8
AWS_001,2020-01-20 23:50:00,-1.72,1018.64,91.3
AWS_001,2020-01-21 00:00:00,-1.65,1018.54,91.5
AWS_001,2020-01-21 00:10:00,-1.53,1018.49,90.6
AWS_001,2020-01-21 00:20:00,-1.84,1018.41,90.6
AWS_001,2020-01-21 00:30:00,-2.17,1018.27,91.0
AWS_001,2020-01-21 00:40:00,-2.43,1018.17,91.3
AWS_001,2020-01-21 00:50:00,-2.39,1018.15,91.8
AWS_001,2020-01-21 01:00:00,-2.4,1018.11,91.9
AWS_001,2020-01-21 01:10:00,-2.5,1018.0,92.3
AWS_001,2020-01-21 01:20:00,-2.7,1017.97,92.6
AWS_001,2020-01-21 01:30:00,-2.8,1017.85,92.8
AWS_001,2020-01-21 01:40:00,-3.1,1017.76,92.4
AWS_001,2020-01-21 01:50:00,-3.31,1017.71,92.9
AWS_001,2020-01-21 02:00:00,-3.41,1017.6,93.4
AWS_001,2020-01-21 02:10:00,-3.57,1017.54,93.7
AWS_001,2020-01-21 02:20:00,-3.67,1017.46,94.2
AWS_001,2020-01-21 02:30:00,-3.64,1017.38,94.6
AWS_001,2020-01-21 02:40:00,-3.71,1017.32,94.6
AWS_001,2020-01-21 02:50:00,-3.76,1017.27,94.7
AWS_001,2020-01-21 03:00:00,-3.63,1017.17,95.0
AWS_001,2020-01-21 03:10:00,-3.63,1017.01,94.9
AWS_001,2020-01-21 03:20:00,-3.72,1016.86,94.7
AWS_001,2020-01-21 03:30:00,-3.85,1016.72,94.6
AWS_001,2020-01-21 03:40:00,-4.0,1016.64,94.4
AWS_001,2020-01-21 03:50:00,-4.08,1016.52,94.6
AWS_001,2020-01-21 04:00:00,-4.1,1016.43,94.5
AWS_001,2020-01-21 04:10:00,-4.16,1016.29,94.6
AWS_001,2020-01-21 04:20:00,-4.13,1016.29,94.8
AWS_001,2020-01-21 04:30:00,-3.95,1016.29,95.0
AWS_001,2020-01-21 04:40:00,-4.11,1016.24,94.3
AWS_001,2020-01-21 04:50:00,-4.42,1016.17,94.2
AWS_001,2020-01-21 05:00:00,-4.35,1016.18,94.6
AWS_001,2020-01-21 05:10:00,-4.22,1016.18,94.7
AWS_001,2020-01-21 05:20:00,-4.18,1016.16,94.7
AWS_001,2020-01-21 05:30:00,-4.01,1016.01,94.8
AWS_001,2020-01-21 05:40:00,-4.32,1016.0,93.9
AWS_001,2020-01-21 05:50:00,-4.28,1015.92,94.4
AWS_001,2020-01-21 06:00:00,-4.49,1015.84,93.8
AWS_001,2020-01-21 06:10:00,-4.66,1015.86,93.8
AWS_001,2020-01-21 06:20:00,-4.72,1015.91,94.0
AWS_001,2020-01-21 06:30:00,-4.8,1015.87,94.2
AWS_001,2020-01-21 06:40:00,-4.79,1015.8,94.4
AWS_001,2020-01-21 06:50:00,-4.81,1015.82,94.4
AWS_001,2020-01-21 07:00:00,-4.96,1015.8,94.1
AWS_001,2020-01-21 07:10:00,-5.11,1015.79,94.0
AWS_001,2020-01-21 07:20:00,-5.01,1015.81,94.4
AWS_001,2020-01-21 07:30:00,-4.95,1015.77,94.2
AWS_001,2020-01-21 07:40:00,-5.01,1015.79,94.3
AWS_001,2020-01-21 07:50:00,-5.06,1015.76,93.9
AWS_001,2020-01-21 08:00:00,-5.11,1015.68,94.0
AWS_001,2020-01-21 08:10:00,-5.19,1015.71,94.0
AWS_001,2020-01-21 08:20:00,-5.15,1015.75,94.0
AWS_001,2020-01-21 08:30:00,-5.08,1015.68,93.8
AWS_001,2020-01-21 08:40:00,-5.15,1015.68,93.7
AWS_001,2020-01-21 08:50:00,-5.2,1015.66,93.7
AWS_001,2020-01-21 09:00:00,-5.12,1015.62,93.9
AWS_001,2020-01-21 09:10:00,-5.07,1015.55,93.7
AWS_001,2020-01-21 09:20:00,-4.87,1015.53,93.9
AWS_001,2020-01-21 09:30:00,-4.46,1015.44,93.6
AWS_001,2020-01-21 09:40:00,-4.26,1015.39,92.7
AWS_001,2020-01-21 09:50:00,-3.84,1015.42,92.1
AWS_001,2020-01-21 10:00:00,-3.49,1015.44,90.1
AWS_001,2020-01-21 10:10:00,-3.19,1015.42,88.5
AWS_001,2020-01-21 10:20:00,-2.77,1015.47,87.1
AWS_001,2020-01-21 10:30:00,-2.76,1015.53,87.1
AWS_001,2020-01-21 10:40:00,-2.5,1015.47,86.8
AWS_001,2020-01-21 10:50:00,-2.21,1015.42,86.7
AWS_001,2020-01-21 11:00:00,-1.88,1015.41,85.9
AWS_001,2020-01-21 11:10:00,-1.43,1015.4,84.7
AWS_001,2020-01-21 11:20:00,-1.27,1015.39,83.9
AWS_001,2020-01-21 11:30:00,-0.85,1015.35,84.0
AWS_001,2020-01-21 11:40:00,-0.39,1015.3,82.3
AWS_001,2020-01-21 11:50:00,0.14,1015.23,80.8
AWS_001,2020-01-21 12:00:00,0.56,1015.1,79.3
AWS_001,2020-01-21 12:10:00,0.63,1014.88,79.1
AWS_001,2020-01-21 12:20:00,0.88,1014.78,78.5
AWS_001,2020-01-21 12:30:00,1.3,1014.67,77.5
AWS_001,2020-01-21 12:40:00,1.92,1014.51,75.2
AWS_001,2020-01-21 12:50:00,2.45,1014.31,73.6
AWS_001,2020-01-21 13:00:00,2.9,1014.16,72.0
AWS_001,2020-01-21 13:10:00,3.43,1014.02,70.7
AWS_001,2020-01-21 13:20:00,3.57,1013.91,69.99
AWS_001,2020-01-21 13:30:00,3.9,1013.84,68.64
AWS_001,2020-01-21 13:40:00,4.31,1013.71,67.31
AWS_001,2020-01-21 13:50:00,4.7,1013.69,66.14
AWS_001,2020-01-21 14:00:00,5.06,1013.64,65.05
AWS_001,2020-01-21 14:10:00,4.6,1013.41,66.24
AWS_001,2020-01-21 14:20:00,4.55,1013.34,65.51
AWS_001,2020-01-21 14:30:00,4.87,1013.09,63.95
AWS_001,2020-01-21 14:40:00,5.2,1012.96,61.41
AWS_001,2020-01-21 14:50:00,5.73,1012.85,59.68
AWS_001,2020-01-21 15:00:00,5.81,1012.82,59.61
AWS_001,2020-01-21 15:10:00,5.58,1012.85,60.3
AWS_001,2020-01-21 15:20:00,5.5,1012.78,60.2
AWS_001,2020-01-21 15:30:00,5.75,1012.64,59.8
AWS_001,2020-01-21 15:40:00,5.91,1012.54,59.62
AWS_001,2020-01-21 15:50:00,5.56,1012.46,60.85
AWS_001,2020-01-21 16:00:00,5.07,1012.41,62.17
AWS_001,2020-01-21 16:10:00,5.04,1012.39,62.14
AWS_001,2020-01-21 16:20:00,4.68,1012.37,63.3
AWS_001,2020-01-21 16:30:00,3.93,1012.23,65.17
AWS_001,2020-01-21 16:40:00,3.46,1012.17,65.04
AWS_001,2020-01-21 16:50:00,3.32,1012.09,64.43
AWS_001,2020-01-21 17:00:00,3.21,1012.02,64.54
AWS_001,2020-01-21 17:10:00,2.8,1011.8,64.06
AWS_001,2020-01-21 17:20:00,2.56,1011.83,65.3
AWS_001,2020-01-21 17:30:00,2.22,1011.83,67.3
AWS_001,2020-01-21 17:40:00,2.07,1011.83,67.77
AWS_001,2020-01-21 17:50:00,1.73,1011.83,68.59
AWS_001,2020-01-21 18:00:00,1.51,1011.84,69.64
AWS_001,2020-01-21 18:10:00,1.25,1011.73,70.3
AWS_001,2020-01-21 18:20:00,0.85,1011.7,72.1
AWS_001,2020-01-21 18:30:00,0.57,1011.64,73.5
AWS_001,2020-01-21 18:40:00,0.32,1011.58,73.9
AWS_001,2020-01-21 18:50:00,-0.03,1011.49,77.3
AWS_001,2020-01-21 19:00:00,-0.25,1011.55,78.2
AWS_001,2020-01-21 19:10:00,-0.55,1011.68,80.8
AWS_001,2020-01-21 19:20:00,-0.61,1011.8,83.7
AWS_001,2020-01-21 19:30:00,-0.67,1011.8,83.7
AWS_001,2020-01-21 19:40:00,-0.89,1011.69,83.7
AWS_001,2020-01-21 19:50:00,-0.71,1011.77,80.8
AWS_001,2020-01-21 20:00:00,-0.91,1011.69,80.1
AWS_001,2020-01-21 20:10:00,-1.22,1011.68,79.5
AWS_001,2020-01-21 20:20:00,-1.67,1011.6,84.1
AWS_001,2020-01-21 20:30:00,-1.67,1011.51,85.8
AWS_001,2020-01-21 20:40:00,-1.79,1011.63,87.2
AWS_001,2020-01-21 20:50:00,-1.93,1011.52,87.9
AWS_001,2020-01-21 21:00:00,-1.75,1011.48,87.7
AWS_001,2020-01-21 21:10:00,-1.78,1011.42,85.5
AWS_001,2020-01-21 21:20:00,-1.99,1011.28,86.3
AWS_001,2020-01-21 21:30:00,-2.35,1011.18,85.2
AWS_001,2020-01-21 21:40:00,-2.72,1011.05,88.0
AWS_001,2020-01-21 21:50:00,-2.91,1010.89,89.3
AWS_001,2020-01-21 22:00:00,-3.13,1010.73,90.5
AWS_001,2020-01-21 22:10:00,-3.34,1010.65,91.0
AWS_001,2020-01-21 22:20:00,-3.41,1010.58,91.7
AWS_001,2020-01-21 22:30:00,-3.51,1010.35,91.7
AWS_001,2020-01-21 22:40:00,-3.67,1010.23,91.7
AWS_001,2020-01-21 22:50:00,-3.81,1010.21,92.1
AWS_001,2020-01-21 23:00:00,-3.8,1010.23,92.5
AWS_001,2020-01-21 23:10:00,-3.68,1010.25,93.2
AWS_001,2020-01-21 23:20:00,-3.43,1010.15,93.1
AWS_001,2020-01-21 23:30:00,-3.29,1009.98,93.1
AWS_001,2020-01-21 23:40:00,-2.99,1009.9,92.5
AWS_001,2020-01-21 23:50:00,-2.91,1009.93,91.1
AWS_001,2020-01-22 00:00:00,-3.06,1009.97,89.7
AWS_001,2020-01-22 00:10:00,-3.24,1009.92,89.6
AWS_001,2020-01-22 00:20:00,-3.28,1009.82,89.9
AWS_001,2020-01-22 00:30:00,-3.08,1009.86,90.0
AWS_001,2020-01-22 00:40:00,-3.28,1009.7,89.5
AWS_001,2020-01-22 00:50:00,-3.48,1009.55,90.0
AWS_001,2020-01-22 01:00:00,-3.55,1009.55,90.0
AWS_001,2020-01-22 01:10:00,-3.53,1009.5,90.9
AWS_001,2020-01-22 01:20:00,-3.62,1009.32,90.7
AWS_001,2020-01-22 01:30:00,-3.73,1009.04,91.3
AWS_001,2020-01-22 01:40:00,-3.87,1008.92,90.1
AWS_001,2020-01-22 01:50:00,-4.38,1008.86,90.0
AWS_001,2020-01-22 02:00:00,-4.37,1008.94,91.5
AWS_001,2020-01-22 02:10:00,-4.37,1009.04,91.9
AWS_001,2020-01-22 02:20:00,-4.38,1009.05,92.3
AWS_001,2020-01-22 02:30:00,-4.43,1009.04,92.4
AWS_001,2020-01-22 02:40:00,-4.69,1008.86,92.4
AWS_001,2020-01-22 02:50:00,-4.54,1008.78,93.2
AWS_001,2020-01-22 03:00:00,-4.31,1008.6,92.5
AWS_001,2020-01-22 03:10:00,-4.35,1008.65,91.9
AWS_001,2020-01-22 03:20:00,-4.4,1008.62,91.2
AWS_001,2020-01-22 03:30:00,-4.58,1008.53,91.1
AWS_001,2020-01-22 03:40:00,-5.0,1008.46,91.3
AWS_001,2020-01-22 03:50:00,-5.22,1008.41,92.3
AWS_001,2020-01-22 04:00:00,-5.36,1008.28,92.4
AWS_001,2020-01-22 04:10:00,-5.56,1008.16,93.0
AWS_001,2020-01-22 04:20:00,-5.64,1008.08,93.3
AWS_001,2020-01-22 04:30:00,-5.77,1008.03,93.4
AWS_001,2020-01-22 04:40:00,-5.8,1007.85,93.6
AWS_001,2020-01-22 04:50:00,-5.7,1007.74,93.9
AWS_001,2020-01-22 05:00:00,-5.79,1007.73,93.6
AWS_001,2020-01-22 05:10:00,-6.09,1007.81,93.0
AWS_001,2020-01-22 05:20:00,-6.06,1007.93,94.1
AWS_001,2020-01-22 05:30:00,-5.69,1007.89,94.2
AWS_001,2020-01-22 05:40:00,-5.5,1007.98,94.0
AWS_001,2020-01-22 05:50:00,-5.47,1007.87,93.4
AWS_001,2020-01-22 06:00:00,-5.55,1007.46,92.8
AWS_001,2020-01-22 06:10:00,-6.05,1007.44,92.5
AWS_001,2020-01-22 06:20:00,-6.04,1007.43,93.0
AWS_001,2020-01-22 06:30:00,-6.14,1007.36,92.9
AWS_001,2020-01-22 06:40:00,-6.2,1007.25,92.9
AWS_001,2020-01-22 06:50:00,-6.44,1006.96,92.8
AWS_001,2020-01-22 07:00:00,-6.37,1006.54,93.2
AWS_001,2020-01-22 07:10:00,-6.29,1006.46,93.0
AWS_001,2020-01-22 07:20:00,-6.25,1006.4,92.7
AWS_001,2020-01-22 07:30:00,-6.14,1006.48,92.9
AWS_001,2020-01-22 07:40:00,-6.02,1006.39,92.2
AWS_001,2020-01-22 07:50:00,-5.99,1006.27,92.1
AWS_001,2020-01-22 08:00:00,-5.77,1006.38,91.6
AWS_001,2020-01-22 08:10:00,-5.71,1006.19,90.8
AWS_001,2020-01-22 08:20:00,-5.4,1006.32,90.8
AWS_001,2020-01-22 08:30:00,-4.84,1006.74,88.7
AWS_001,2020-01-22 08:40:00,-4.43,1007.35,86.5
AWS_001,2020-01-22 08:50:00,-3.89,1007.7,84.7
AWS_001,2020-01-22 09:00:00,-3.85,1007.92,82.9
AWS_001,2020-01-22 09:10:00,-4.07,1008.08,85.4
AWS_001,2020-01-22 09:20:00,-3.71,1008.16,85.6
AWS_001,2020-01-22 09:30:00,-3.68,1007.97,84.9
AWS_001,2020-01-22 09:40:00,-2.95,1007.79,86.1
AWS_001,2020-01-22 09:50:00,-1.75,1007.85,83.1
AWS_001,2020-01-22 10:00:00,-1.15,1007.95,80.9
AWS_001,2020-01-22 10:10:00,-1.73,1007.93,82.8
AWS_001,2020-01-22 10:20:00,-1.65,1007.94,83.5
AWS_001,2020-01-22 10:30:00,-1.59,1007.92,83.0
AWS_001,2020-01-22 10:40:00,-1.36,1007.78,83.0
AWS_001,2020-01-22 10:50:00,-1.43,1007.75,84.2
AWS_001,2020-01-22 11:00:00,-1.17,1007.71,83.6
AWS_001,2020-01-22 11:10:00,-1.05,1007.69,82.8
AWS_001,2020-01-22 11:20:00,-0.85,1007.66,82.9
AWS_001,2020-01-22 11:30:00,-0.74,1007.81,82.7
AWS_001,2020-01-22 11:40:00,-0.34,1007.66,81.7
AWS_001,2020-01-22 11:50:00,-0.17,1007.64,80.7
AWS_001,2020-01-22 12:00:00,0.03,1007.46,80.4
AWS_001,2020-01-22 12:10:00,0.33,1007.38,79.9
AWS_001,2020-01-22 12:20:00,0.52,1007.26,79.6
AWS_001,2020-01-22 12:30:00,0.68,1007.1,78.4
AWS_001,2020-01-22 12:40:00,0.7,1007.03,78.7
AWS_001,2020-01-22 12:50:00,0.86,1006.97,78.3
AWS_001,2020-01-22 13:00:00,1.03,1006.88,78.2
AWS_001,2020-01-22 13:10:00,1.54,1006.92,77.0
AWS_001,2020-01-22 13:20:00,1.49,1006.86,76.9
AWS_001,2020-01-22 13:30:00,1.68,1006.68,77.8
AWS_001,2020-01-22 13:40:00,1.9,1006.58,77.4
AWS_001,2020-01-22 13:50:00,1.94,1006.58,78.0
AWS_001,2020-01-22 14:00:00,1.92,1006.35,78.6
AWS_001,2020-01-22 14:10:00,1.92,1006.2,79.0
AWS_001,2020-01-22 14:20:00,2.17,1006.21,78.7
AWS_001,2020-01-22 14:30:00,2.29,1006.21,78.3
AWS_001,2020-01-22 14:40:00,2.33,1006.28,79.2
AWS_001,2020-01-22 14:50:00,2.23,1006.26,81.0
AWS_001,2020-01-22 15:00:00,2.12,1006.31,82.8
AWS_001,2020-01-22 15:10:00,2.02,1006.35,84.3
AWS_001,2020-01-22 15:20:00,1.91,1006.32,85.4
AWS_001,2020-01-22 15:30:00,1.74,1006.3,87.1
AWS_001,2020-01-22 15:40:00,1.67,1006.38,88.2
AWS_001,2020-01-22 15:50:00,1.73,1006.48,88.8
AWS_001,2020-01-22 16:00:00,1.71,1006.51,89.6
AWS_001,2020-01-22 16:10:00,1.66,1006.52,90.7
AWS_001,2020-01-22 16:20:00,1.54,1006.57,91.5
AWS_001,2020-01-22 16:30:00,1.46,1006.59,92.5
AWS_001,2020-01-22 16:40:00,1.39,1006.69,93.1
AWS_001,2020-01-22 16:50:00,1.45,1006.77,93.9
AWS_001,2020-01-22 17:00:00,1.48,1006.7,94.0
AWS_001,2020-01-22 17:10:00,1.44,1006.73,94.4
AWS_001,2020-01-22 17:20:00,1.4,1006.86,94.6
AWS_001,2020-01-22 17:30:00,1.35,1006.91,95.0
AWS_001,2020-01-22 17:40:00,1.42,1007.02,95.2
AWS_001,2020-01-22 17:50:00,1.4,1007.19,95.2
AWS_001,2020-01-22 18:00:00,1.38,1007.34,95.2
AWS_001,2020-01-22 18:10:00,1.4,1007.44,95.3
AWS_001,2020-01-22 18:20:00,1.35,1007.62,95.3
AWS_001,2020-01-22 18:30:00,1.42,1007.65,95.6
AWS_001,2020-01-22 18:40:00,1.41,1007.71,95.5
AWS_001,2020-01-22 18:50:00,1.3,1007.8,95.6
AWS_001,2020-01-22 19:00:00,1.31,1007.89,95.9
AWS_001,2020-01-22 19:10:00,1.35,1007.93,96.1
AWS_001,2020-01-22 19:20:00,1.55,1007.94,96.3
AWS_001,2020-01-22 19:30:00,1.59,1008.02,95.9
AWS_001,2020-01-22 19:40:00,1.42,1008.16,95.5
AWS_001,2020-01-22 19:50:00,1.5,1008.23,95.5
AWS_001,2020-01-22 20:00:00,1.61,1008.31,95.3
AWS_001,2020-01-22 20:10:00,1.71,1008.34,94.6
AWS_001,2020-01-22 20:20:00,1.65,1008.3,94.1
AWS_001,2020-01-22 20:30:00,1.71,1008.36,93.9
AWS_001,2020-01-22 20:40:00,1.74,1008.37,93.7
AWS_001,2020-01-22 20:50:00,1.57,1008.41,93.8
AWS_001,2020-01-22 21:00:00,1.5,1008.45,94.2
AWS_001,2020-01-22 21:10:00,1.48,1008.43,94.5
AWS_001,2020-01-22 21:20:00,1.51,1008.4,94.6
AWS_001,2020-01-22 21:30:00,1.58,1008.48,94.6
AWS_001,2020-01-22 21:40:00,1.53,1008.48,94.2
AWS_001,2020-01-22 21:50:00,1.46,1008.52,94.4
AWS_001,2020-01-22 22:00:00,1.47,1008.54,94.5
AWS_001,2020-01-22 22:10:00,1.4,1008.55,94.5
AWS_001,2020-01-22 22:20:00,1.4,1008.6,94.5
AWS_001,2020-01-22 22:30:00,1.4,1008.68,94.0
AWS_001,2020-01-22 22:40:00,1.3,1008.74,93.8
AWS_001,2020-01-22 22:50:00,1.37,1008.78,93.9
AWS_001,2020-01-22 23:00:00,1.35,1008.79,93.6
AWS_001,2020-01-22 23:10:00,1.45,1008.79,93.8
AWS_001,2020-01-22 23:20:00,1.36,1008.88,93.6
AWS_001,2020-01-22 23:30:00,1.37,1008.9,94.0
AWS_001,2020-01-22 23:40:00,1.3,1008.91,94.1
AWS_001,2020-01-22 23:50:00,1.38,1008.91,94.6
AWS_001,2020-01-23 00:00:00,1.3,1008.91,94.1
AWS_001,2020-01-23 00:10:00,1.21,1008.87,94.5
AWS_001,2020-01-23 00:20:00,1.44,1008.97,94.7
AWS_001,2020-01-23 00:30:00,1.26,1008.94,94.1
AWS_001,2020-01-23 00:40:00,1.3,1009.07,94.5
AWS_001,2020-01-23 00:50:00,1.26,1008.96,94.0
AWS_001,2020-01-23 01:00:00,1.24,1008.98,94.6
AWS_001,2020-01-23 01:10:00,1.32,1008.92,94.8
AWS_001,2020-01-23 01:20:00,1.29,1008.94,94.3
AWS_001,2020-01-23 01:30:00,1.14,1008.85,94.3
AWS_001,2020-01-23 01:40:00,1.15,1008.89,94.7
AWS_001,2020-01-23 01:50:00,1.2,1008.81,94.6
AWS_001,2020-01-23 02:00:00,1.29,1008.8,94.7
AWS_001,2020-01-23 02:10:00,1.23,1008.87,94.1
AWS_001,2020-01-23 02:20:00,1.08,1008.81,94.4
AWS_001,2020-01-23 02:30:00,1.04,1008.74,94.7
AWS_001,2020-01-23 02:40:00,0.91,1008.6,94.5
AWS_001,2020-01-23 02:50:00,0.87,1008.53,94.9
AWS_001,2020-01-23 03:00:00,0.89,1008.42,95.1
AWS_001,2020-01-23 03:10:00,0.88,1008.35,95.2
AWS_001,2020-01-23 03:20:00,0.98,1008.25,95.3
AWS_001,2020-01-23 03:30:00,0.95,1008.21,95.2
AWS_001,2020-01-23 03:40:00,0.92,1008.29,95.1
AWS_001,2020-01-23 03:50:00,0.82,1008.25,94.9
AWS_001,2020-01-23 04:00:00,0.73,1008.21,95.1
AWS_001,2020-01-23 04:10:00,0.73,1008.21,95.2
AWS_001,2020-01-23 04:20:00,0.71,1008.17,95.2
AWS_001,2020-01-23 04:30:00,0.69,1008.1,95.3
AWS_001,2020-01-23 04:40:00,0.72,1008.05,95.4
AWS_001,2020-01-23 04:50:00,0.73,1007.98,95.6
AWS_001,2020-01-23 05:00:00,0.75,1007.94,95.6
AWS_001,2020-01-23 05:10:00,0.72,1007.92,95.6
AWS_001,2020-01-23 05:20:00,0.71,1007.92,95.7
AWS_001,2020-01-23 05:30:00,0.75,1007.89,95.8
AWS_001,2020-01-23 05:40:00,0.76,1007.84,95.6
AWS_001,2020-01-23 05:50:00,0.67,1007.81,95.6
AWS_001,2020-01-23 06:00:00,0.68,1007.82,95.8
AWS_001,2020-01-23 06:10:00,0.74,1007.84,95.9
AWS_001,2020-01-23 06:20:00,0.82,1007.82,95.9
AWS_001,2020-01-23 06:30:00,0.82,1007.81,95.6
AWS_001,2020-01-23 06:40:00,0.84,1007.82,95.7
AWS_001,2020-01-23 06:50:00,0.86,1007.84,95.2
AWS_001,2020-01-23 07:00:00,0.72,1007.82,95.0
AWS_001,2020-01-23 07:10:00,0.56,1007.84,95.1
AWS_001,2020-01-23 07:20:00,0.52,1007.75,95.3
AWS_001,2020-01-23 07:30:00,0.59,1007.72,95.6
AWS_001,2020-01-23 07:40:00,0.62,1007.78,95.6
AWS_001,2020-01-23 07:50:00,0.68,1007.79,95.7
AWS_001,2020-01-23 08:00:00,0.74,1007.79,95.9
AWS_001,2020-01-23 08:10:00,0.78,1007.87,95.9
AWS_001,2020-01-23 08:20:00,0.88,1007.81,95.9
AWS_001,2020-01-23 08:30:00,0.93,1007.84,95.6
AWS_001,2020-01-23 08:40:00,0.91,1007.81,95.3
AWS_001,2020-01-23 08:50:00,0.79,1007.81,95.1
AWS_001,2020-01-23 09:00:00,0.82,1007.71,95.2
AWS_001,2020-01-23 09:10:00,0.84,1007.67,95.2
AWS_001,2020-01-23 09:20:00,0.8,1007.65,95.0
AWS_001,2020-01-23 09:30:00,0.76,1007.55,95.1
AWS_001,2020-01-23 09:40:00,0.76,1007.44,95.2
AWS_001,2020-01-23 09:50:00,0.89,1007.43,95.5
AWS_001,2020-01-23 10:00:00,1.03,1007.37,95.3
AWS_001,2020-01-23 10:10:00,1.27,1007.35,95.1
AWS_001,2020-01-23 10:20:00,1.37,1007.34,93.9
AWS_001,2020-01-23 10:30:00,1.44,1007.32,93.4
AWS_001,2020-01-23 10:40:00,1.75,1007.31,92.6
AWS_001,2020-01-23 10:50:00,1.89,1007.31,91.5
AWS_001,2020-01-23 11:00:00,1.98,1007.2,90.8
AWS_001,2020-01-23 11:10:00,2.13,1007.03,90.5
AWS_001,2020-01-23 11:20:00,2.2,1006.83,89.6
AWS_001,2020-01-23 11:30:00,2.49,1006.68,86.9
AWS_001,2020-01-23 11:40:00,2.54,1006.64,85.0
AWS_001,2020-01-23 11:50:00,2.7,1006.51,84.7
AWS_001,2020-01-23 12:00:00,2.64,1006.43,83.6
AWS_001,2020-01-23 12:10:00,2.69,1006.33,82.5
AWS_001,2020-01-23 12:20:00,2.69,1006.13,81.4
AWS_001,2020-01-23 12:30:00,2.73,1006.0,79.4
AWS_001,2020-01-23 12:40:00,2.7,1005.84,78.0
AWS_001,2020-01-23 12:50:00,2.65,1005.69,76.4
AWS_001,2020-01-23 13:00:00,2.64,1005.53,75.4
AWS_001,2020-01-23 13:10:00,2.62,1005.45,74.8
AWS_001,2020-01-23 13:20:00,2.75,1005.3,74.4
AWS_001,2020-01-23 13:30:00,2.76,1005.08,73.8
AWS_001,2020-01-23 13:40:00,2.79,1004.98,72.8
AWS_001,2020-01-23 13:50:00,2.75,1004.88,72.7
AWS_001,2020-01-23 14:00:00,2.72,1004.66,72.6
AWS_001,2020-01-23 14:10:00,2.79,1004.49,72.5
AWS_001,2020-01-23 14:20:00,2.7,1004.34,72.7
AWS_001,2020-01-23 14:30:00,2.66,1004.22,72.8
AWS_001,2020-01-23 14:40:00,2.73,1004.18,72.8
AWS_001,2020-01-23 14:50:00,2.59,1004.22,72.8
AWS_001,2020-01-23 15:00:00,2.66,1004.03,73.0
AWS_001,2020-01-23 15:10:00,2.93,1003.85,71.2
AWS_001,2020-01-23 15:20:00,2.9,1003.69,71.4
AWS_001,2020-01-23 15:30:00,3.46,1003.54,70.2
AWS_001,2020-01-23 15:40:00,3.64,1003.37,69.6
AWS_001,2020-01-23 15:50:00,3.62,1003.25,69.11
AWS_001,2020-01-23 16:00:00,3.35,1003.21,70.1
AWS_001,2020-01-23 16:10:00,3.05,1003.09,71.1
AWS_001,2020-01-23 16:20:00,2.67,1003.01,72.4
AWS_001,2020-01-23 16:30:00,2.2,1003.02,73.9
AWS_001,2020-01-23 16:40:00,1.87,1002.98,75.2
AWS_001,2020-01-23 16:50:00,1.72,1002.88,75.7
AWS_001,2020-01-23 17:00:00,1.57,1002.79,76.3
AWS_001,2020-01-23 17:10:00,1.54,1002.75,76.8
AWS_001,2020-01-23 17:20:00,1.44,1002.66,77.1
AWS_001,2020-01-23 17:30:00,1.09,1002.51,78.2
AWS_001,2020-01-23 17:40:00,0.9,1002.36,79.8
AWS_001,2020-01-23 17:50:00,0.84,1002.32,80.2
AWS_001,2020-01-23 18:00:00,0.78,1002.34,80.8
AWS_001,2020-01-23 18:10:00,0.49,1002.23,81.7
AWS_001,2020-01-23 18:20:00,0.17,1002.1,82.6
AWS_001,2020-01-23 18:30:00,0.1,1001.97,82.9
AWS_001,2020-01-23 18:40:00,-0.01,1001.82,83.1
AWS_001,2020-01-23 18:50:00,-0.15,1001.77,83.8
AWS_001,2020-01-23 19:00:00,-0.13,1001.65,84.0
AWS_001,2020-01-23 19:10:00,-0.19,1001.57,84.0
AWS_001,2020-01-23 19:20:00,-0.4,1001.54,84.7
AWS_001,2020-01-23 19:30:00,-0.56,1001.44,85.4
AWS_001,2020-01-23 19:40:00,-0.56,1001.36,85.8
AWS_001,2020-01-23 19:50:00,-0.57,1001.36,85.9
AWS_001,2020-01-23 20:00:00,-0.48,1001.35,85.5
AWS_001,2020-01-23 20:10:00,-0.66,1001.24,84.9
AWS_001,2020-01-23 20:20:00,-1.06,1001.11,86.8
AWS_001,2020-01-23 20:30:00,-1.23,1001.04,88.1
AWS_001,2020-01-23 20:40:00,-1.47,1001.01,89.1
AWS_001,2020-01-23 20:50:00,-1.55,1001.05,89.3
AWS_001,2020-01-23 21:00:00,-1.75,1001.04,90.2
AWS_001,2020-01-23 21:10:00,-2.01,1000.95,90.3
AWS_001,2020-01-23 21:20:00,-2.04,1000.93,90.8
AWS_001,2020-01-23 21:30:00,-2.12,1000.91,91.1
AWS_001,2020-01-23 21:40:00,-2.15,1000.92,91.3
AWS_001,2020-01-23 21:50:00,-2.2,1000.93,91.4
AWS_001,2020-01-23 22:00:00,-2.25,1000.92,91.6
AWS_001,2020-01-23 22:10:00,-2.18,1000.81,92.2
AWS_001,2020-01-23 22:20:00,-2.33,1000.79,91.7
AWS_001,2020-01-23 22:30:00,-2.57,1000.64,92.0
AWS_001,2020-01-23 22:40:00,-2.69,1000.45,92.5
AWS_001,2020-01-23 22:50:00,-2.71,1000.32,92.9
AWS_001,2020-01-23 23:00:00,-2.7,1000.3,93.0
AWS_001,2020-01-23 23:10:00,-2.86,1000.23,92.6
AWS_001,2020-01-23 23:20:00,-3.18,1000.2,92.5
AWS_001,2020-01-23 23:30:00,-3.27,1000.18,93.3
AWS_001,2020-01-23 23:40:00,-3.38,1000.08,93.4
AWS_001,2020-01-23 23:50:00,-3.52,1000.07,93.5
AWS_001,2020-01-24 00:00:00,-3.52,999.98,93.9
AWS_001,2020-01-24 00:10:00,-3.49,999.96,94.2
AWS_001,2020-01-24 00:20:00,-3.56,999.93,94.3
AWS_001,2020-01-24 00:30:00,-3.51,999.84,94.7
AWS_001,2020-01-24 00:40:00,-3.64,999.83,94.6
AWS_001,2020-01-24 00:50:00,-3.58,999.8,94.9
AWS_001,2020-01-24 01:00:00,-3.68,999.63,94.6
AWS_001,2020-01-24 01:10:00,-3.75,999.58,94.5
AWS_001,2020-01-24 01:20:00,-3.64,999.47,94.9
AWS_001,2020-01-24 01:30:00,-3.5,999.33,94.4
AWS_001,2020-01-24 01:40:00,-4.05,999.31,93.3
AWS_001,2020-01-24 01:50:00,-4.13,999.22,94.2
AWS_001,2020-01-24 02:00:00,-4.15,999.09,94.3
AWS_001,2020-01-24 02:10:00,-4.18,999.09,94.5
AWS_001,2020-01-24 02:20:00,-3.98,999.01,94.7
AWS_001,2020-01-24 02:30:00,-3.97,998.89,94.2
AWS_001,2020-01-24 02:40:00,-4.01,998.71,93.9
AWS_001,2020-01-24 02:50:00,-4.22,998.67,94.0
AWS_001,2020-01-24 03:00:00,-4.57,998.55,93.7
AWS_001,2020-01-24 03:10:00,-4.55,998.43,94.6
AWS_001,2020-01-24 03:20:00,-4.35,998.34,94.7
AWS_001,2020-01-24 03:30:00,-4.32,998.21,94.7
AWS_001,2020-01-24 03:40:00,-4.34,998.03,94.8
AWS_001,2020-01-24 03:50:00,-4.17,997.88,94.6
AWS_001,2020-01-24 04:00:00,-4.29,997.75,93.7
AWS_001,2020-01-24 04:10:00,-4.7,997.65,93.3
AWS_001,2020-01-24 04:20:00,-4.88,997.62,93.7
AWS_001,2020-01-24 04:30:00,-4.93,997.62,94.0
AWS_001,2020-01-24 04:40:00,-4.81,997.61,94.3
AWS_001,2020-01-24 04:50:00,-4.99,997.52,94.1
AWS_001,2020-01-24 05:00:00,-5.11,997.47,94.4
AWS_001,2020-01-24 05:10:00,-5.1,997.38,94.6
AWS_001,2020-01-24 05:20:00,-5.13,997.36,94.7
AWS_001,2020-01-24 05:30:00,-5.16,997.21,94.7
AWS_001,2020-01-24 05:40:00,-5.05,997.13,94.9
AWS_001,2020-01-24 05:50:00,-5.24,997.09,94.2
AWS_001,2020-01-24 06:00:00,-5.32,997.09,94.3
AWS_001,2020-01-24 06:10:00,-5.43,997.12,94.3
AWS_001,2020-01-24 06:20:00,-5.39,997.1,94.5
AWS_001,2020-01-24 06:30:00,-5.39,997.12,94.5
AWS_001,2020-01-24 06:40:00,-5.47,997.01,94.3
AWS_001,2020-01-24 06:50:00,-5.52,996.9,94.4
AWS_001,2020-01-24 07:00:00,-5.21,996.92,94.8
AWS_001,2020-01-24 07:10:00,-5.18,997.03,94.2
AWS_001,2020-01-24 07:20:00,-5.15,997.05,94.1
AWS_001,2020-01-24 07:30:00,-5.02,997.07,94.3
AWS_001,2020-01-24 07:40:00,-4.78,996.98,94.4
AWS_001,2020-01-24 07:50:00,-4.46,996.99,94.0
AWS_001,2020-01-24 08:00:00,-4.35,997.1,93.7
AWS_001,2020-01-24 08:10:00,-4.84,997.08,91.4
AWS_001,2020-01-24 08:20:00,-5.28,997.0,92.5
AWS_001,2020-01-24 08:30:00,-5.22,997.01,93.1
AWS_001,2020-01-24 08:40:00,-5.06,997.02,93.2
AWS_001,2020-01-24 08:50:00,-4.79,997.1,93.1
AWS_001,2020-01-24 09:00:00,-4.6,997.05,92.2
AWS_001,2020-01-24 09:10:00,-4.57,997.1,91.4
AWS_001,2020-01-24 09:20:00,-4.35,997.13,91.6
AWS_001,2020-01-24 09:30:00,-4.15,997.13,90.0
AWS_001,2020-01-24 09:40:00,-3.96,997.15,88.5
AWS_001,2020-01-24 09:50:00,-3.54,997.25,88.6
AWS_001,2020-01-24 10:00:00,-2.82,997.2,86.3
AWS_001,2020-01-24 10:10:00,-2.45,997.2,84.7
AWS_001,2020-01-24 10:20:00,-2.63,997.22,84.6
AWS_001,2020-01-24 10:30:00,-2.31,997.24,85.1
AWS_001,2020-01-24 10:40:00,-1.99,997.25,84.1
AWS_001,2020-01-24 10:50:00,-1.4,997.22,83.1
AWS_001,2020-01-24 11:00:00,-1.24,997.09,82.9
AWS_001,2020-01-24 11:10:00,-1.14,996.98,83.8
AWS_001,2020-01-24 11:20:00,-0.68,996.89,82.6
AWS_001,2020-01-24 11:30:00,-0.28,996.74,81.2
AWS_001,2020-01-24 11:40:00,-0.23,996.6,81.6
AWS_001,2020-01-24 11:50:00,0.21,996.46,81.1
AWS_001,2020-01-24 12:00:00,0.53,996.44,80.7
AWS_001,2020-01-24 12:10:00,1.04,996.46,79.4
AWS_001,2020-01-24 12:20:00,1.54,996.33,77.8
AWS_001,2020-01-24 12:30:00,1.96,996.17,76.6
AWS_001,2020-01-24 12:40:00,2.62,996.16,74.1
AWS_001,2020-01-24 12:50:00,3.4,996.14,71.4
AWS_001,2020-01-24 13:00:00,3.94,996.05,68.98
AWS_001,2020-01-24 13:10:00,4.03,995.93,67.71
AWS_001,2020-01-24 13:20:00,4.2,995.87,66.95
AWS_001,2020-01-24 13:30:00,4.51,995.83,65.83
AWS_001,2020-01-24 13:40:00,4.78,995.7,64.59
AWS_001,2020-01-24 13:50:00,4.85,995.63,63.67
AWS_001,2020-01-24 14:00:00,4.79,995.57,64.05
AWS_001,2020-01-24 14:10:00,4.63,995.41,64.6
AWS_001,2020-01-24 14:20:00,4.68,995.31,64.52
AWS_001,2020-01-24 14:30:00,4.76,995.13,64.27
AWS_001,2020-01-24 14:40:00,4.79,994.98,64.25
AWS_001,2020-01-24 14:50:00,4.83,994.88,64.05
AWS_001,2020-01-24 15:00:00,4.8,994.93,64.16
AWS_001,2020-01-24 15:10:00,4.81,995.12,63.99
AWS_001,2020-01-24 15:20:00,4.65,995.18,65.8
AWS_001,2020-01-24 15:30:00,4.27,995.27,69.19
AWS_001,2020-01-24 15:40:00,3.71,995.28,72.1
AWS_001,2020-01-24 15:50:00,3.3,995.28,74.0
AWS_001,2020-01-24 16:00:00,3.12,995.24,74.9
AWS_001,2020-01-24 16:10:00,2.81,995.38,76.1
AWS_001,2020-01-24 16:20:00,2.42,995.39,77.7
AWS_001,2020-01-24 16:30:00,2.04,995.35,79.0
AWS_001,2020-01-24 16:40:00,1.57,995.38,80.7
AWS_001,2020-01-24 16:50:00,1.31,995.41,82.2
AWS_001,2020-01-24 17:00:00,1.02,995.32,82.9
AWS_001,2020-01-24 17:10:00,0.66,995.45,83.9
AWS_001,2020-01-24 17:20:00,0.39,995.38,84.5
AWS_001,2020-01-24 17:30:00,0.23,995.36,85.2
AWS_001,2020-01-24 17:40:00,0.07,995.35,85.6
AWS_001,2020-01-24 17:50:00,-0.11,995.22,85.9
AWS_001,2020-01-24 18:00:00,-0.39,995.24,86.8
AWS_001,2020-01-24 18:10:00,-0.66,995.11,87.5
AWS_001,2020-01-24 18:20:00,-0.67,995.03,88.6
AWS_001,2020-01-24 18:30:00,-0.45,995.12,87.9
AWS_001,2020-01-24 18:40:00,-0.4,995.3,87.6
AWS_001,2020-01-24 18:50:00,-0.39,995.42,87.2
AWS_001,2020-01-24 19:00:00,-0.55,995.34,86.7
AWS_001,2020-01-24 19:10:00,-0.68,995.43,86.9
AWS_001,2020-01-24 19:20:00,-0.9,995.41,87.0
AWS_001,2020-01-24 19:30:00,-1.09,995.37,87.4
AWS_001,2020-01-24 19:40:00,-1.34,995.27,88.2
AWS_001,2020-01-24 19:50:00,-1.5,995.27,88.7
AWS_001,2020-01-24 20:00:00,-1.61,995.37,89.2
AWS_001,2020-01-24 20:10:00,-1.62,995.52,88.8
AWS_001,2020-01-24 20:20:00,-1.54,995.7,89.1
AWS_001,2020-01-24 20:30:00,-1.33,995.79,88.8
AWS_001,2020-01-24 20:40:00,-1.63,995.78,88.0
AWS_001,2020-01-24 20:50:00,-1.84,995.87,89.1
AWS_001,2020-01-24 21:00:00,-1.99,995.97,89.4
AWS_001,2020-01-24 21:10:00,-2.12,996.09,89.9
AWS_001,2020-01-24 21:20:00,-2.28,996.07,90.3
AWS_001,2020-01-24 21:30:00,-2.32,996.04,90.6
AWS_001,2020-01-24 21:40:00,-2.32,996.11,90.5
AWS_001,2020-01-24 21:50:00,-2.2,996.23,90.5
AWS_001,2020-01-24 22:00:00,-2.1,996.26,90.2
AWS_001,2020-01-24 22:10:00,-2.17,996.25,89.9
AWS_001,2020-01-24 22:20:00,-2.23,996.38,90.3
AWS_001,2020-01-24 22:30:00,-2.28,996.39,90.1
AWS_001,2020-01-24 22:40:00,-2.45,996.4,90.4
AWS_001,2020-01-24 22:50:00,-2.54,996.28,90.9
AWS_001,2020-01-24 23:00:00,-2.4,996.26,91.5
AWS_001,2020-01-24 23:10:00,-2.39,996.17,90.7
AWS_001,2020-01-24 23:20:00,-2.88,996.1,90.6
AWS_001,2020-01-24 23:30:00,-2.92,996.02,92.0
AWS_001,2020-01-24 23:40:00,-2.74,996.0,91.5
AWS_001,2020-01-24 23:50:00,-2.96,995.9,91.2
AWS_001,2020-01-25 00:00:00,-2.88,995.81,91.6
AWS_001,2020-01-25 00:10:00,-2.77,995.78,91.5
AWS_001,2020-01-25 00:20:00,-2.67,995.77,91.2
AWS_001,2020-01-25 00:30:00,-2.68,995.73,90.9
AWS_001,2020-01-25 00:40:00,-2.84,995.6,90.7
AWS_001,2020-01-25 00:50:00,-3.1,995.53,90.8
AWS_001,2020-01-25 01:00:00,-2.94,995.55,90.9
AWS_001,2020-01-25 01:10:00,-3.05,995.49,89.8
AWS_001,2020-01-25 01:20:00,-3.06,995.48,90.3
AWS_001,2020-01-25 01:30:00,-2.85,995.51,90.4
AWS_001,2020-01-25 01:40:00,-2.76,995.55,90.1
AWS_001,2020-01-25 01:50:00,-2.95,995.48,89.7
AWS_001,2020-01-25 02:00:00,-2.76,995.43,91.3
AWS_001,2020-01-25 02:10:00,-2.78,995.42,90.9
AWS_001,2020-01-25 02:20:00,-2.68,995.41,91.1
AWS_001,2020-01-25 02:30:00,-2.78,995.38,90.6
AWS_001,2020-01-25 02:40:00,-2.44,995.4,91.1
AWS_001,2020-01-25 02:50:00,-2.43,995.38,90.0
AWS_001,2020-01-25 03:00:00,-2.46,995.28,90.3
AWS_001,2020-01-25 03:10:00,-2.46,995.24,90.3
AWS_001,2020-01-25 03:20:00,-2.55,995.29,90.2
AWS_001,2020-01-25 03:30:00,-2.66,995.29,90.8
AWS_001,2020-01-25 03:40:00,-2.64,995.21,91.2
AWS_001,2020-01-25 03:50:00,-2.69,995.13,91.4
AWS_001,2020-01-25 04:00:00,-2.72,995.04,91.6
AWS_001,2020-01-25 04:10:00,-2.72,995.04,91.5
AWS_001,2020-01-25 04:20:00,-2.76,995.11,91.0
AWS_001,2020-01-25 04:30:00,-2.8,995.04,90.6
AWS_001,2020-01-25 04:40:00,-2.93,994.96,90.7
AWS_001,2020-01-25 04:50:00,-2.93,994.82,91.0
AWS_001,2020-01-25 05:00:00,-3.04,994.79,91.6
AWS_001,2020-01-25 05:10:00,-3.13,994.84,92.2
AWS_001,2020-01-25 05:20:00,-3.21,994.91,92.7
AWS_001,2020-01-25 05:30:00,-3.37,994.92,92.8
AWS_001,2020-01-25 05:40:00,-3.53,994.95,93.3
AWS_001,2020-01-25 05:50:00,-3.53,995.02,93.6
AWS_001,2020-01-25 06:00:00,-3.47,994.97,93.7
AWS_001,2020-01-25 06:10:00,-3.59,994.93,93.4
AWS_001,2020-01-25 06:20:00,-3.52,994.91,93.7
AWS_001,2020-01-25 06:30:00,-3.36,995.05,93.6
AWS_001,2020-01-25 06:40:00,-3.55,995.17,93.1
AWS_001,2020-01-25 06:50:00,-3.61,995.23,93.5
AWS_001,2020-01-25 07:00:00,-3.7,995.21,93.7
AWS_001,2020-01-25 07:10:00,-3.59,995.33,94.1
AWS_001,2020-01-25 07:20:00,-3.43,995.43,93.8
AWS_001,2020-01-25 07:30:00,-3.52,995.55,93.4
AWS_001,2020-01-25 07:40:00,-3.49,995.64,93.6
AWS_001,2020-01-25 07:50:00,-3.42,995.75,93.5
AWS_001,2020-01-25 08:00:00,-3.51,995.77,93.4
AWS_001,2020-01-25 08:10:00,-3.36,995.81,93.6
AWS_001,2020-01-25 08:20:00,-3.28,995.88,93.6
AWS_001,2020-01-25 08:30:00,-3.07,995.96,93.1
AWS_001,2020-01-25 08:40:00,-3.15,996.1,92.7
AWS_001,2020-01-25 08:50:00,-3.12,996.14,92.6
AWS_001,2020-01-25 09:00:00,-3.13,996.2,92.7
AWS_001,2020-01-25 09:10:00,-3.13,996.24,92.7
AWS_001,2020-01-25 09:20:00,-3.11,996.25,92.7
AWS_001,2020-01-25 09:30:00,-3.07,996.27,92.6
AWS_001,2020-01-25 09:40:00,-3.04,996.39,92.2
AWS_001,2020-01-25 09:50:00,-2.97,996.42,91.9
AWS_001,2020-01-25 10:00:00,-2.85,996.49,91.1
AWS_001,2020-01-25 10:10:00,-2.87,996.52,91.0
AWS_001,2020-01-25 10:20:00,-2.72,996.62,90.9
AWS_001,2020-01-25 10:30:00,-2.67,996.64,90.3
AWS_001,2020-01-25 10:40:00,-2.77,996.71,90.3
AWS_001,2020-01-25 10:50:00,-2.68,996.75,90.6
AWS_001,2020-01-25 11:00:00,-2.58,996.78,90.0
AWS_001,2020-01-25 11:10:00,-2.52,996.75,89.8
AWS_001,2020-01-25 11:20:00,-2.46,996.68,89.5
AWS_001,2020-01-25 11:30:00,-2.58,996.57,89.3
AWS_001,2020-01-25 11:40:00,-2.61,996.49,89.8
AWS_001,2020-01-25 11:50:00,-2.52,996.44,89.6
AWS_001,2020-01-25 12:00:00,-2.39,996.41,89.2
AWS_001,2020-01-25 12:10:00,-2.44,996.38,89.3
AWS_001,2020-01-25 12:20:00,-2.5,996.34,89.5
AWS_001,2020-01-25 12:30:00,-2.32,996.28,89.0
AWS_001,2020-01-25 12:40:00,-2.19,996.15,88.3
AWS_001,2020-01-25 12:50:00,-2.09,996.04,87.9
AWS_001,2020-01-25 13:00:00,-2.02,995.9,87.4
AWS_001,2020-01-25 13:10:00,-2.05,995.8,87.9
AWS_001,2020-01-25 13:20:00,-1.77,995.71,86.8
AWS_001,2020-01-25 13:30:00,-1.86,995.57,86.4
AWS_001,2020-01-25 13:40:00,-1.87,995.55,87.0
AWS_001,2020-01-25 13:50:00,-1.7,995.39,86.8
AWS_001,2020-01-25 14:00:00,-1.28,995.3,85.4
AWS_001,2020-01-25 14:10:00,-1.3,995.22,84.8
AWS_001,2020-01-25 14:20:00,-1.12,995.06,84.7
AWS_001,2020-01-25 14:30:00,-0.91,994.9,84.2
AWS_001,2020-01-25 14:40:00,-0.38,994.77,82.0
AWS_001,2020-01-25 14:50:00,-0.28,994.69,80.8
AWS_001,2020-01-25 15:00:00,-0.21,994.59,80.7
AWS_001,2020-01-25 15:10:00,-0.12,994.62,80.2
AWS_001,2020-01-25 15:20:00,-0.55,994.62,81.7
AWS_001,2020-01-25 15:30:00,-0.87,994.62,83.6
AWS_001,2020-01-25 15:40:00,-0.97,994.49,84.7
AWS_001,2020-01-25 15:50:00,-1.04,994.41,85.2
AWS_001,2020-01-25 16:00:00,-1.01,994.42,85.3
AWS_001,2020-01-25 16:10:00,-1.09,994.41,85.2
AWS_001,2020-01-25 16:20:00,-1.37,994.41,86.5
AWS_001,2020-01-25 16:30:00,-1.62,994.4,87.6
AWS_001,2020-01-25 16:40:00,-1.74,994.41,89.0
AWS_001,2020-01-25 16:50:00,-1.56,994.4,88.9
AWS_001,2020-01-25 17:00:00,-1.68,994.38,88.9
AWS_001,2020-01-25 17:10:00,-1.81,994.46,89.5
AWS_001,2020-01-25 17:20:00,-1.91,994.58,89.9
AWS_001,2020-01-25 17:30:00,-2.02,994.59,90.3
AWS_001,2020-01-25 17:40:00,-1.97,994.56,90.6
AWS_001,2020-01-25 17:50:00,-1.78,994.59,90.2
AWS_001,2020-01-25 18:00:00,-1.84,994.67,88.7
AWS_001,2020-01-25 18:10:00,-2.05,994.65,89.9
AWS_001,2020-01-25 18:20:00,-2.23,994.69,90.3
AWS_001,2020-01-25 18:30:00,-2.4,994.78,90.3
AWS_001,2020-01-25 18:40:00,-2.34,994.8,91.6
AWS_001,2020-01-25 18:50:00,-2.25,994.86,90.2
AWS_001,2020-01-25 19:00:00,-2.21,994.8,89.3
AWS_001,2020-01-25 19:10:00,-2.48,994.84,90.3
AWS_001,2020-01-25 19:20:00,-2.47,994.91,91.4
AWS_001,2020-01-25 19:30:00,-2.76,994.9,90.6
AWS_001,2020-01-25 19:40:00,-2.94,994.85,91.4
AWS_001,2020-01-25 19:50:00,-3.0,994.8,91.9
AWS_001,2020-01-25 20:00:00,-3.2,994.79,91.6
AWS_001,2020-01-25 20:10:00,-3.32,994.82,91.9
AWS_001,2020-01-25 20:20:00,-3.52,994.91,92.2
AWS_001,2020-01-25 20:30:00,-3.54,994.73,92.8
AWS_001,2020-01-25 20:40:00,-3.42,994.67,93.1
AWS_001,2020-01-25 20:50:00,-3.4,994.66,92.8
AWS_001,2020-01-25 21:00:00,-3.47,994.67,92.8
AWS_001,2020-01-25 21:10:00,-3.51,994.68,93.0
AWS_001,2020-01-25 21:20:00,-3.49,994.79,93.5
AWS_001,2020-01-25 21:30:00,-3.58,994.77,92.9
AWS_001,2020-01-25 21:40:00,-3.67,994.77,93.0
AWS_001,2020-01-25 21:50:00,-3.73,994.66,92.6
AWS_001,2020-01-25 22:00:00,-3.8,994.65,92.8
AWS_001,2020-01-25 22:10:00,-3.93,994.65,92.6
AWS_001,2020-01-25 22:20:00,-4.07,994.63,92.8
AWS_001,2020-01-25 22:30:00,-4.16,994.67,93.1
AWS_001,2020-01-25 22:40:00,-4.23,994.56,93.3
AWS_001,2020-01-25 22:50:00,-4.22,994.43,93.3
AWS_001,2020-01-25 23:00:00,-4.18,994.34,93.2
AWS_001,2020-01-25 23:10:00,-3.84,994.28,93.5
AWS_001,2020-01-25 23:20:00,-4.16,994.18,90.6
AWS_001,2020-01-25 23:30:00,-4.65,994.2,91.9
AWS_001,2020-01-25 23:40:00,-4.58,994.24,93.1
AWS_001,2020-01-25 23:50:00,-4.58,994.18,93.2
AWS_001,2020-01-26 00:00:00,-4.51,994.21,93.6
AWS_001,2020-01-26 00:10:00,-4.62,994.22,93.0
AWS_001,2020-01-26 00:20:00,-4.61,994.12,93.3
AWS_001,2020-01-26 00:30:00,-4.6,994.04,93.3
AWS_001,2020-01-26 00:40:00,-4.67,994.0,93.5
AWS_001,2020-01-26 00:50:00,-4.61,993.93,93.4
AWS_001,2020-01-26 01:00:00,-4.87,993.93,93.2
AWS_001,2020-01-26 01:10:00,-4.92,993.9,93.6
AWS_001,2020-01-26 01:20:00,-4.79,993.86,93.8
AWS_001,2020-01-26 01:30:00,-4.79,993.82,93.7
AWS_001,2020-01-26 01:40:00,-4.7,993.75,94.0
AWS_001,2020-01-26 01:50:00,-4.56,993.69,94.2
AWS_001,2020-01-26 02:00:00,-4.31,993.73,93.5
AWS_001,2020-01-26 02:10:00,-4.75,993.8,92.4
AWS_001,2020-01-26 02:20:00,-4.89,993.84,92.5
AWS_001,2020-01-26 02:30:00,-4.92,993.88,92.4
AWS_001,2020-01-26 02:40:00,-5.08,993.81,92.4
AWS_001,2020-01-26 02:50:00,-5.03,993.89,93.2
AWS_001,2020-01-26 03:00:00,-5.1,993.92,92.7
AWS_001,2020-01-26 03:10:00,-5.07,993.82,93.3
AWS_001,2020-01-26 03:20:00,-5.26,993.69,92.5
AWS_001,2020-01-26 03:30:00,-5.19,993.61,92.9
AWS_001,2020-01-26 03:40:00,-5.24,993.52,92.1
AWS_001,2020-01-26 03:50:00,-5.27,993.51,92.6
AWS_001,2020-01-26 04:00:00,-5.12,993.44,92.8
AWS_001,2020-01-26 04:10:00,-5.32,993.42,92.0
AWS_001,2020-01-26 04:20:00,-5.14,993.34,93.2
AWS_001,2020-01-26 04:30:00,-5.17,993.32,91.2
AWS_001,2020-01-26 04:40:00,-5.45,993.29,91.6
AWS_001,2020-01-26 04:50:00,-5.48,993.31,92.2
AWS_001,2020-01-26 05:00:00,-5.51,993.31,92.5
AWS_001,2020-01-26 05:10:00,-5.46,993.32,92.5
AWS_001,2020-01-26 05:20:00,-5.44,993.32,92.4
AWS_001,2020-01-26 05:30:00,-5.43,993.31,92.4
AWS_001,2020-01-26 05:40:00,-5.31,993.25,92.7
AWS_001,2020-01-26 05:50:00,-5.1,993.11,92.9
AWS_001,2020-01-26 06:00:00,-4.86,993.08,92.6
AWS_001,2020-01-26 06:10:00,-4.79,993.06,92.5
AWS_001,2020-01-26 06:20:00,-4.66,993.03,91.6
AWS_001,2020-01-26 06:30:00,-4.72,992.95,91.6
AWS_001,2020-01-26 06:40:00,-4.43,992.97,91.7
AWS_001,2020-01-26 06:50:00,-4.56,992.94,89.2
AWS_001,2020-01-26 07:00:00,-4.85,992.95,90.6
AWS_001,2020-01-26 07:10:00,-5.03,992.95,91.1
AWS_001,2020-01-26 07:20:00,-5.14,992.98,91.6
AWS_001,2020-01-26 07:30:00,-5.25,993.0,91.9
AWS_001,2020-01-26 07:40:00,-5.16,993.07,92.7
AWS_001,2020-01-26 07:50:00,-5.15,993.08,92.3
AWS_001,2020-01-26 08:00:00,-5.15,993.18,92.4
AWS_001,2020-01-26 08:10:00,-4.95,993.2,92.6
AWS_001,2020-01-26 08:20:00,-4.62,993.2,92.3
AWS_001,2020-01-26 08:30:00,-4.32,993.2,91.9
AWS_001,2020-01-26 08:40:00,-4.22,993.21,90.7
AWS_001,2020-01-26 08:50:00,-4.15,993.2,90.6
AWS_001,2020-01-26 09:00:00,-3.81,993.2,90.4
AWS_001,2020-01-26 09:10:00,-3.65,993.2,89.6
AWS_001,2020-01-26 09:20:00,-3.77,993.27,89.0
AWS_001,2020-01-26 09:30:00,-3.98,993.33,88.9
AWS_001,2020-01-26 09:40:00,-3.97,993.34,89.3
AWS_001,2020-01-26 09:50:00,-3.61,993.43,88.8
AWS_001,2020-01-26 10:00:00,-3.36,993.43,87.6
AWS_001,2020-01-26 10:10:00,-3.1,993.36,87.6
AWS_001,2020-01-26 10:20:00,-2.85,993.3,87.2
AWS_001,2020-01-26 10:30:00,-2.64,993.22,86.7
AWS_001,2020-01-26 10:40:00,-2.55,993.2,86.2
AWS_001,2020-01-26 10:50:00,-2.5,993.16,86.9
AWS_001,2020-01-26 11:00:00,-2.33,993.12,85.8
AWS_001,2020-01-26 11:10:00,-2.24,993.11,86.2
AWS_001,2020-01-26 11:20:00,-1.9,993.07,85.6
AWS_001,2020-01-26 11:30:00,-1.81,993.07,86.2
AWS_001,2020-01-26 11:40:00,-1.67,993.02,86.1
AWS_001,2020-01-26 11:50:00,-1.58,992.91,86.5
AWS_001,2020-01-26 12:00:00,-1.3,992.74,86.6
AWS_001,2020-01-26 12:10:00,-0.73,992.58,86.2
AWS_001,2020-01-26 12:20:00,-0.53,992.52,85.0
AWS_001,2020-01-26 12:30:00,-0.41,992.48,86.1
AWS_001,2020-01-26 12:40:00,-0.16,992.35,85.9
AWS_001,2020-01-26 12:50:00,0.09,992.21,85.8
AWS_001,2020-01-26 13:00:00,0.43,992.1,85.4
AWS_001,2020-01-26 13:10:00,0.78,992.02,85.1
AWS_001,2020-01-26 13:20:00,1.04,991.91,84.4
AWS_001,2020-01-26 13:30:00,1.17,991.82,84.2
AWS_001,2020-01-26 13:40:00,1.27,991.72,83.8
AWS_001,2020-01-26 13:50:00,1.33,991.6,84.4
AWS_001,2020-01-26 14:00:00,1.65,991.45,83.7
AWS_001,2020-01-26 14:10:00,1.89,991.34,83.6
AWS_001,2020-01-26 14:20:00,2.23,991.34,82.4
AWS_001,2020-01-26 14:30:00,2.29,991.29,82.9
AWS_001,2020-01-26 14:40:00,2.43,991.21,83.0
AWS_001,2020-01-26 14:50:00,2.59,991.17,82.6
AWS_001,2020-01-26 15:00:00,2.73,991.05,82.3
AWS_001,2020-01-26 15:10:00,2.89,990.97,81.9
AWS_001,2020-01-26 15:20:00,3.07,990.97,81.6
AWS_001,2020-01-26 15:30:00,3.3,990.97,81.2
AWS_001,2020-01-26 15:40:00,3.44,990.96,80.8
AWS_001,2020-01-26 15:50:00,3.43,990.96,80.6
AWS_001,2020-01-26 16:00:00,3.41,990.89,80.9
AWS_001,2020-01-26 16:10:00,3.43,990.84,80.8
AWS_001,2020-01-26 16:20:00,3.06,990.76,82.2
AWS_001,2020-01-26 16:30:00,2.84,990.66,83.2
AWS_001,2020-01-26 16:40:00,2.74,990.57,83.5
AWS_001,2020-01-26 16:50:00,2.95,990.49,83.6
AWS_001,2020-01-26 17:00:00,3.07,990.54,83.4
AWS_001,2020-01-26 17:10:00,3.07,990.49,83.4
AWS_001,2020-01-26 17:20:00,3.08,990.52,83.7
AWS_001,2020-01-26 17:30:00,3.27,990.53,83.6
AWS_001,2020-01-26 17:40:00,3.3,990.48,83.3
AWS_001,2020-01-26 17:50:00,3.15,990.49,84.2
AWS_001,2020-01-26 18:00:00,3.0,990.5,85.4
AWS_001,2020-01-26 18:10:00,2.96,990.48,85.8
AWS_001,2020-01-26 18:20:00,2.9,990.41,85.6
AWS_001,2020-01-26 18:30:00,2.53,990.38,86.5
AWS_001,2020-01-26 18:40:00,2.11,990.4,87.4
AWS_001,2020-01-26 18:50:00,1.68,990.46,88.6
AWS_001,2020-01-26 19:00:00,1.61,990.47,89.6
AWS_001,2020-01-26 19:10:00,1.59,990.54,89.9
AWS_001,2020-01-26 19:20:00,1.63,990.61,90.2
AWS_001,2020-01-26 19:30:00,1.85,990.6,90.0
AWS_001,2020-01-26 19:40:00,1.87,990.61,89.6
AWS_001,2020-01-26 19:50:00,2.05,990.66,89.9
AWS_001,2020-01-26 20:00:00,2.18,990.68,89.3
AWS_001,2020-01-26 20:10:00,2.09,990.63,89.1
AWS_001,2020-01-26 20:20:00,1.99,990.6,89.5
AWS_001,2020-01-26 20:30:00,1.91,990.61,89.7
AWS_001,2020-01-26 20:40:00,1.75,990.58,90.1
AWS_001,2020-01-26 20:50:00,1.75,990.57,90.7
AWS_001,2020-01-26 21:00:00,1.85,990.64,90.7
AWS_001,2020-01-26 21:10:00,1.91,990.69,90.7
AWS_001,2020-01-26 21:20:00,2.1,990.63,91.0
AWS_001,2020-01-26 21:30:00,2.34,990.6,90.1
AWS_001,2020-01-26 21:40:00,2.3,990.61,89.6
AWS_001,2020-01-26 21:50:00,2.2,990.56,90.0
AWS_001,2020-01-26 22:00:00,2.24,990.53,90.3
AWS_001,2020-01-26 22:10:00,2.31,990.46,90.4
AWS_001,2020-01-26 22:20:00,2.38,990.46,90.1
AWS_001,2020-01-26 22:30:00,2.21,990.39,90.2
AWS_001,2020-01-26 22:40:00,1.99,990.35,90.6
AWS_001,2020-01-26 22:50:00,1.92,990.38,91.6
AWS_001,2020-01-26 23:00:00,1.94,990.37,91.4
AWS_001,2020-01-26 23:10:00,1.7,990.36,91.5
AWS_001,2020-01-26 23:20:00,1.52,990.29,92.2
AWS_001,2020-01-26 23:30:00,1.39,990.24,92.5
AWS_001,2020-01-26 23:40:00,1.4,990.22,93.1
AWS_001,2020-01-26 23:50:00,1.44,990.23,93.1
AWS_001,2020-01-27 00:00:00,1.19,990.19,92.9
AWS_001,2020-01-27 00:10:00,0.88,990.18,93.1
AWS_001,2020-01-27 00:20:00,0.53,990.13,93.5
AWS_001,2020-01-27 00:30:00,0.29,990.1,94.1
AWS_001,2020-01-27 00:40:00,0.3,990.11,94.9
AWS_001,2020-01-27 00:50:00,0.65,989.99,95.6
AWS_001,2020-01-27 01:00:00,0.9,989.91,95.2
AWS_001,2020-01-27 01:10:00,0.87,989.79,94.8
AWS_001,2020-01-27 01:20:00,0.86,989.76,95.0
AWS_001,2020-01-27 01:30:00,0.81,989.68,95.0
AWS_001,2020-01-27 01:40:00,0.73,989.63,94.9
AWS_001,2020-01-27 01:50:00,0.61,989.57,95.1
AWS_001,2020-01-27 02:00:00,0.99,989.52,95.9
AWS_001,2020-01-27 02:10:00,1.25,989.48,95.5
AWS_001,2020-01-27 02:20:00,1.34,989.39,94.9
AWS_001,2020-01-27 02:30:00,1.13,989.31,94.4
AWS_001,2020-01-27 02:40:00,0.99,989.27,94.7
AWS_001,2020-01-27 02:50:00,0.91,989.25,94.8
AWS_001,2020-01-27 03:00:00,0.98,989.24,95.1
AWS_001,2020-01-27 03:10:00,0.97,989.16,95.0
AWS_001,2020-01-27 03:20:00,0.88,989.05,95.1
AWS_001,2020-01-27 03:30:00,1.02,988.99,95.5
AWS_001,2020-01-27 03:40:00,1.29,988.87,95.5
AWS_001,2020-01-27 03:50:00,1.43,988.94,95.1
AWS_001,2020-01-27 04:00:00,1.53,988.85,95.0
AWS_001,2020-01-27 04:10:00,1.53,988.7,95.0
AWS_001,2020-01-27 04:20:00,1.84,988.71,95.4
AWS_001,2020-01-27 04:30:00,1.88,988.81,94.6
AWS_001,2020-01-27 04:40:00,1.68,988.84,93.6
AWS_001,2020-01-27 04:50:00,1.67,988.81,93.8
AWS_001,2020-01-27 05:00:00,1.79,988.78,94.1
AWS_001,2020-01-27 05:10:00,2.13,988.63,94.1
AWS_001,2020-01-27 05:20:00,2.11,988.52,93.4
AWS_001,2020-01-27 05:30:00,1.88,988.38,93.1
AWS_001,2020-01-27 05:40:00,1.83,988.27,93.5
AWS_001,2020-01-27 05:50:00,1.87,988.2,93.4
AWS_001,2020-01-27 06:00:00,1.85,988.15,93.4
AWS_001,2020-01-27 06:10:00,1.71,987.98,93.3
AWS_001,2020-01-27 06:20:00,1.47,987.99,93.8
AWS_001,2020-01-27 06:30:00,1.47,987.91,94.3
AWS_001,2020-01-27 06:40:00,1.64,987.96,94.4
AWS_001,2020-01-27 06:50:00,1.65,987.87,94.3
AWS_001,2020-01-27 07:00:00,1.68,987.76,94.3
AWS_001,2020-01-27 07:10:00,1.72,987.66,94.5
AWS_001,2020-01-27 07:20:00,1.69,987.47,94.2
AWS_001,2020-01-27 07:30:00,1.56,987.45,94.0
AWS_001,2020-01-27 07:40:00,1.11,987.49,93.7
AWS_001,2020-01-27 07:50:00,0.94,987.56,94.5
AWS_001,2020-01-27 08:00:00,1.04,987.55,95.1
AWS_001,2020-01-27 08:10:00,1.38,987.48,95.4
AWS_001,2020-01-27 08:20:00,1.81,987.47,94.9
AWS_001,2020-01-27 08:30:00,1.65,987.47,93.1
AWS_001,2020-01-27 08:40:00,1.96,987.35,93.0
AWS_001,2020-01-27 08:50:00,2.15,987.25,92.5
AWS_001,2020-01-27 09:00:00,2.56,987.27,92.5
AWS_001,2020-01-27 09:10:00,3.2,987.2,91.6
AWS_001,2020-01-27 09:20:00,4.53,987.08,88.4
AWS_001,2020-01-27 09:30:00,5.54,987.14,84.3
AWS_001,2020-01-27 09:40:00,5.71,987.07,82.3
AWS_001,2020-01-27 09:50:00,5.68,986.84,82.8
AWS_001,2020-01-27 10:00:00,5.83,986.8,82.6
AWS_001,2020-01-27 10:10:00,5.94,986.76,81.6
AWS_001,2020-01-27 10:20:00,5.97,986.67,81.7
AWS_001,2020-01-27 10:30:00,6.13,986.54,80.6
AWS_001,2020-01-27 10:40:00,6.34,986.48,79.9
AWS_001,2020-01-27 10:50:00,6.59,986.47,79.3
AWS_001,2020-01-27 11:00:00,6.68,986.54,78.7
AWS_001,2020-01-27 11:10:00,6.74,986.47,78.2
AWS_001,2020-01-27 11:20:00,6.84,986.31,77.8
AWS_001,2020-01-27 11:30:00,6.9,986.19,77.0
AWS_001,2020-01-27 11:40:00,6.91,986.06,76.4
AWS_001,2020-01-27 11:50:00,7.04,985.72,76.0
AWS_001,2020-01-27 12:00:00,6.99,985.73,76.1
AWS_001,2020-01-27 12:10:00,6.93,985.62,76.6
AWS_001,2020-01-27 12:20:00,6.91,985.51,77.1
AWS_001,2020-01-27 12:30:00,6.99,985.41,77.4
AWS_001,2020-01-27 12:40:00,7.37,985.3,76.3
AWS_001,2020-01-27 12:50:00,7.39,985.18,76.1
AWS_001,2020-01-27 13:00:00,7.58,985.05,75.3
AWS_001,2020-01-27 13:10:00,7.52,984.86,75.7
AWS_001,2020-01-27 13:20:00,7.62,984.72,75.5
AWS_001,2020-01-27 13:30:00,7.54,984.5,75.8
AWS_001,2020-01-27 13:40:00,7.71,984.3,75.1
AWS_001,2020-01-27 13:50:00,8.08,984.17,73.2
AWS_001,2020-01-27 14:00:00,8.33,983.94,71.3
AWS_001,2020-01-27 14:10:00,8.2,983.77,71.4
AWS_001,2020-01-27 14:20:00,7.93,983.7,72.2
AWS_001,2020-01-27 14:30:00,7.77,983.65,72.1
AWS_001,2020-01-27 14:40:00,7.65,983.59,72.4
AWS_001,2020-01-27 14:50:00,7.59,983.42,72.8
AWS_001,2020-01-27 15:00:00,7.56,983.38,72.7
AWS_001,2020-01-27 15:10:00,7.45,983.26,73.1
AWS_001,2020-01-27 15:20:00,7.38,983.12,73.5
AWS_001,2020-01-27 15:30:00,7.34,983.03,73.7
AWS_001,2020-01-27 15:40:00,7.34,982.97,73.9
AWS_001,2020-01-27 15:50:00,7.31,982.82,74.1
AWS_001,2020-01-27 16:00:00,7.27,982.67,74.3
AWS_001,2020-01-27 16:10:00,7.17,982.62,74.8
AWS_001,2020-01-27 16:20:00,7.12,982.47,75.3
AWS_001,2020-01-27 16:30:00,7.05,982.3,75.6
AWS_001,2020-01-27 16:40:00,6.98,982.14,75.9
AWS_001,2020-01-27 16:50:00,6.9,982.0,76.2
AWS_001,2020-01-27 17:00:00,6.81,981.92,76.7
AWS_001,2020-01-27 17:10:00,6.81,981.79,76.6
AWS_001,2020-01-27 17:20:00,6.81,981.69,76.5
AWS_001,2020-01-27 17:30:00,6.8,981.52,76.5
AWS_001,2020-01-27 17:40:00,6.78,981.4,76.6
AWS_001,2020-01-27 17:50:00,6.65,981.32,77.0
AWS_001,2020-01-27 18:00:00,6.55,981.17,77.3
AWS_001,2020-01-27 18:10:00,6.5,981.0,77.5
AWS_001,2020-01-27 18:20:00,6.45,980.88,77.6
AWS_001,2020-01-27 18:30:00,6.47,980.72,77.5
AWS_001,2020-01-27 18:40:00,6.47,980.58,77.4
AWS_001,2020-01-27 18:50:00,6.47,980.47,77.2
AWS_001,2020-01-27 19:00:00,6.54,980.35,77.0
AWS_001,2020-01-27 19:10:00,6.58,980.22,76.8
AWS_001,2020-01-27 19:20:00,6.5,980.13,77.1
AWS_001,2020-01-27 19:30:00,6.42,980.04,77.4
AWS_001,2020-01-27 19:40:00,6.38,979.97,77.7
AWS_001,2020-01-27 19:50:00,6.3,979.78,78.2
AWS_001,2020-01-27 20:00:00,6.19,979.54,78.6
AWS_001,2020-01-27 20:10:00,6.15,979.27,78.9
AWS_001,2020-01-27 20:20:00,6.05,979.11,79.5
AWS_001,2020-01-27 20:30:00,6.02,978.97,79.9
AWS_001,2020-01-27 20:40:00,6.02,978.87,80.1
AWS_001,2020-01-27 20:50:00,5.95,978.68,80.3
AWS_001,2020-01-27 21:00:00,5.92,978.43,80.9
AWS_001,2020-01-27 21:10:00,6.0,978.28,80.7
AWS_001,2020-01-27 21:20:00,6.0,978.2,81.0
AWS_001,2020-01-27 21:30:00,5.94,978.19,81.4
AWS_001,2020-01-27 21:40:00,5.9,978.19,81.6
AWS_001,2020-01-27 21:50:00,5.83,978.1,81.9
AWS_001,2020-01-27 22:00:00,5.88,977.97,81.3
AWS_001,2020-01-27 22:10:00,6.12,977.91,78.7
AWS_001,2020-01-27 22:20:00,6.24,977.73,76.7
AWS_001,2020-01-27 22:30:00,6.32,977.62,75.8
AWS_001,2020-01-27 22:40:00,6.27,977.44,76.1
AWS_001,2020-01-27 22:50:00,6.1,977.24,77.6
AWS_001,2020-01-27 23:00:00,6.03,977.03,77.5
AWS_001,2020-01-27 23:10:00,5.79,976.75,78.8
AWS_001,2020-01-27 23:20:00,5.41,976.52,80.6
AWS_001,2020-01-27 23:30:00,5.34,976.3,80.2
AWS_001,2020-01-27 23:40:00,5.2,976.19,80.5
AWS_001,2020-01-27 23:50:00,5.11,975.97,80.5
AWS_001,2020-01-28 00:00:00,4.87,975.9,81.6
AWS_001,2020-01-28 00:10:00,4.69,975.74,82.2
AWS_001,2020-01-28 00:20:00,4.49,975.48,83.1
AWS_001,2020-01-28 00:30:00,4.63,975.3,83.0
AWS_001,2020-01-28 00:40:00,4.88,975.0,82.7
AWS_001,2020-01-28 00:50:00,4.99,974.76,82.7
AWS_001,2020-01-28 01:00:00,4.9,974.58,83.2
AWS_001,2020-01-28 01:10:00,4.92,974.36,83.9
AWS_001,2020-01-28 01:20:00,5.21,974.1,83.0
AWS_001,2020-01-28 01:30:00,5.41,973.94,82.4
AWS_001,2020-01-28 01:40:00,5.73,973.76,81.0
AWS_001,2020-01-28 01:50:00,6.25,973.47,78.9
AWS_001,2020-01-28 02:00:00,6.49,973.38,77.8
AWS_001,2020-01-28 02:10:00,6.61,973.48,77.2
AWS_001,2020-01-28 02:20:00,6.63,973.47,77.0
AWS_001,2020-01-28 02:30:00,6.65,973.38,77.1
AWS_001,2020-01-28 02:40:00,6.56,973.28,77.7
AWS_001,2020-01-28 02:50:00,6.52,973.05,78.2
AWS_001,2020-01-28 03:00:00,6.42,972.73,78.9
AWS_001,2020-01-28 03:10:00,6.33,972.47,79.2
AWS_001,2020-01-28 03:20:00,6.21,972.39,79.5
AWS_001,2020-01-28 03:30:00,6.04,972.24,80.6
AWS_001,2020-01-28 03:40:00,5.94,972.1,81.1
AWS_001,2020-01-28 03:50:00,5.87,971.96,81.2
AWS_001,2020-01-28 04:00:00,5.86,971.8,81.1
AWS_001,2020-01-28 04:10:00,5.75,971.68,82.0
AWS_001,2020-01-28 04:20:00,5.55,971.56,83.8
AWS_001,2020-01-28 04:30:00,5.42,971.5,84.9
AWS_001,2020-01-28 04:40:00,5.32,971.43,85.5
AWS_001,2020-01-28 04:50:00,5.34,971.4,84.9
AWS_001,2020-01-28 05:00:00,5.38,971.28,84.4
AWS_001,2020-01-28 05:10:00,5.32,971.05,84.5
AWS_001,2020-01-28 05:20:00,5.27,970.96,84.6
AWS_001,2020-01-28 05:30:00,5.27,970.94,84.5
AWS_001,2020-01-28 05:40:00,5.33,970.94,83.5
AWS_001,2020-01-28 05:50:00,5.25,970.94,84.1
AWS_001,2020-01-28 06:00:00,5.09,970.74,85.3
AWS_001,2020-01-28 06:10:00,5.05,970.67,85.4
AWS_001,2020-01-28 06:20:00,5.21,970.67,84.5
AWS_001,2020-01-28 06:30:00,5.27,970.53,84.2
AWS_001,2020-01-28 06:40:00,5.23,970.47,84.3
AWS_001,2020-01-28 06:50:00,5.28,970.42,84.1
AWS_001,2020-01-28 07:00:00,5.41,970.49,83.2
AWS_001,2020-01-28 07:10:00,5.31,970.45,83.5
AWS_001,2020-01-28 07:20:00,5.42,970.36,82.7
AWS_001,2020-01-28 07:30:00,5.51,970.28,81.8
AWS_001,2020-01-28 07:40:00,5.53,970.16,81.4
AWS_001,2020-01-28 07:50:00,5.59,970.05,80.7
AWS_001,2020-01-28 08:00:00,5.57,969.9,80.2
AWS_001,2020-01-28 08:10:00,5.6,969.69,78.5
AWS_001,2020-01-28 08:20:00,5.56,969.51,77.7
AWS_001,2020-01-28 08:30:00,5.66,969.32,76.8
AWS_001,2020-01-28 08:40:00,5.63,969.25,76.8
AWS_001,2020-01-28 08:50:00,5.58,969.23,77.0
AWS_001,2020-01-28 09:00:00,5.62,969.19,77.1
AWS_001,2020-01-28 09:10:00,5.8,969.13,76.7
AWS_001,2020-01-28 09:20:00,5.86,969.06,76.8
AWS_001,2020-01-28 09:30:00,5.74,968.81,77.5
AWS_001,2020-01-28 09:40:00,5.5,968.49,79.2
AWS_001,2020-01-28 09:50:00,5.5,968.29,79.9
AWS_001,2020-01-28 10:00:00,5.72,968.05,79.5
AWS_001,2020-01-28 10:10:00,5.9,967.85,79.6
AWS_001,2020-01-28 10:20:00,6.06,967.68,79.1
AWS_001,2020-01-28 10:30:00,6.15,967.49,78.8
AWS_001,2020-01-28 10:40:00,6.39,967.28,78.4
AWS_001,2020-01-28 10:50:00,6.98,967.03,76.3
AWS_001,2020-01-28 11:00:00,7.28,966.88,74.4
AWS_001,2020-01-28 11:10:00,7.35,966.64,71.8
AWS_001,2020-01-28 11:20:00,7.24,966.42,72.4
AWS_001,2020-01-28 11:30:00,7.31,966.33,72.2
AWS_001,2020-01-28 11:40:00,7.53,966.14,69.4
AWS_001,2020-01-28 11:50:00,7.37,966.36,70.1
AWS_001,2020-01-28 12:00:00,7.06,966.44,72.2
AWS_001,2020-01-28 12:10:00,6.93,966.48,72.9
AWS_001,2020-01-28 12:20:00,6.62,966.55,74.5
AWS_001,2020-01-28 12:30:00,5.11,966.78,81.5
AWS_001,2020-01-28 12:40:00,4.59,966.88,84.2
AWS_001,2020-01-28 12:50:00,4.45,967.02,84.8
AWS_001,2020-01-28 13:00:00,3.91,967.23,85.3
AWS_001,2020-01-28 13:10:00,3.29,967.48,87.6
AWS_001,2020-01-28 13:20:00,3.19,967.49,88.0
AWS_001,2020-01-28 13:30:00,3.95,967.29,84.6
AWS_001,2020-01-28 13:40:00,4.31,967.62,82.4
AWS_001,2020-01-28 13:50:00,4.94,967.77,79.1
AWS_001,2020-01-28 14:00:00,5.06,967.95,77.4
AWS_001,2020-01-28 14:10:00,4.88,968.06,76.3
AWS_001,2020-01-28 14:20:00,4.77,968.4,75.4
AWS_001,2020-01-28 14:30:00,4.5,968.48,74.9
AWS_001,2020-01-28 14:40:00,4.58,968.52,75.5
AWS_001,2020-01-28 14:50:00,4.68,968.58,75.4
AWS_001,2020-01-28 15:00:00,5.14,968.47,73.1
AWS_001,2020-01-28 15:10:00,5.39,968.66,70.1
AWS_001,2020-01-28 15:20:00,5.11,968.97,71.3
AWS_001,2020-01-28 15:30:00,3.6,969.17,82.8
AWS_001,2020-01-28 15:40:00,3.33,969.6,84.7
AWS_001,2020-01-28 15:50:00,3.22,970.0,85.0
AWS_001,2020-01-28 16:00:00,2.98,969.86,82.5
AWS_001,2020-01-28 16:10:00,3.18,969.83,78.8
AWS_001,2020-01-28 16:20:00,3.11,969.91,77.8
AWS_001,2020-01-28 16:30:00,3.02,970.1,77.9
AWS_001,2020-01-28 16:40:00,3.0,970.28,77.0
AWS_001,2020-01-28 16:50:00,3.01,970.53,75.4
AWS_001,2020-01-28 17:00:00,3.0,970.56,75.3
AWS_001,2020-01-28 17:10:00,2.93,970.65,75.4
AWS_001,2020-01-28 17:20:00,2.87,970.8,75.2
AWS_001,2020-01-28 17:30:00,2.94,970.92,72.4
AWS_001,2020-01-28 17:40:00,3.14,970.95,70.1
AWS_001,2020-01-28 17:50:00,3.12,970.96,69.1
AWS_001,2020-01-28 18:00:00,3.2,971.07,67.76
AWS_001,2020-01-28 18:10:00,3.27,971.32,66.98
AWS_001,2020-01-28 18:20:00,3.39,971.35,67.26
AWS_001,2020-01-28 18:30:00,3.46,971.54,67.69
AWS_001,2020-01-28 18:40:00,3.47,971.76,68.97
