station_id,timestamp,temp,pressure,humidity,hour,month,day_of_year,temp_diff,pressure_diff,humidity_diff,temp_roll_std_6,pressure_roll_std_6,humidity_roll_std_6,anomaly,anomaly_score
AWS_001,2020-01-01 00:10:00,0.71,1008.89,86.1,0,1,1,0.0,0.0,0.0,0.0,0.0,0.0,1,0.07671689413730676
AWS_001,2020-01-01 00:20:00,0.75,1008.76,85.2,0,1,1,0.040000000000000036,-0.12999999999999545,-0.8999999999999915,0.028284271247461926,0.09192388155428816,0.6363961030678917,1,0.07628064684999758
AWS_001,2020-01-01 00:30:00,0.73,1008.66,85.1,0,1,1,-0.020000000000000018,-0.10000000000002274,-0.10000000000000853,0.020000000000000018,0.11532562594674602,0.5507570547286134,1,0.09629705904655811
AWS_001,2020-01-01 00:40:00,0.37,1008.64,86.3,0,1,1,-0.36,-0.01999999999998181,1.2000000000000028,0.1807392228230128,0.1144188212955849,0.6130524719249851,1,0.07655333545386217
AWS_001,2020-01-01 00:50:00,0.33,1008.61,87.4,0,1,1,-0.03999999999999998,-0.029999999999972715,1.1000000000000085,0.20909328061896204,0.11432410069622657,0.9364827814754567,1,0.09897361035928665
AWS_001,2020-01-01 01:00:00,0.34,1008.44,87.1,1,1,1,0.010000000000000009,-0.16999999999995907,-0.30000000000001137,0.21075261959621447,0.15095253117009808,0.9465727652959425,1,0.09025980690129665
AWS_001,2020-01-01 01:10:00,0.19,1008.49,87.4,1,1,1,-0.15000000000000002,0.049999999999954525,0.30000000000001137,0.23189796606841273,0.11713240371471245,1.0609743949156747,1,0.08927003153047797
AWS_001,2020-01-01 01:20:00,0.03,1008.4,88.1,1,1,1,-0.16,-0.09000000000003183,0.6999999999999886,0.2329306048304231,0.1108151614174346,1.0564090116995555,1,0.0938712155699814
AWS_001,2020-01-01 01:30:00,0.11,1008.29,88.1,1,1,1,0.08,-0.11000000000001364,0.0,0.13977362650610006,0.13166877635425026,0.6752777206454028,1,0.11703566732557225
AWS_001,2020-01-01 01:40:00,0.22,1008.28,87.4,1,1,1,0.11,-0.009999999999990905,-0.6999999999999886,0.12160043859570065,0.12512660255364566,0.41673332800092316,1,0.1098956254695223
AWS_001,2020-01-01 01:50:00,-0.04,1008.24,87.5,1,1,1,-0.26,-0.03999999999996362,0.09999999999999432,0.13731957859921787,0.1005319186458448,0.4098780306384566,1,0.10482214699984937
AWS_001,2020-01-01 02:00:00,-0.21,1008.32,89.1,2,1,1,-0.16999999999999998,0.08000000000004093,1.5999999999999943,0.16012495120998513,0.09223159256249185,0.6592925501374484,1,0.07146550521105188
AWS_001,2020-01-01 02:10:00,-0.1,1008.24,88.6,2,1,1,0.10999999999999999,-0.08000000000004093,-0.5,0.15302505241517414,0.059916608715362966,0.6470445631227841,1,0.11290967043958516
AWS_001,2020-01-01 02:20:00,-0.16,1008.35,88.1,2,1,1,-0.06,0.11000000000001364,-0.5,0.16516658257650102,0.0436653943829645,0.6470445631227841,1,0.10274129030348789
AWS_001,2020-01-01 02:30:00,-0.22,1008.3,88.9,2,1,1,-0.06,-0.05000000000006821,0.8000000000000114,0.16416455159382046,0.044007575104967944,0.7174027227901819,1,0.1091434441178224
AWS_001,2020-01-01 02:40:00,-0.06,1008.4,88.2,2,1,1,0.16,0.10000000000002274,-0.7000000000000028,0.07652886165798377,0.06274286147933755,0.5865151319447017,1,0.08819473306470488
AWS_001,2020-01-01 02:50:00,-0.17,1008.39,88.6,2,1,1,-0.11000000000000001,-0.009999999999990905,0.3999999999999915,0.06250333324445043,0.05988878581678966,0.3868677637989342,1,0.10042810357120202
AWS_001,2020-01-01 03:00:00,-0.05,1008.46,88.5,3,1,1,0.12000000000000001,0.07000000000005002,-0.09999999999999432,0.06742897497861597,0.07814516406409668,0.2926886855804039,1,0.10808792984177251
AWS_001,2020-01-01 03:10:00,-0.21,1008.15,88.7,3,1,1,-0.15999999999999998,-0.3100000000000591,0.20000000000000284,0.07341661937191166,0.10796604404444184,0.3033150177622583,1,0.07221215394522629
AWS_001,2020-01-01 03:20:00,-0.77,1008.07,89.2,3,1,1,-0.56,-0.07999999999992724,0.5,0.26658332030842974,0.1542400726138967,0.3430257521918594,1,0.08818554490658581
AWS_001,2020-01-01 03:30:00,-0.93,1008.12,90.6,3,1,1,-0.16000000000000003,0.049999999999954525,1.3999999999999915,0.38407030606387704,0.16979399282644364,0.8640987597877886,1,0.06678994411831018
AWS_001,2020-01-01 03:40:00,-0.86,1008.04,90.8,3,1,1,0.07000000000000006,-0.08000000000004093,0.20000000000000284,0.39569769605933625,0.17603976823425427,1.0373041983912608,1,0.10471838713265247
AWS_001,2020-01-01 03:50:00,-0.87,1008.16,90.9,3,1,1,-0.010000000000000009,0.12000000000000455,0.10000000000000853,0.38250490192937425,0.15095253117007995,1.105290308772682,1,0.08531966668822483
AWS_001,2020-01-01 04:00:00,-1.02,1008.0,90.9,4,1,1,-0.15000000000000002,-0.15999999999996817,0.0,0.2896664748752726,0.06387487769078282,0.9745084230866442,1,0.07902069790746791
AWS_001,2020-01-01 04:10:00,-1.15,1007.76,91.4,4,1,1,-0.1299999999999999,-0.2400000000000091,0.5,0.13456101466125664,0.14166862743756065,0.7501111028819873,1,0.08030076045403012
AWS_001,2020-01-01 04:20:00,-1.08,1007.84,91.7,4,1,1,0.06999999999999984,0.08000000000004093,0.29999999999999716,0.11777096416349946,0.15731073284019723,0.4135214625629217,1,0.10929589562372949
AWS_001,2020-01-01 04:30:00,-1.59,1007.85,90.5,4,1,1,-0.51,0.009999999999990905,-1.2000000000000028,0.2682349716200338,0.14998888847755748,0.4366539438352102,1,0.06704079159709253
AWS_001,2020-01-01 04:40:00,-1.82,1008.02,92.1,4,1,1,-0.22999999999999998,0.16999999999995907,1.5999999999999943,0.3678450760850284,0.14756919281047634,0.5924525297440978,1,0.04847347705396243
AWS_001,2020-01-01 04:50:00,-1.84,1007.92,92.4,4,1,1,-0.020000000000000018,-0.10000000000002274,0.30000000000001137,0.37781829848045617,0.10048217088994213,0.7183313998428537,1,0.10386270578166512
AWS_001,2020-01-01 05:00:00,-1.84,1007.63,93.2,5,1,1,0.0,-0.2899999999999636,0.7999999999999972,0.3531383109585636,0.13366625103888657,0.9196013629105176,1,0.0637870429440699
AWS_001,2020-01-01 05:10:00,-2.14,1007.63,92.3,5,1,1,-0.30000000000000004,0.0,-0.9000000000000057,0.3582410733942538,0.1570668647428177,0.8981462390206228,1,0.08713755681110047
AWS_001,2020-01-01 05:20:00,-2.34,1007.9,93.4,5,1,1,-0.19999999999999973,0.2699999999999818,1.1000000000000085,0.26686450994215627,0.16084153692417705,1.0303721010716975,1,0.05012958095556219
AWS_001,2020-01-01 05:30:00,-2.2,1007.99,93.8,5,1,1,0.13999999999999968,0.09000000000003183,0.3999999999999915,0.2251221890440847,0.17474743679603716,0.691857403419901,1,0.09100758746590565
AWS_001,2020-01-01 05:40:00,-2.3,1007.85,93.7,5,1,1,-0.09999999999999964,-0.13999999999998636,-0.09999999999999432,0.2208166660376899,0.15388307249381603,0.6439461675225159,1,0.09320377122710677
AWS_001,2020-01-01 05:50:00,-2.4,1007.81,94.1,5,1,1,-0.10000000000000009,-0.04000000000007731,0.3999999999999915,0.20136202886012913,0.14593377493512869,0.6306081720584842,1,0.10999836150912656
AWS_001,2020-01-01 06:00:00,-2.51,1007.81,94.0,6,1,1,-0.10999999999999988,0.0,-0.09999999999999432,0.13412680567284435,0.11973582031620958,0.6595452979138567,1,0.1110421689174299
AWS_001,2020-01-01 06:10:00,-2.83,1007.91,94.1,6,1,1,-0.3200000000000003,0.10000000000002274,0.09999999999999432,0.22144976857066515,0.06940220937957409,0.27386127875309046,1,0.07186081276757372
AWS_001,2020-01-01 06:20:00,-2.79,1008.06,94.6,6,1,1,0.040000000000000036,0.14999999999997726,0.5,0.2580503826774944,0.10232301793869793,0.314642654451489,1,0.08430511727232476
AWS_001,2020-01-01 06:30:00,-2.74,1008.22,94.8,6,1,1,0.04999999999999982,0.16000000000008185,0.20000000000000284,0.22205855083738957,0.1646410236445592,0.4070217029434003,1,0.09151066656112855
AWS_001,2020-01-01 06:40:00,-2.63,1008.19,95.0,6,1,1,0.11000000000000032,-0.029999999999972715,0.20000000000000284,0.16887865466068117,0.18352111595135806,0.42268979957759084,1,0.10866253381479751
AWS_001,2020-01-01 06:50:00,-2.5,1008.21,95.0,6,1,1,0.1299999999999999,0.01999999999998181,0.0,0.14207978978964,0.17305105219750677,0.4400757510553646,1,0.10749801039725532
AWS_001,2020-01-01 07:00:00,-2.26,1008.17,95.0,7,1,1,0.2400000000000002,-0.04000000000007731,0.0,0.21510462570572841,0.12077527340741523,0.356370593624502,1,0.10209691175303431
AWS_001,2020-01-01 07:10:00,-2.31,1008.16,94.3,7,1,1,-0.050000000000000266,-0.009999999999990905,-0.7000000000000028,0.2206732123903304,0.05776388721874382,0.28577380332519386,1,0.09926837809421352
AWS_001,2020-01-01 07:20:00,-2.53,1008.17,93.8,7,1,1,-0.21999999999999975,0.009999999999990905,-0.5,0.18382056468197738,0.02422120283157999,0.49699094559184254,1,0.0870434029485384
AWS_001,2020-01-01 07:30:00,-2.68,1008.13,94.1,7,1,1,-0.15000000000000036,-0.03999999999996362,0.29999999999999716,0.16884904500766648,0.027141603980176197,0.5354126134738857,1,0.10206036431884985
AWS_001,2020-01-01 07:40:00,-2.73,1008.25,94.2,7,1,1,-0.04999999999999982,0.12000000000000455,0.10000000000000853,0.18967516091114225,0.042150523918592864,0.4939635614094071,1,0.09794680166454961
AWS_001,2020-01-01 07:50:00,-2.79,1008.17,94.3,7,1,1,-0.06000000000000005,-0.08000000000004093,0.09999999999999432,0.22315913604421672,0.03987480407409305,0.39707262140184013,1,0.1025847805661444
AWS_001,2020-01-01 08:00:00,-2.84,1008.16,94.5,8,1,1,-0.04999999999999982,-0.009999999999990905,0.20000000000000284,0.19643489167321623,0.04033195589870262,0.23664319132453257,1,0.10850117306991003
AWS_001,2020-01-01 08:10:00,-2.89,1008.12,94.5,8,1,1,-0.050000000000000266,-0.03999999999996362,0.0,0.1286338472823874,0.045898438607625436,0.2658320271655147,1,0.1092789716099491
AWS_001,2020-01-01 08:20:00,-3.02,1008.12,94.4,8,1,1,-0.1299999999999999,0.0,-0.09999999999999432,0.12144957801492012,0.04956477243589696,0.1632993161863526,1,0.09523722135955032
AWS_001,2020-01-01 08:30:00,-2.84,1008.12,94.7,8,1,1,0.18000000000000016,0.0,0.29999999999999716,0.09867454923468845,0.050859282993597994,0.17511900715494508,1,0.09198430446300865
AWS_001,2020-01-01 08:40:00,-2.91,1008.04,93.9,8,1,1,-0.07000000000000028,-0.08000000000004093,-0.7999999999999972,0.07985403350281746,0.04578937285705378,0.2714160398114525,1,0.08278002570385529
AWS_001,2020-01-01 08:50:00,-3.11,1007.96,93.6,8,1,1,-0.19999999999999973,-0.07999999999992724,-0.30000000000001137,0.10821275340736265,0.07339391437076061,0.4226897995775747,1,0.094128970073039
AWS_001,2020-01-01 09:00:00,-3.08,1008.07,94.0,9,1,1,0.029999999999999805,0.11000000000001364,0.4000000000000057,0.11040833301885722,0.06400520812147566,0.41673332800116636,1,0.09398100289818201
AWS_001,2020-01-01 09:10:00,-3.03,1008.17,93.8,9,1,1,0.050000000000000266,0.09999999999990905,-0.20000000000000284,0.10342469079803752,0.07402702209328357,0.4082482904641805,1,0.10277851861211329
AWS_001,2020-01-01 09:20:00,-2.95,1008.28,93.4,9,1,1,0.07999999999999963,0.11000000000001364,-0.3999999999999915,0.10443498775156536,0.11093541664701699,0.4472135955002458,1,0.1022267322828937
AWS_001,2020-01-01 09:30:00,-3.01,1008.2,92.9,9,1,1,-0.05999999999999961,-0.07999999999992724,-0.5,0.0758287544405358,0.11747340124460048,0.40496913462665274,1,0.10653412912862276
AWS_001,2020-01-01 09:40:00,-2.84,1008.31,92.4,9,1,1,0.16999999999999993,0.10999999999989996,-0.5,0.09750213672873892,0.13156747318370587,0.5991660871580274,1,0.09626855622800207
AWS_001,2020-01-01 09:50:00,-2.67,1008.41,92.5,9,1,1,0.16999999999999993,0.10000000000002274,0.09999999999999432,0.15165750888103988,0.11899579824476439,0.6713171133428163,1,0.1107191379785274
AWS_001,2020-01-01 10:00:00,-1.93,1008.45,91.1,10,1,1,0.74,0.04000000000007731,-1.4000000000000057,0.4176322145939756,0.11129540271975126,0.9410986487435512,1,0.032357826698954484
AWS_001,2020-01-01 10:10:00,-1.53,1008.5,87.4,10,1,1,0.3999999999999999,0.049999999999954525,-3.6999999999999886,0.6118959606556228,0.11373946837628743,2.203103871057138,-1,-0.01533317625697006
AWS_001,2020-01-01 10:20:00,-1.25,1008.46,86.1,10,1,1,0.28,-0.03999999999996362,-1.3000000000000114,0.736308359316937,0.11267948644941946,2.9202739597510883,1,0.039452533973768356
AWS_001,2020-01-01 10:30:00,-1.24,1008.49,86.1,10,1,1,0.010000000000000009,0.029999999999972715,0.0,0.7031073886683301,0.06976149845353354,3.0715902504512185,1,0.050577374915710016
AWS_001,2020-01-01 10:40:00,-1.32,1008.37,86.4,10,1,1,-0.08000000000000007,-0.12000000000000455,0.30000000000001137,0.5603451317417364,0.04926120853645676,2.8133017375793457,1,0.05983731348914434
AWS_001,2020-01-01 10:50:00,-1.03,1008.36,85.9,10,1,1,0.29000000000000004,-0.009999999999990905,-0.5,0.31226057494769116,0.05980523945672846,1.9996666388843327,1,0.09306295390087571
AWS_001,2020-01-01 11:00:00,-1.14,1008.34,86.6,11,1,1,-0.10999999999999988,-0.01999999999998181,0.6999999999999886,0.16963686706215161,0.07127411872357363,0.5419102016635089,1,0.12412972745695328
AWS_001,2020-01-01 11:10:00,-0.83,1008.21,85.8,11,1,1,0.30999999999999994,-0.12999999999999545,-0.7999999999999972,0.18030529664986245,0.0990790929839245,0.3016620625804933,1,0.08312834577898459
AWS_001,2020-01-01 11:20:00,-0.65,1008.02,85.5,11,1,1,0.17999999999999994,-0.19000000000005457,-0.29999999999999716,0.25477441001794987,0.16290078780213083,0.4037325847641231,1,0.09730394358995154
AWS_001,2020-01-01 11:30:00,-0.43,1008.03,85.0,11,1,1,0.22000000000000003,0.009999999999990905,-0.5,0.32839001202837126,0.16290078780223247,0.5853773711606856,1,0.11740599138264596
AWS_001,2020-01-01 11:40:00,-0.4,1007.84,84.8,11,1,1,0.02999999999999997,-0.18999999999994088,-0.20000000000000284,0.30715902504510556,0.20471117865570185,0.6542170893521052,1,0.10916278893234266
AWS_001,2020-01-01 11:50:00,-0.06,1007.69,84.1,11,1,1,0.34,-0.14999999999997726,-0.7000000000000028,0.3758058009131742,0.2365938855224696,0.8671793355473558,1,0.07630574436057641
AWS_001,2020-01-01 12:00:00,0.68,1007.62,82.0,12,1,1,0.74,-0.07000000000005002,-2.0999999999999943,0.5378258702095482,0.22515920293569547,1.3735598518692407,1,0.034583639255029164
AWS_001,2020-01-01 12:10:00,0.93,1007.59,80.5,12,1,1,0.25,-0.029999999999972715,-1.5,0.6476856233286766,0.19569534145363546,1.9705329228410284,1,0.06646869749693596
AWS_001,2020-01-01 12:20:00,1.23,1007.56,80.1,12,1,1,0.29999999999999993,-0.030000000000086402,-0.4000000000000057,0.7148356454458523,0.18104327291197522,2.1787611158638795,1,0.07457063001063285
AWS_001,2020-01-01 12:30:00,1.7,1007.44,78.3,12,1,1,0.47,-0.11999999999989086,-1.7999999999999972,0.7898607472206647,0.1342634226686995,2.489712165425369,1,0.010043788696670441
AWS_001,2020-01-01 12:40:00,1.98,1007.29,77.5,12,1,1,0.28,-0.15000000000009095,-0.7999999999999972,0.7347017535480989,0.1441411345409067,2.415298463268474,1,0.05057215735081777
AWS_001,2020-01-01 12:50:00,2.62,1007.12,75.3,12,1,1,0.6400000000000001,-0.16999999999995907,-2.200000000000003,0.7199629620103033,0.19704483415394006,2.4031229681396606,1,0.0024842390998985886
AWS_001,2020-01-01 13:00:00,2.83,1007.04,74.2,13,1,1,0.20999999999999996,-0.08000000000004093,-1.0999999999999943,0.7506641503806132,0.22882307575964694,2.5296244780600023,1,0.05965010762799394
AWS_001,2020-01-01 13:10:00,2.87,1006.98,74.1,13,1,1,0.040000000000000036,-0.05999999999994543,-0.10000000000000853,0.6725102229706101,0.23103390804551543,2.4350906896185562,1,0.07694629059033942
AWS_001,2020-01-01 13:20:00,3.09,1006.83,73.7,13,1,1,0.21999999999999975,-0.14999999999997726,-0.3999999999999915,0.5508811124008323,0.2196967607108243,1.9374381710565478,1,0.08316692231699935
AWS_001,2020-01-01 13:30:00,3.86,1006.79,70.9,13,1,1,0.77,-0.04000000000007731,-2.799999999999997,0.6139299634322931,0.1860555472617102,2.1544527534079014,1,0.004950995895991128
AWS_001,2020-01-01 13:40:00,3.84,1006.69,70.7,13,1,1,-0.020000000000000018,-0.09999999999990905,-0.20000000000000284,0.5363114766625597,0.16436747447982666,1.897103054659969,1,0.10984593166170814
AWS_001,2020-01-01 13:50:00,4.03,1006.6,70.0,13,1,1,0.1900000000000004,-0.09000000000003183,-0.7000000000000028,0.5480145983456777,0.16750124377714107,1.9294213294837466,1,0.09177588449723012
AWS_001,2020-01-01 14:00:00,3.7,1006.41,70.8,14,1,1,-0.33000000000000007,-0.19000000000005457,0.7999999999999972,0.470265882241072,0.1979562241176162,1.737814719698317,1,0.08364474793691168
AWS_001,2020-01-01 14:10:00,3.45,1006.3,72.2,14,1,1,-0.25,-0.11000000000001364,1.4000000000000057,0.34055347108294187,0.211250246548755,1.3407709225168942,1,0.10538799975159852
AWS_001,2020-01-01 14:20:00,3.64,1006.26,71.4,14,1,1,0.18999999999999995,-0.03999999999996362,-0.7999999999999972,0.20156057815614561,0.21701766441215475,0.7402702209329561,1,0.11794289656600626
AWS_001,2020-01-01 14:30:00,3.89,1006.19,70.3,14,1,1,0.25,-0.06999999999993634,-1.1000000000000085,0.20507722122810146,0.19873768305709813,0.7949842765741495,1,0.10644944814128376
AWS_001,2020-01-01 14:40:00,3.87,1006.06,70.4,14,1,1,-0.020000000000000018,-0.13000000000010914,0.10000000000000853,0.2078140194179393,0.1861898672508663,0.8191458966509693,1,0.12860525858535315
AWS_001,2020-01-01 14:50:00,4.32,1006.01,69.02,14,1,1,0.4500000000000002,-0.049999999999954525,-1.3800000000000097,0.2968782017370751,0.15056560032162425,1.0790118936632653,1,0.08123988559284495
AWS_001,2020-01-01 15:00:00,4.58,1006.01,68.2,15,1,1,0.2599999999999998,0.0,-0.8199999999999932,0.42177798267173544,0.12859497139027354,1.4741325132656073,1,0.09416085923940815
AWS_001,2020-01-01 15:10:00,4.2,1006.03,69.47,15,1,1,-0.3799999999999999,0.01999999999998181,1.269999999999996,0.345176283464896,0.10595596569734868,1.1355424548059692,1,0.09811209955833033
AWS_001,2020-01-01 15:20:00,4.07,1006.02,70.3,15,1,1,-0.1299999999999999,-0.009999999999990905,0.8299999999999983,0.2714958563219174,0.06947421584194165,0.8867863327770047,1,0.12546499495778618
AWS_001,2020-01-01 15:30:00,4.44,1006.02,69.19,15,1,1,0.3700000000000001,0.0,-1.1099999999999994,0.2565670802473255,0.01870828693867655,0.8292164976651644,1,0.09276490535518744
AWS_001,2020-01-01 15:40:00,4.5,1005.99,68.67,15,1,1,0.05999999999999961,-0.029999999999972715,-0.519999999999996,0.19250108224796353,0.013662601027891796,0.717758083665194,1,0.12939692516557227
AWS_001,2020-01-01 15:50:00,4.34,1005.87,68.54,15,1,1,-0.16000000000000014,-0.12000000000000455,-0.12999999999999545,0.19201562436419214,0.060332412517492905,0.7595634711245186,1,0.11463470989998953
AWS_001,2020-01-01 16:00:00,3.74,1005.83,70.4,16,1,1,-0.5999999999999996,-0.03999999999996362,1.8599999999999994,0.28083803161247783,0.08717797887184327,0.7907823130715212,1,0.07158698822099946
AWS_001,2020-01-01 16:10:00,3.23,1005.78,72.5,16,1,1,-0.5100000000000002,-0.05000000000006821,2.0999999999999943,0.49143327793978125,0.10496030995976109,1.4852564312827512,1,0.053836767012780284
AWS_001,2020-01-01 16:20:00,2.99,1005.71,73.4,16,1,1,-0.23999999999999977,-0.06999999999993634,0.9000000000000057,0.654756952362202,0.12011105971906948,2.0645386893928985,1,0.08660433520647004
AWS_001,2020-01-01 16:30:00,2.89,1005.71,73.7,16,1,1,-0.10000000000000009,0.0,0.29999999999999716,0.6912235528394362,0.10691117808798171,2.319331081727415,1,0.08686827020133608
AWS_001,2020-01-01 16:40:00,2.77,1005.76,74.0,16,1,1,-0.1200000000000001,0.049999999999954525,0.29999999999999716,0.6034788038254868,0.06439461675344105,2.171773468849882,1,0.0811893790395557
AWS_001,2020-01-01 16:50:00,2.6,1005.88,74.7,16,1,1,-0.16999999999999993,0.12000000000000455,0.7000000000000028,0.4043595759551654,0.06735478206350587,1.5144856112446201,1,0.10534712011699848
AWS_001,2020-01-01 17:00:00,2.09,1005.96,76.6,17,1,1,-0.5100000000000002,0.08000000000004093,1.8999999999999915,0.39122457318865095,0.10019980039980417,1.4010710188996074,1,0.0567063198113511
AWS_001,2020-01-01 17:10:00,1.63,1005.96,78.9,17,1,1,-0.45999999999999996,0.0,2.3000000000000114,0.5291408130167018,0.1183215956626926,2.136742068352453,1,0.035995391343553784
AWS_001,2020-01-01 17:20:00,1.26,1006.03,79.3,17,1,1,-0.3699999999999999,0.06999999999993634,0.3999999999999915,0.6605048574133604,0.12532624093478084,2.4657656011876945,1,0.0632380577232936
AWS_001,2020-01-01 17:30:00,1.03,1006.0,79.6,17,1,1,-0.22999999999999998,-0.029999999999972715,0.29999999999999716,0.7102581690249289,0.0980646045566727,2.4457446037285315,1,0.07150751946994549
AWS_001,2020-01-01 17:40:00,0.99,1005.96,81.3,17,1,1,-0.040000000000000036,-0.03999999999996362,1.7000000000000028,0.640874402671833,0.0504975246937382,2.3596609926005554,1,0.063593744550559
AWS_001,2020-01-01 17:50:00,0.85,1005.93,81.6,17,1,1,-0.14,-0.030000000000086402,0.29999999999999716,0.4702517056499066,0.03559026084287779,1.8141113527015642,1,0.11036927038286776
AWS_001,2020-01-01 18:00:00,0.63,1005.85,81.9,18,1,1,-0.21999999999999997,-0.07999999999992724,0.30000000000001137,0.3462802333370772,0.062209324061533795,1.3109792777414102,1,0.12383395809774078
AWS_001,2020-01-01 18:10:00,0.35,1005.81,81.8,18,1,1,-0.28,-0.04000000000007731,-0.10000000000000853,0.32201966813635485,0.0855569985459575,1.1583033569265901,1,0.12075886607513586
AWS_001,2020-01-01 18:20:00,0.05,1005.83,84.0,18,1,1,-0.3,0.020000000000095497,2.200000000000003,0.3874016004096811,0.07737355276098586,1.408545348932988,1,0.06687743450553019
AWS_001,2020-01-01 18:30:00,-0.08,1005.78,85.5,18,1,1,-0.13,-0.05000000000006821,1.5,0.4320995255725038,0.0704272674479868,1.6821613081590707,1,0.08694901281084716
AWS_001,2020-01-01 18:40:00,-0.21,1005.71,85.3,18,1,1,-0.13,-0.06999999999993634,-0.20000000000000284,0.41798325325302643,0.0733257571857024,1.811905074776484,1,0.10693455932582285
AWS_001,2020-01-01 18:50:00,-0.62,1005.7,85.8,18,1,1,-0.41000000000000003,-0.009999999999990905,0.5,0.436898157469203,0.06260990337155696,1.8119050747764869,1,0.09757730543550092
AWS_001,2020-01-01 19:00:00,-1.32,1005.68,85.9,19,1,1,-0.7000000000000001,-0.020000000000095497,0.10000000000000853,0.5906183200680333,0.06306081720742913,1.5841927492156673,1,0.07166782151629081
AWS_001,2020-01-01 19:10:00,-1.42,1005.71,89.0,19,1,1,-0.09999999999999987,0.030000000000086402,3.0999999999999943,0.6381535865291261,0.05753259945637347,1.6582118883506909,1,0.0354371766948024
AWS_001,2020-01-01 19:20:00,-1.31,1005.69,90.1,19,1,1,0.10999999999999988,-0.01999999999998181,1.0999999999999943,0.6015867906351123,0.03544949459270837,2.0675267027701523,1,0.06630016639141245
AWS_001,2020-01-01 19:30:00,-1.33,1005.61,89.6,19,1,1,-0.020000000000000018,-0.08000000000004093,-0.5,0.49898897783416873,0.037771241267533076,2.1738598544220027,1,0.08206070957239797
AWS_001,2020-01-01 19:40:00,-1.38,1005.49,89.8,19,1,1,-0.04999999999999982,-0.12000000000000455,0.20000000000000284,0.30172835465032005,0.0845379599168699,1.9825908974540583,1,0.10777801103457496
AWS_001,2020-01-01 19:50:00,-1.36,1005.57,89.1,19,1,1,0.019999999999999796,0.08000000000004093,-0.7000000000000028,0.041793141382964936,0.08479386770425815,1.5354695264536213,1,0.1024128500587575
AWS_001,2020-01-01 20:00:00,-1.48,1005.53,89.7,20,1,1,-0.11999999999999988,-0.04000000000007731,0.6000000000000085,0.06228964600950904,0.08740709353515302,0.4230839160273861,1,0.12649259807475238
AWS_001,2020-01-01 20:10:00,-1.86,1005.46,89.3,20,1,1,-0.3800000000000001,-0.06999999999993634,-0.4000000000000057,0.20781401941798097,0.08400396816194383,0.3577708764014622,1,0.11438111585666438
AWS_001,2020-01-01 20:20:00,-2.15,1005.39,90.6,20,1,1,-0.2899999999999998,-0.07000000000005002,1.2999999999999972,0.335598967022632,0.07909909397071499,0.519294393064032,1,0.096171617831524
AWS_001,2020-01-01 20:30:00,-2.18,1005.34,92.0,20,1,1,-0.03000000000000025,-0.049999999999954525,1.4000000000000057,0.3788271373594977,0.08617811013838007,1.072225100745063,1,0.10128137527912373
AWS_001,2020-01-01 20:40:00,-2.24,1005.32,92.2,20,1,1,-0.06000000000000005,-0.01999999999998181,0.20000000000000284,0.38033756935998203,0.10212737145534952,1.3556056457051904,1,0.12215650733467792
AWS_001,2020-01-01 20:50:00,-2.57,1005.26,92.3,20,1,1,-0.3299999999999996,-0.06000000000005912,0.09999999999999432,0.371214223865403,0.09852241707900927,1.3317907743590278,1,0.10314021646242344
AWS_001,2020-01-01 21:00:00,-2.78,1005.21,92.8,21,1,1,-0.20999999999999996,-0.049999999999954525,0.5,0.32782108941717164,0.08944271910259992,1.3201010062369694,1,0.10099642392287855
AWS_001,2020-01-01 21:10:00,-2.85,1005.12,93.8,21,1,1,-0.07000000000000028,-0.09000000000003183,1.0,0.3128844302081234,0.097911524690298,1.0476958846286983,1,0.09533002684960962
AWS_001,2020-01-01 21:20:00,-2.95,1005.07,93.7,21,1,1,-0.10000000000000009,-0.049999999999954525,-0.09999999999999432,0.3237746129640124,0.10825894882431604,0.7823042886251358,1,0.1043582523248271
AWS_001,2020-01-01 21:30:00,-3.21,1005.01,93.9,21,1,1,-0.2599999999999998,-0.06000000000005912,0.20000000000000284,0.3326659986633192,0.11844830096110798,0.7782458908776643,1,0.09601973956924048
AWS_001,2020-01-01 21:40:00,-3.06,1004.96,94.7,21,1,1,0.1499999999999999,-0.049999999999954525,0.7999999999999972,0.2235769815223923,0.11536897330130683,0.8547904226580911,1,0.09014418517024464
AWS_001,2020-01-01 21:50:00,-3.0,1004.84,94.3,21,1,1,0.06000000000000005,-0.12000000000000455,-0.4000000000000057,0.15319921670817302,0.1291123541751133,0.6408327915049467,1,0.0980573927062866
AWS_001,2020-01-01 22:00:00,-3.21,1004.76,94.0,22,1,1,-0.20999999999999996,-0.08000000000004093,-0.29999999999999716,0.14403703227526138,0.1375499909149002,0.37237973450234685,1,0.09791270435587851
AWS_001,2020-01-01 22:10:00,-3.27,1004.64,94.3,22,1,1,-0.06000000000000005,-0.12000000000000455,0.29999999999999716,0.13079245645932708,0.16309506430529044,0.35637059362604223,1,0.09858702697287364
AWS_001,2020-01-01 22:20:00,-3.31,1004.61,94.4,22,1,1,-0.040000000000000036,-0.029999999999972715,0.10000000000000853,0.12127104628337816,0.16403251710400601,0.28751811537372085,1,0.10494511658977512
AWS_001,2020-01-01 22:30:00,-3.39,1004.54,94.7,22,1,1,-0.08000000000000007,-0.07000000000005002,0.29999999999999716,0.15002222057637116,0.1577022510964557,0.26832815730259385,1,0.09748909757999547
AWS_001,2020-01-01 22:40:00,-3.35,1004.51,94.8,22,1,1,0.040000000000000036,-0.029999999999972715,0.09999999999999432,0.13967820159208402,0.12774975538509448,0.29268868558260597,1,0.1056142706676072
AWS_001,2020-01-01 22:50:00,-3.29,1004.62,94.9,22,1,1,0.06000000000000005,0.11000000000001364,0.10000000000000853,0.0628225012767376,0.08755950358267733,0.3430257521937468,1,0.08814980041067871
AWS_001,2020-01-01 23:00:00,-3.19,1004.56,94.5,23,1,1,0.10000000000000009,-0.06000000000005912,-0.4000000000000057,0.06899275324263424,0.05099019514580099,0.23664319132700126,1,0.0740551868061568
AWS_001,2020-01-01 23:10:00,-3.2,1004.45,94.2,23,1,1,-0.010000000000000231,-0.10999999999989996,-0.29999999999999716,0.08010409893797966,0.06369196705787161,0.26394443860042144,1,0.08096266492057552
AWS_001,2020-01-01 23:20:00,-3.32,1004.35,93.4,23,1,1,-0.11999999999999966,-0.10000000000002274,-0.7999999999999972,0.08074651695273904,0.094392796341021,0.5564770136026048,1,0.0833554572663116
AWS_001,2020-01-01 23:30:00,-3.09,1004.28,93.2,23,1,1,0.22999999999999998,-0.07000000000005002,-0.20000000000000284,0.09757048734119736,0.12859497139386442,0.7174027227910763,1,0.08341483679605616
AWS_001,2020-01-01 23:40:00,-2.96,1004.29,90.4,23,1,1,0.1299999999999999,0.009999999999990905,-2.799999999999997,0.13307892395115936,0.14265342618093238,1.620699437486165,1,0.050817149560834496
AWS_001,2020-01-01 23:50:00,-3.46,1004.26,89.7,23,1,1,-0.5,-0.029999999999972715,-0.7000000000000028,0.17420294677951131,0.11777096416868521,2.0205609782107277,1,0.056768556424454775
AWS_001,2020-01-02 00:00:00,-3.39,1004.16,91.4,0,1,2,0.06999999999999984,-0.10000000000002274,1.7000000000000028,0.18959606184376676,0.0966264284136255,1.8130085493458614,1,0.055777198907676406
AWS_001,2020-01-02 00:10:00,-3.47,1004.13,91.3,0,1,2,-0.08000000000000007,-0.029999999999972715,-0.10000000000000853,0.21008728344825078,0.08360621987249309,1.481440740180927,1,0.09945296569273909
AWS_001,2020-01-02 00:20:00,-3.94,1004.13,91.2,0,1,2,-0.46999999999999975,0.0,-0.09999999999999432,0.3430889097595542,0.0762670746001871,1.1781341180023237,1,0.06020952620002962
AWS_001,2020-01-02 00:30:00,-3.91,1004.11,91.3,0,1,2,0.029999999999999805,-0.01999999999998181,0.09999999999999432,0.36471450021443735,0.07589466385344516,0.6853223086021254,1,0.09116472598417197
AWS_001,2020-01-02 00:40:00,-3.86,1004.09,92.0,0,1,2,0.050000000000000266,-0.01999999999998181,0.7000000000000028,0.2565475914263619,0.06022181222878474,0.7661592523758382,1,0.09095720550071507
AWS_001,2020-01-02 00:50:00,-3.88,1004.0,90.7,0,1,2,-0.020000000000000018,-0.09000000000003183,-1.2999999999999972,0.24424714259673094,0.05573747992287553,0.4167333280021968,1,0.07267595488295031
AWS_001,2020-01-02 01:00:00,-4.23,1003.96,90.1,1,1,2,-0.35000000000000053,-0.03999999999996362,-0.6000000000000085,0.24309805977561497,0.07238784429388122,0.6418722614361081,1,0.06992582683522197
AWS_001,2020-01-02 01:10:00,-4.42,1003.86,91.1,1,1,2,-0.1899999999999995,-0.10000000000002274,1.0,0.23039097204535255,0.10445094543158857,0.6345602151630431,1,0.06794537290551528
AWS_001,2020-01-02 01:20:00,-4.42,1003.9,92.6,1,1,2,0.0,0.03999999999996362,1.5,0.26884940022250886,0.1003327796298261,0.8966604708590173,1,0.06307160768922726
AWS_001,2020-01-02 01:30:00,-4.5,1003.76,92.9,1,1,2,-0.08000000000000007,-0.13999999999998636,0.30000000000001137,0.28414198328770385,0.11496376241357686,1.1093541664715572,1,0.08088477122882909
AWS_001,2020-01-02 01:40:00,-4.31,1003.75,93.9,1,1,2,0.1900000000000004,-0.009999999999990905,1.0,0.22357698152240543,0.10245324137536167,1.4702607478497938,1,0.06370992634105543
AWS_001,2020-01-02 01:50:00,-4.25,1003.72,92.7,1,1,2,0.05999999999999961,-0.029999999999972715,-1.2000000000000028,0.10784247771635956,0.09586448769837598,1.3717385562372528,1,0.07647163813184854
AWS_001,2020-01-02 02:00:00,-4.2,1003.76,93.1,2,1,2,0.04999999999999982,0.03999999999996362,0.3999999999999915,0.11523888232711868,0.07111024306210006,0.9174239296355238,1,0.08472486409064839
AWS_001,2020-01-02 02:10:00,-3.98,1003.73,93.1,2,1,2,0.2200000000000002,-0.029999999999972715,0.0,0.18228183306810902,0.06572670691350684,0.46368092477612055,1,0.09123754560179653
AWS_001,2020-01-02 02:20:00,-4.07,1003.67,91.2,2,1,2,-0.0900000000000003,-0.06000000000005912,-1.8999999999999915,0.18323936985994513,0.03430257524418598,0.8908797150389512,1,0.07299677487858791
AWS_001,2020-01-02 02:30:00,-4.56,1003.51,88.7,2,1,2,-0.4899999999999993,-0.15999999999996817,-2.5,0.2023281163522998,0.09359487166370399,1.89569688153666,1,0.02066923858575065
AWS_001,2020-01-02 02:40:00,-4.78,1003.51,89.7,2,1,2,-0.22000000000000064,0.0,1.0,0.3051338504110453,0.11224972161112058,1.8808685936736127,1,0.05478153169119593
AWS_001,2020-01-02 02:50:00,-4.85,1003.49,92.0,2,1,2,-0.0699999999999994,-0.01999999999998181,2.299999999999997,0.373505912492253,0.12237919213849734,1.8055470085270768,1,0.04565550792895667
AWS_001,2020-01-02 03:00:00,-4.86,1003.38,92.5,3,1,2,-0.010000000000000675,-0.11000000000001364,0.5,0.3969214867787723,0.128439350156133,1.6994116629001557,1,0.08024971649741064
AWS_001,2020-01-02 03:10:00,-4.88,1003.27,92.5,3,1,2,-0.019999999999999574,-0.11000000000001364,0.0,0.31519306252941504,0.1354129486740645,1.5786069808540255,1,0.08662885826534095
AWS_001,2020-01-02 03:20:00,-4.91,1003.17,91.7,3,1,2,-0.03000000000000025,-0.10000000000002274,-0.7999999999999972,0.12832251036615663,0.1426066852173917,1.5980196077231779,1,0.08580065383368085
AWS_001,2020-01-02 03:30:00,-4.81,1003.12,90.3,3,1,2,0.10000000000000053,-0.049999999999954525,-1.4000000000000057,0.04708148963948052,0.16342174478555746,1.1794066304719126,1,0.0767879666225168
AWS_001,2020-01-02 03:40:00,-5.03,1003.07,91.1,3,1,2,-0.22000000000000064,-0.049999999999954525,0.7999999999999972,0.07615773105867849,0.16161683081337982,0.858875233469804,1,0.0829454761283504
AWS_001,2020-01-02 03:50:00,-5.12,1003.08,91.7,3,1,2,-0.08999999999999986,0.009999999999990905,0.6000000000000085,0.11674759098159639,0.12155931337788164,0.8453795991551983,1,0.09722943755250563
AWS_001,2020-01-02 04:00:00,-4.72,1003.12,92.2,4,1,2,0.40000000000000036,0.03999999999996362,0.5,0.14524691620365904,0.07359800723495416,0.7909909396875529,1,0.0715461780839487
AWS_001,2020-01-02 04:10:00,-4.45,1003.22,90.5,4,1,2,0.2699999999999996,0.10000000000002274,-1.7000000000000028,0.23949947807877547,0.05656854251527643,0.7476630257014828,1,0.05553430501515744
AWS_001,2020-01-02 04:20:00,-4.54,1003.37,89.6,4,1,2,-0.08999999999999986,0.14999999999997726,-0.9000000000000057,0.2642284365216438,0.11430952133977323,0.957078889120989,1,0.08807576513135046
AWS_001,2020-01-02 04:30:00,-5.02,1003.32,89.4,4,1,2,-0.47999999999999954,-0.049999999999954525,-0.19999999999998863,0.28253613338239125,0.1275408431401119,1.1256109452208818,1,0.08366992666468509
AWS_001,2020-01-02 04:40:00,-5.39,1003.15,90.9,4,1,2,-0.3700000000000001,-0.17000000000007276,1.5,0.36417944294903914,0.11523888233670011,1.1160943807168422,1,0.04775516066974328
AWS_001,2020-01-02 04:50:00,-5.48,1002.99,90.9,4,1,2,-0.09000000000000075,-0.15999999999996817,0.0,0.4355992041621204,0.13896042602925202,1.018659249537203,1,0.08574475946205967
AWS_001,2020-01-02 05:00:00,-5.43,1002.82,89.9,5,1,2,0.05000000000000071,-0.16999999999995907,-1.0,0.46171058756181105,0.20811054755174782,0.6572670690069595,1,0.06562344136738907
AWS_001,2020-01-02 05:10:00,-4.96,1002.67,89.1,5,1,2,0.46999999999999975,-0.15000000000009095,-0.8000000000000114,0.365768597157647,0.27789686336675484,0.7685484153048878,1,0.05291044980322579
AWS_001,2020-01-02 05:20:00,-4.87,1002.65,85.4,5,1,2,0.08999999999999986,-0.01999999999998181,-3.6999999999999886,0.2705118604916856,0.269122029327268,2.0363365799070627,1,0.03949091487663425
AWS_001,2020-01-02 05:30:00,-5.22,1002.67,88.3,5,1,2,-0.34999999999999964,0.01999999999998181,2.8999999999999915,0.25711864965421405,0.20569394741382624,2.0711510487329456,1,0.014804664298947445
AWS_001,2020-01-02 05:40:00,-5.43,1002.62,89.8,5,1,2,-0.20999999999999996,-0.049999999999954525,1.5,0.2627102332736073,0.14222048611031077,1.9214577799163044,1,0.07114278761691195
AWS_001,2020-01-02 05:50:00,-5.53,1002.55,90.0,5,1,2,-0.10000000000000053,-0.07000000000005002,0.20000000000000284,0.27276363393972913,0.08891943921067846,1.762668431668552,1,0.0982077404365227
AWS_001,2020-01-02 06:00:00,-5.45,1002.53,91.3,6,1,2,0.08000000000000007,-0.01999999999998181,1.2999999999999972,0.2756567914394152,0.061237243593522686,2.0193233190025683,1,0.08476499614537542
AWS_001,2020-01-02 06:10:00,-5.58,1002.51,90.7,6,1,2,-0.1299999999999999,-0.01999999999998181,-0.5999999999999943,0.26417166136183773,0.06705718954468626,2.1398598084923464,1,0.08818177877785577
AWS_001,2020-01-02 06:20:00,-5.78,1002.53,90.8,6,1,2,-0.20000000000000018,0.01999999999998181,0.09999999999999432,0.18519359240177222,0.0627428615035746,1.059716943339574,1,0.10317135456070797
AWS_001,2020-01-02 06:30:00,-5.69,1002.53,91.0,6,1,2,0.08999999999999986,0.0,0.20000000000000284,0.13706446172029352,0.038858718494305056,0.5830951894853837,1,0.11623076971367724
AWS_001,2020-01-02 06:40:00,-5.44,1002.52,90.3,6,1,2,0.25,-0.009999999999990905,-0.7000000000000028,0.13496913227354532,0.013291601472648932,0.4708148963952491,1,0.08927133059287129
AWS_001,2020-01-02 06:50:00,-5.46,1002.44,88.5,6,1,2,-0.019999999999999574,-0.07999999999992724,-1.7999999999999972,0.14278188493878968,0.03521363376683171,1.0033277962199856,1,0.08748376049041262
AWS_001,2020-01-02 07:00:00,-5.47,1002.41,89.7,7,1,2,-0.009999999999999787,-0.030000000000086402,1.2000000000000028,0.13971399357260944,0.0517687164520501,0.9373722135137351,1,0.10119299608609117
AWS_001,2020-01-02 07:10:00,-5.05,1002.37,88.3,7,1,2,0.41999999999999993,-0.03999999999996362,-1.4000000000000057,0.2534100760953951,0.06947421586309313,1.1518101695451477,1,0.06743472698836073
AWS_001,2020-01-02 07:20:00,-4.94,1002.4,87.4,7,1,2,0.10999999999999943,0.029999999999972715,-0.8999999999999915,0.28561629271922495,0.06595452981530658,1.3594116374376586,1,0.10353969019482229
AWS_001,2020-01-02 07:30:00,-4.8,1002.4,86.5,7,1,2,0.14000000000000057,0.0,-0.9000000000000057,0.29931031834314364,0.05240865071588333,1.4081903280455088,1,0.10476653142168085
AWS_001,2020-01-02 07:40:00,-4.91,1002.36,86.6,7,1,2,-0.11000000000000032,-0.03999999999996362,0.09999999999999432,0.2900172408668273,0.028751811593389576,1.2355835328570746,1,0.10570217000109444
AWS_001,2020-01-02 07:50:00,-5.12,1002.35,87.4,7,1,2,-0.20999999999999996,-0.009999999999990905,0.8000000000000114,0.23472679154002438,0.024832774108522047,1.1979148550714667,1,0.1002234863474481
AWS_001,2020-01-02 08:00:00,-5.13,1002.38,86.8,8,1,2,-0.009999999999999787,0.029999999999972715,-0.6000000000000085,0.130447946195692,0.02065591125884275,0.6772493386246518,1,0.1092540648566862
AWS_001,2020-01-02 08:10:00,-5.58,1002.36,87.6,8,1,2,-0.4500000000000002,-0.01999999999998181,0.7999999999999972,0.27604347483685876,0.02167948346407745,0.4722287581256097,1,0.08387155500952831
AWS_001,2020-01-02 08:20:00,-5.66,1002.35,90.2,8,1,2,-0.08000000000000007,-0.009999999999990905,2.6000000000000085,0.349685573051002,0.019663841688476815,1.3862419221288755,1,0.06346126520190665
AWS_001,2020-01-02 08:30:00,-5.44,1002.27,90.4,8,1,2,0.21999999999999975,-0.08000000000004093,0.20000000000000284,0.2968950431830657,0.038340579068652195,1.6943041836304376,1,0.09246245154126348
AWS_001,2020-01-02 08:40:00,-4.73,1002.18,87.5,8,1,2,0.71,-0.09000000000003183,-2.9000000000000057,0.3494376434597086,0.07609204954116885,1.5625833311115311,1,0.012882015273017244
AWS_001,2020-01-02 08:50:00,-4.44,1002.21,84.4,8,1,2,0.29000000000000004,0.030000000000086402,-3.0999999999999943,0.4917180764082957,0.08424171573563065,2.2453655975514493,1,0.03235926273010059
AWS_001,2020-01-02 09:00:00,-4.39,1002.19,83.7,9,1,2,0.05000000000000071,-0.01999999999998181,-0.7000000000000028,0.5855937158132831,0.08000000002170464,2.8114053425290497,1,0.07856367191994745
AWS_001,2020-01-02 09:10:00,-4.71,1002.25,84.0,9,1,2,-0.3200000000000003,0.05999999999994543,0.29999999999999716,0.5302357966037455,0.06337717783376698,3.103546358603471,1,0.07019353553756202
AWS_001,2020-01-02 09:20:00,-4.68,1002.19,86.2,9,1,2,0.03000000000000025,-0.05999999999994543,2.200000000000003,0.3759476913969226,0.036742346190130656,2.5881782524910273,1,0.05807878172124037
AWS_001,2020-01-02 09:30:00,-4.13,1002.05,82.9,9,1,2,0.5499999999999998,-0.14000000000010004,-3.299999999999997,0.23703726851842594,0.0676510655518318,1.7244322737258908,1,0.01188119218673167
AWS_001,2020-01-02 09:40:00,-4.07,1002.01,82.8,9,1,2,0.05999999999999961,-0.03999999999996362,-0.10000000000000853,0.2675568475421187,0.09633275664949709,1.244186481199965,1,0.1367720606760527
AWS_001,2020-01-02 09:50:00,-4.04,1002.0,82.8,9,1,2,0.03000000000000025,-0.009999999999990905,0.0,0.3039517505570196,0.10765686231618203,1.310979277741418,1,0.13381562927905016
AWS_001,2020-01-02 10:00:00,-4.16,1001.81,83.6,10,1,2,-0.1200000000000001,-0.19000000000005457,0.7999999999999972,0.31031704217892514,0.15574551894217967,1.3121229617179213,1,0.09465637590306758
AWS_001,2020-01-02 10:10:00,-3.81,1001.66,83.9,10,1,2,0.3500000000000001,-0.14999999999997726,0.30000000000001137,0.2882649244474211,0.1883259585686139,1.308434178703974,1,0.07644531463087939
AWS_001,2020-01-02 10:20:00,-3.53,1001.66,83.6,10,1,2,0.28000000000000025,0.0,-0.30000000000001137,0.24278934627919413,0.17919263378920736,0.48853522561571255,1,0.10702172206496596
AWS_001,2020-01-02 10:30:00,-3.02,1001.57,81.4,10,1,2,0.5099999999999998,-0.08999999999991815,-2.1999999999999886,0.4328240597132735,0.18705614131723342,0.9130534851077352,1,0.06097955456235549
AWS_001,2020-01-02 10:40:00,-2.78,1001.52,80.2,10,1,2,0.2400000000000002,-0.05000000000006821,-1.2000000000000028,0.5574465594715607,0.17580291997390388,1.4784000360752738,1,0.09106113573669478
AWS_001,2020-01-02 10:50:00,-1.87,1001.42,77.0,10,1,2,0.9099999999999997,-0.10000000000002274,-3.200000000000003,0.8222104353509601,0.13470956414291416,2.699938270899421,-1,-0.02852061488275992
AWS_001,2020-01-02 11:00:00,-1.24,1001.32,73.7,11,1,2,0.6300000000000001,-0.09999999999990905,-3.299999999999997,0.9848739344031215,0.13531444861912342,3.9712298682734732,-1,-0.05781086072425068
AWS_001,2020-01-02 11:10:00,-0.91,1001.39,72.7,11,1,2,0.32999999999999996,0.06999999999993634,-1.0,1.0458059093350065,0.1260158720368413,4.365317857842736,-1,-0.015228276917626848
AWS_001,2020-01-02 11:20:00,-0.56,1001.38,71.4,11,1,2,0.35,-0.009999999999990905,-1.2999999999999972,1.006737304364958,0.09373722137965547,4.125853447066123,-1,-0.015692282149144976
AWS_001,2020-01-02 11:30:00,-0.59,1001.18,71.4,11,1,2,-0.029999999999999916,-0.20000000000004547,0.0,0.8624326060626555,0.11321071800910015,3.5151102400921608,1,0.007638132108041207
AWS_001,2020-01-02 11:40:00,-0.19,1001.01,70.2,11,1,2,0.39999999999999997,-0.16999999999995907,-1.2000000000000028,0.5953374393289003,0.15882904857847716,2.4130202375171774,1,0.02820038621562848
AWS_001,2020-01-02 11:50:00,0.48,1000.87,67.31,11,1,2,0.6699999999999999,-0.13999999999998636,-2.8900000000000006,0.5973078491587847,0.2134869238913095,2.2213546917742617,-1,-0.01029076219588898
AWS_001,2020-01-02 12:00:00,1.06,1000.7,65.15,12,1,2,0.5800000000000001,-0.16999999999995907,-2.1599999999999966,0.747781162283923,0.2789563884782522,2.8790391915824234,-1,-0.01116573635340945
AWS_001,2020-01-02 12:10:00,1.8,1000.49,61.45,12,1,2,0.74,-0.21000000000003638,-3.700000000000003,0.9617830663235326,0.3228260625680845,3.981534461318609,-1,-0.08211692413301808
AWS_001,2020-01-02 12:20:00,1.92,1000.23,61.68,12,1,2,0.11999999999999988,-0.2599999999999909,0.22999999999999687,1.0314585142732102,0.34852068327962293,4.203985807143949,-1,-0.03883750799418817
AWS_001,2020-01-02 12:30:00,2.72,1000.03,59.96,12,1,2,0.8000000000000003,-0.20000000000004547,-1.7199999999999989,1.0583839882890804,0.37755794258299924,3.960168767447659,-1,-0.06996341455988231
AWS_001,2020-01-02 12:40:00,3.47,999.8,58.23,12,1,2,0.75,-0.2300000000000182,-1.730000000000004,1.0834466607390982,0.40785618381320654,3.3576757834353326,-1,-0.07860061709901955
AWS_001,2020-01-02 12:50:00,4.37,999.66,55.33,12,1,2,0.8999999999999999,-0.13999999999998636,-2.8999999999999986,1.2138313996048649,0.4003706616064386,3.3421789299798967,-1,-0.08750952988289706
AWS_001,2020-01-02 13:00:00,4.98,999.58,52.83,13,1,2,0.6100000000000003,-0.07999999999992724,-2.5,1.299107385861554,0.3517243238801221,3.544915607834464,-1,-0.06372544893272059
AWS_001,2020-01-02 13:10:00,5.58,999.46,50.54,13,1,2,0.5999999999999996,-0.12000000000000455,-2.289999999999999,1.3918189537436403,0.29021830865054515,4.2924464663718895,-1,-0.08704949516703075
AWS_001,2020-01-02 13:20:00,5.73,999.3,52.29,13,1,2,0.15000000000000036,-0.16000000000008185,1.75,1.1960058528285062,0.2567813596746096,3.659943533262314,-1,-0.032040999537589876
AWS_001,2020-01-02 13:30:00,6.06,999.16,52.72,13,1,2,0.3299999999999992,-0.13999999999998636,0.4299999999999997,0.9721196771317355,0.23619201230495734,2.7150518718191594,1,0.0021204591701924347
AWS_001,2020-01-02 13:40:00,6.47,999.06,53.29,13,1,2,0.41000000000000014,-0.10000000000002274,0.5700000000000003,0.7556564475121682,0.2372340616570261,1.5497956854594683,1,0.04383717089873218
AWS_001,2020-01-02 13:50:00,6.47,998.98,53.8,13,1,2,0.0,-0.07999999999992724,0.509999999999998,0.5746448178368189,0.23338094754544975,1.1243027468919562,1,0.08721029169882372
AWS_001,2020-01-02 14:00:00,6.22,998.88,55.42,14,1,2,-0.25,-0.10000000000002274,1.6200000000000045,0.37317109570103524,0.2135415650658818,1.625669093020503,1,0.07933823960047676
AWS_001,2020-01-02 14:10:00,5.88,998.9,58.09,14,1,2,-0.33999999999999986,0.01999999999998181,2.6700000000000017,0.30537954526574185,0.16182294855071108,2.1642127128978554,1,0.05418943244442875
AWS_001,2020-01-02 14:20:00,5.71,998.87,60.07,14,1,2,-0.16999999999999993,-0.029999999999972715,1.9799999999999969,0.31078931770581275,0.11588787689456384,2.9351848323405374,1,0.0821489007199101
AWS_001,2020-01-02 14:30:00,5.91,998.81,59.87,14,1,2,0.20000000000000018,-0.06000000000005912,-0.20000000000000284,0.32379005543723005,0.08914407819882965,2.9998377733918447,1,0.097832204507874
AWS_001,2020-01-02 14:40:00,5.7,998.71,60.77,14,1,2,-0.20999999999999996,-0.09999999999990905,0.9000000000000057,0.3045926241173788,0.09108603997344858,2.819898343321703,1,0.09001585982967625
AWS_001,2020-01-02 14:50:00,5.41,998.69,61.54,14,1,2,-0.29000000000000004,-0.01999999999998181,0.769999999999996,0.27016661525814706,0.09055385144475152,2.2187624178060212,1,0.11236677167769715
AWS_001,2020-01-02 15:00:00,5.66,998.65,60.22,15,1,2,0.25,-0.04000000000007731,-1.3200000000000003,0.17971273373556515,0.10284292235359513,1.1515670482730873,1,0.11701555709684297
AWS_001,2020-01-02 15:10:00,5.77,998.66,59.89,15,1,2,0.10999999999999943,0.009999999999990905,-0.3299999999999983,0.16403251710167133,0.0886378399912697,0.6509275433321162,1,0.13631901976072403
AWS_001,2020-01-02 15:20:00,5.61,998.66,61.08,15,1,2,-0.15999999999999925,0.0,1.1899999999999977,0.1670528858377192,0.05988878591518966,0.680512062103516,1,0.11822756959167369
AWS_001,2020-01-02 15:30:00,5.47,998.75,61.8,15,1,2,-0.14000000000000057,0.09000000000003183,0.7199999999999989,0.13822686666024775,0.03829708446371144,0.7415838905129829,1,0.11915605946020402
AWS_001,2020-01-02 15:40:00,5.49,998.82,61.73,15,1,2,0.020000000000000462,0.07000000000005002,-0.07000000000000028,0.13541294866706735,0.06715653364873875,0.8124202524976648,1,0.13796418671902633
AWS_001,2020-01-02 15:50:00,4.96,998.94,63.64,15,1,2,-0.5300000000000002,0.12000000000000455,1.9100000000000037,0.28387790802862706,0.11587349428706277,1.3461896845052583,1,0.07550657560932639
AWS_001,2020-01-02 16:00:00,4.28,998.97,66.44,16,1,2,-0.6799999999999997,0.029999999999972715,2.799999999999997,0.5531606156142257,0.13461054940647596,2.3110690167110284,1,0.03111128985369782
AWS_001,2020-01-02 16:10:00,3.69,999.12,68.68,16,1,2,-0.5900000000000003,0.14999999999997726,2.240000000000009,0.7781430888125324,0.16621271515147867,3.0475810079473957,1,0.004484538012069383
AWS_001,2020-01-02 16:20:00,3.36,999.13,70.1,16,1,2,-0.33000000000000007,0.009999999999990905,1.4199999999999875,0.9084363855915879,0.15398051828462958,3.562484619850068,1,0.020774158698353862
AWS_001,2020-01-02 16:30:00,3.25,999.28,69.98,16,1,2,-0.10999999999999988,0.14999999999997726,-0.11999999999999034,0.9068057491363338,0.16451950242353547,3.4741353840442466,1,0.01768174640426934
AWS_001,2020-01-02 16:40:00,3.18,999.39,69.27,16,1,2,-0.06999999999999984,0.11000000000001364,-0.710000000000008,0.702500296559871,0.1740593768732475,2.5237624029746244,1,0.058154447904359086
AWS_001,2020-01-02 16:50:00,3.06,999.44,70.5,16,1,2,-0.1200000000000001,0.05000000000006821,1.230000000000004,0.45104323517822464,0.17971273376518784,1.482732837252978,1,0.10858309485748036
AWS_001,2020-01-02 17:00:00,2.88,999.45,70.2,17,1,2,-0.18000000000000016,0.009999999999990905,-0.29999999999999716,0.2765983851484046,0.1495883240002721,0.6792471322488413,1,0.13946000590829505
AWS_001,2020-01-02 17:10:00,2.61,999.51,71.3,17,1,2,-0.27,0.05999999999994543,1.0999999999999943,0.2739829678405296,0.1392360107051941,0.6662657127615208,1,0.11992423548944625
AWS_001,2020-01-02 17:20:00,2.32,999.52,72.3,17,1,2,-0.29000000000000004,0.009999999999990905,1.0,0.3593698188032826,0.08841191479089401,1.0679778399706057,1,0.11905667630687844
AWS_001,2020-01-02 17:30:00,1.91,999.59,74.4,17,1,2,-0.4099999999999999,0.07000000000005002,2.1000000000000085,0.4815391988198227,0.07089898925168552,1.820773645093835,1,0.07335920162230597
AWS_001,2020-01-02 17:40:00,1.42,999.56,76.1,17,1,2,-0.49,-0.030000000000086402,1.6999999999999886,0.6181154153284822,0.05913261939793518,2.3380903889003695,1,0.05315572526936918
AWS_001,2020-01-02 17:50:00,1.41,999.58,77.0,17,1,2,-0.010000000000000009,0.020000000000095497,0.9000000000000057,0.6149932248949584,0.05244044250538763,2.719374928177727,1,0.06831529314832818
AWS_001,2020-01-02 18:00:00,1.41,999.58,76.3,18,1,2,0.0,0.0,-0.7000000000000028,0.5242391311860457,0.033862467080754174,2.328661990643617,1,0.10100185134834011
AWS_001,2020-01-02 18:10:00,1.12,999.68,77.2,18,1,2,-0.2899999999999998,0.09999999999990905,0.9000000000000057,0.43577134677110085,0.05282045068044346,1.8748333259257017,1,0.09534247843334526
AWS_001,2020-01-02 18:20:00,1.16,999.67,77.3,18,1,2,0.039999999999999813,-0.009999999999990905,0.09999999999999432,0.2816203117675137,0.051380930412429665,1.087044923942101,1,0.14473942138144463
AWS_001,2020-01-02 18:30:00,0.91,999.71,77.9,18,1,2,-0.2499999999999999,0.04000000000007731,0.6000000000000085,0.20970614360742407,0.0638748777691244,0.6683312551933295,1,0.137719084713675
AWS_001,2020-01-02 18:40:00,0.62,999.83,78.9,18,1,2,-0.29000000000000004,0.12000000000000455,1.0,0.3041545659693938,0.09311283482934882,0.8846845012027117,1,0.11539060800891121
AWS_001,2020-01-02 18:50:00,0.15,999.98,80.4,18,1,2,-0.47,0.14999999999997726,1.5,0.45098780471319777,0.14190372326521256,1.4560219778566585,1,0.07740228903003143
AWS_001,2020-01-02 19:00:00,-0.08,999.99,81.7,19,1,2,-0.22999999999999998,0.009999999999990905,1.2999999999999972,0.5162040940041982,0.14710540442067677,1.8187908071027803,1,0.09201731511121586
AWS_001,2020-01-02 19:10:00,-0.22,1000.07,82.5,19,1,2,-0.14,0.08000000000004093,0.7999999999999972,0.5585934717365519,0.1634319430517432,2.0941983350839064,1,0.09510608569881296
AWS_001,2020-01-02 19:20:00,-0.25,1000.11,82.4,19,1,2,-0.03,0.03999999999996362,-0.09999999999999432,0.47738523926352516,0.1513164454915857,1.9117182498130203,1,0.12010634505570039
AWS_001,2020-01-02 19:30:00,-0.47,1000.05,83.0,19,1,2,-0.21999999999999997,-0.06000000000005912,0.5999999999999943,0.3833231882715839,0.0987420883384769,1.5535979745957855,1,0.13679997143509048
AWS_001,2020-01-02 19:40:00,-0.46,1000.04,83.3,19,1,2,0.009999999999999953,-0.009999999999990905,0.29999999999999716,0.23557730507561933,0.048989794951387125,1.045785191455735,1,0.1468101620534627
AWS_001,2020-01-02 19:50:00,-0.71,1000.14,84.2,19,1,2,-0.24999999999999994,0.10000000000002274,0.9000000000000057,0.22563244447557657,0.053166405520688596,0.8596510920143301,1,0.11124601527353234
AWS_001,2020-01-02 20:00:00,-0.29,1000.08,83.9,20,1,2,0.42,-0.05999999999994543,-0.29999999999999716,0.18525657883061536,0.03763863275890938,0.7305249254256082,1,0.10933727452338904
AWS_001,2020-01-02 20:10:00,-0.36,1000.15,83.6,20,1,2,-0.07,0.06999999999993634,-0.30000000000001137,0.16585133905606725,0.0459347364122943,0.6480740698418799,1,0.14429009005982973
AWS_001,2020-01-02 20:20:00,-0.52,1000.06,84.0,20,1,2,-0.16000000000000003,-0.09000000000003183,0.4000000000000057,0.14469508169488823,0.047187569082872347,0.45460605656775294,1,0.1412338971787141
AWS_001,2020-01-02 20:30:00,-0.56,1000.02,84.4,20,1,2,-0.040000000000000036,-0.03999999999996362,0.4000000000000057,0.14948801512726806,0.05307227784786011,0.40000000000176683,1,0.15168000058695047
AWS_001,2020-01-02 20:40:00,-0.53,999.93,84.5,20,1,2,0.030000000000000027,-0.09000000000003183,0.09999999999999432,0.1500333296305311,0.08164965814993337,0.33466401061573536,1,0.15585214798003838
AWS_001,2020-01-02 20:50:00,-0.59,999.81,84.7,20,1,2,-0.05999999999999994,-0.12000000000000455,0.20000000000000284,0.12078907235351917,0.12122980935444785,0.4167333280025428,1,0.14599226653471875
AWS_001,2020-01-02 21:00:00,-0.49,999.7,85.1,21,1,2,0.09999999999999998,-0.10999999999989996,0.3999999999999915,0.08035338615571974,0.16694310410905147,0.5269408568976889,1,0.13639890906182528
AWS_001,2020-01-02 21:10:00,-0.42,999.58,85.1,21,1,2,0.07,-0.12000000000000455,0.0,0.059132619311934524,0.18782971013594815,0.4273952113302909,1,0.12909027422677843
AWS_001,2020-01-02 21:20:00,-0.19,999.54,84.9,21,1,2,0.22999999999999998,-0.04000000000007731,-0.19999999999998863,0.1463785047972905,0.19148542157722342,0.29944392908867357,1,0.1279068140636182
AWS_001,2020-01-02 21:30:00,-0.07,999.54,84.6,21,1,2,0.12,0.0,-0.30000000000001137,0.20614719660158065,0.16058227385608306,0.2562550812531608,1,0.14355648654841335
AWS_001,2020-01-02 21:40:00,-0.01,999.51,84.9,21,1,2,0.060000000000000005,-0.029999999999972715,0.30000000000001137,0.2381386150963855,0.11724617979685627,0.20412414523535605,1,0.14705702710132335
AWS_001,2020-01-02 21:50:00,0.06,999.34,85.2,21,1,2,0.06999999999999999,-0.16999999999995907,0.29999999999999716,0.2245588267396576,0.11657615541122522,0.21602468995017055,1,0.12553069927221938
AWS_001,2020-01-02 22:00:00,0.09,999.17,85.3,22,1,2,0.03,-0.17000000000007276,0.09999999999999432,0.1900526242913402,0.15945741336584227,0.25298221281624084,1,0.12878694161912774
AWS_001,2020-01-02 22:10:00,0.33,999.05,85.1,22,1,2,0.24000000000000002,-0.12000000000000455,-0.20000000000000284,0.17569860557222944,0.2097061436332392,0.25298221281624084,1,0.11236961589226979
AWS_001,2020-01-02 22:20:00,0.47,998.96,84.3,22,1,2,0.13999999999999996,-0.08999999999991815,-0.7999999999999972,0.20992855927678428,0.24061726180335988,0.3847076812352439,1,0.12657584231468033
AWS_001,2020-01-02 22:30:00,0.35,998.84,84.6,22,1,2,-0.12,-0.12000000000000455,0.29999999999999716,0.19326148090094572,0.24825390230845834,0.3847076812352439,1,0.13681940409110432
AWS_001,2020-01-02 22:40:00,0.22,998.69,85.4,22,1,2,-0.12999999999999998,-0.14999999999997726,0.8000000000000114,0.1595827893812282,0.23232879003345486,0.43550736695039843,1,0.1276904994295351
AWS_001,2020-01-02 22:50:00,0.26,998.56,85.5,22,1,2,0.04000000000000001,-0.13000000000010914,0.09999999999999432,0.1290994448736848,0.22780839905228908,0.480277697450205,1,0.1332532851298618
AWS_001,2020-01-02 23:00:00,0.25,998.56,85.7,23,1,2,-0.010000000000000009,0.0,0.20000000000000284,0.09136009340348601,0.20675267030695985,0.5477225575064519,1,0.145758651883084
AWS_001,2020-01-02 23:10:00,0.46,998.55,85.9,23,1,2,0.21000000000000002,-0.009999999999990905,0.20000000000000284,0.1096813566656937,0.1724722200219176,0.6377042156580759,1,0.13834437315755932
AWS_001,2020-01-02 23:20:00,0.74,998.66,85.4,23,1,2,0.27999999999999997,0.11000000000001364,-0.5,0.19687559523726475,0.11290113674986117,0.4445971959741601,1,0.11138221713129054
AWS_001,2020-01-02 23:30:00,0.79,998.68,84.9,23,1,2,0.050000000000000044,0.01999999999998181,-0.5,0.25641112820370004,0.06653319982888224,0.3386246693140995,1,0.14065398474861862
AWS_001,2020-01-02 23:40:00,0.72,998.59,85.2,23,1,2,-0.07000000000000006,-0.08999999999991815,0.29999999999999716,0.24646838877773886,0.056213877404449636,0.35590260840303267,1,0.14240408080271583
AWS_001,2020-01-02 23:50:00,0.75,998.53,85.7,23,1,2,0.030000000000000027,-0.06000000000005912,0.5,0.21572358857272655,0.06156297599089259,0.3723797345024077,1,0.1473695802209995
AWS_001,2020-01-03 00:00:00,0.88,998.45,85.8,0,1,3,0.13,-0.07999999999992724,0.09999999999999432,0.14094916341254193,0.08571269847324026,0.3868677638006086,1,0.14945399354775374
AWS_001,2020-01-03 00:10:00,0.93,998.39,86.0,0,1,3,0.050000000000000044,-0.06000000000005912,0.20000000000000284,0.08471520918167999,0.11541230442620327,0.4098780306401119,1,0.14753870248374268
AWS_001,2020-01-03 00:20:00,0.88,998.25,85.9,0,1,3,-0.050000000000000044,-0.13999999999998636,-0.09999999999999432,0.08360621986448874,0.1526324561808801,0.43550736695041975,1,0.13181560802567216
AWS_001,2020-01-03 00:30:00,0.69,998.07,86.6,0,1,3,-0.19000000000000006,-0.17999999999994998,0.6999999999999886,0.10028293307784646,0.19214577802645655,0.4546060565677745,1,0.1055665414877961
AWS_001,2020-01-03 00:40:00,0.74,997.99,87.2,0,1,3,0.050000000000000044,-0.08000000000004093,0.6000000000000085,0.09703951085354792,0.21568495546428468,0.5830951894857793,1,0.13659946464634942
AWS_001,2020-01-03 00:50:00,0.92,998.01,87.5,0,1,3,0.18000000000000005,0.01999999999998181,0.29999999999999716,0.10019980039914901,0.19896398337514007,0.7211102550938219,1,0.1342919423552818
AWS_001,2020-01-03 01:00:00,1.42,997.93,86.6,1,1,3,0.4999999999999999,-0.08000000000004093,-0.9000000000000057,0.2593838853900328,0.17682382950470266,0.6345602151633453,1,0.09620820888714493
AWS_001,2020-01-03 01:10:00,1.67,997.77,86.0,1,1,3,0.25,-0.15999999999996817,-0.5999999999999943,0.39817918914315054,0.15832456120565783,0.6345602151633453,1,0.11180361859461496
AWS_001,2020-01-03 01:20:00,1.9,997.67,85.4,1,1,3,0.22999999999999998,-0.10000000000002274,-0.5999999999999943,0.5111033815840955,0.15461780842193232,0.7687652437522654,1,0.11767351774679985
AWS_001,2020-01-03 01:30:00,1.99,997.57,85.0,1,1,3,0.09000000000000008,-0.09999999999990905,-0.4000000000000057,0.5153251400815138,0.18140194784341768,0.9928074670690867,1,0.11986183354689439
AWS_001,2020-01-03 01:40:00,2.01,997.41,85.0,1,1,3,0.019999999999999796,-0.16000000000008185,0.0,0.42281989861724734,0.22429147705966265,0.9928074670690797,1,0.11159247165540753
AWS_001,2020-01-03 01:50:00,2.08,997.26,84.9,1,1,3,0.07000000000000028,-0.14999999999997726,-0.09999999999999432,0.25209125331917703,0.24301577455359616,0.6823977334869411,1,0.1302889556150248
AWS_001,2020-01-03 02:00:00,1.96,997.14,85.1,2,1,3,-0.1200000000000001,-0.12000000000000455,0.19999999999998863,0.14265342617698976,0.24355697488578876,0.4131182235972156,1,0.14164776789026745
AWS_001,2020-01-03 02:10:00,1.78,997.01,85.8,2,1,3,-0.17999999999999994,-0.12999999999999545,0.7000000000000028,0.10347302385984763,0.2537452791333656,0.3405877273206587,1,0.12505509367055279
AWS_001,2020-01-03 02:20:00,1.63,997.04,86.5,2,1,3,-0.15000000000000013,0.029999999999972715,0.7000000000000028,0.16916461410915828,0.21958293805010787,0.6369196704986589,1,0.13835693854059733
AWS_001,2020-01-03 02:30:00,1.54,996.96,86.7,2,1,3,-0.08999999999999986,-0.07999999999992724,0.20000000000000284,0.21832697191758083,0.17119190016740088,0.7916228058034498,1,0.14842088268049203
AWS_001,2020-01-03 02:40:00,1.57,996.86,87.2,2,1,3,0.030000000000000027,-0.10000000000002274,0.5,0.22099773754505536,0.13996428121655757,0.920144916123618,1,0.14782150686467538
AWS_001,2020-01-03 02:50:00,1.74,996.71,86.6,2,1,3,0.16999999999999993,-0.14999999999997726,-0.6000000000000085,0.15680136053842017,0.150687314274785,0.7467708260692529,1,0.13513759476687925
AWS_001,2020-01-03 03:00:00,1.92,996.73,86.9,3,1,3,0.17999999999999994,0.01999999999998181,0.30000000000001137,0.1440370322753826,0.14180973174236933,0.47081489639577745,1,0.1540472444216005
AWS_001,2020-01-03 03:10:00,2.38,996.59,85.4,3,1,3,0.45999999999999996,-0.13999999999998636,-1.5,0.31740615410968326,0.1688490450580554,0.6156297588660685,1,0.08546629233609371
AWS_001,2020-01-03 03:20:00,2.65,996.44,85.1,3,1,3,0.27,-0.14999999999997726,-0.30000000000001137,0.45403377260585004,0.18576867340131423,0.8565434412031605,1,0.11957877581909371
AWS_001,2020-01-03 03:30:00,2.95,996.37,84.3,3,1,3,0.30000000000000027,-0.07000000000005002,-0.7999999999999972,0.5448455438623884,0.1862972535605995,1.1513759884017647,1,0.12144532123577922
AWS_001,2020-01-03 03:40:00,3.07,996.32,84.0,3,1,3,0.11999999999999966,-0.049999999999954525,-0.29999999999999716,0.5411623293122896,0.17534727452817628,1.178841238958039,1,0.13955629833983368
AWS_001,2020-01-03 03:50:00,3.25,996.26,83.7,3,1,3,0.18000000000000016,-0.06000000000005912,-0.29999999999999716,0.49297734904020124,0.17747300269242,1.1747340124476893,1,0.13468710151515634
AWS_001,2020-01-03 04:00:00,3.05,996.14,83.5,4,1,3,-0.20000000000000018,-0.12000000000000455,-0.20000000000000284,0.31902455495887055,0.154358889232017,0.7659416862060019,1,0.15088478608284583
AWS_001,2020-01-03 04:10:00,2.87,996.12,84.6,4,1,3,-0.17999999999999972,-0.01999999999998181,1.0999999999999943,0.20373184990743554,0.12708265034414873,0.5932958789688478,1,0.15489380151465382
AWS_001,2020-01-03 04:20:00,2.84,996.04,84.7,4,1,3,-0.03000000000000025,-0.08000000000004093,0.10000000000000853,0.15149257407556105,0.1281275406981287,0.4844240566570601,1,0.17440218527509
AWS_001,2020-01-03 04:30:00,2.9,995.89,85.1,4,1,3,0.06000000000000005,-0.14999999999997726,0.3999999999999915,0.1564182427554599,0.15419684395465064,0.6282250127685824,1,0.16131283663049217
AWS_001,2020-01-03 04:40:00,2.95,995.81,85.1,4,1,3,0.050000000000000266,-0.08000000000004093,0.0,0.15279616051035405,0.16741166830842033,0.6920982589209599,1,0.1716728516517783
AWS_001,2020-01-03 04:50:00,3.14,995.67,85.1,4,1,3,0.18999999999999995,-0.13999999999998636,0.0,0.11548448669282722,0.1868421794440692,0.6210206652504405,1,0.14424631698463547
AWS_001,2020-01-03 05:00:00,3.26,995.58,84.9,5,1,3,0.11999999999999966,-0.08999999999991815,-0.19999999999998863,0.16848343143082647,0.20855854498514562,0.22286019534253476,1,0.16278976495407227
AWS_001,2020-01-03 05:10:00,3.27,995.53,84.9,5,1,3,0.010000000000000231,-0.05000000000006821,0.0,0.18793615937344196,0.19541409029697127,0.16329931618997795,1,0.1709062885185742
AWS_001,2020-01-03 05:20:00,3.27,995.54,85.0,5,1,3,0.0,0.009999999999990905,0.09999999999999432,0.1682161308160037,0.15006665192561763,0.09831920803239784,1,0.17023117346751565
AWS_001,2020-01-03 05:30:00,3.11,995.5,84.5,5,1,3,-0.16000000000000014,-0.03999999999996362,-0.5,0.12722683155178813,0.11640446735565306,0.22286019534253382,1,0.1717373869499389
AWS_001,2020-01-03 05:40:00,2.5,995.45,85.9,5,1,3,-0.6099999999999999,-0.049999999999954525,1.4000000000000057,0.298222512005225,0.07503332606600402,0.46368092477635736,1,0.11419963290815416
AWS_001,2020-01-03 05:50:00,2.32,995.42,87.0,5,1,3,-0.18000000000000016,-0.030000000000086402,1.0999999999999943,0.43029059947904846,0.0595538973310711,0.924481836851406,1,0.13146865033726757
AWS_001,2020-01-03 06:00:00,2.33,995.36,87.3,6,1,3,0.010000000000000231,-0.05999999999994543,0.29999999999999716,0.46458583706354833,0.0697614986036692,1.169045194450663,1,0.14146041820947663
AWS_001,2020-01-03 06:10:00,2.44,995.35,87.2,6,1,3,0.10999999999999988,-0.009999999999990905,-0.09999999999999432,0.41787159112184635,0.07554248266718924,1.2045746137128948,1,0.14930290464671608
AWS_001,2020-01-03 06:20:00,2.57,995.33,86.3,6,1,3,0.1299999999999999,-0.01999999999998181,-0.9000000000000057,0.2931723042854423,0.06615638055117622,1.0652073350612374,1,0.1565682549172015
AWS_001,2020-01-03 06:30:00,2.62,995.27,85.7,6,1,3,0.050000000000000266,-0.06000000000005912,-0.5999999999999943,0.12339638028200857,0.06439461691600157,0.6918574034208833,1,0.17214862083069932
AWS_001,2020-01-03 06:40:00,2.67,995.2,85.4,6,1,3,0.04999999999999982,-0.06999999999993634,-0.29999999999999716,0.15012217246863394,0.07678975639945361,0.8084965470973132,1,0.1737275105061401
AWS_001,2020-01-03 06:50:00,2.65,995.19,85.6,6,1,3,-0.020000000000000018,-0.009999999999990905,0.19999999999998863,0.13426342266865787,0.07527726541266831,0.8312640976257727,1,0.1759291295515925
AWS_001,2020-01-03 07:00:00,2.62,995.16,86.0,7,1,3,-0.029999999999999805,-0.030000000000086402,0.4000000000000057,0.08312640976270062,0.07874007887633513,0.6531972647433821,1,0.17222341204997965
AWS_001,2020-01-03 07:10:00,2.66,995.13,86.0,7,1,3,0.040000000000000036,-0.029999999999972715,0.0,0.036560452222358694,0.0739369101885995,0.3265986323734564,1,0.16680092907018124
AWS_001,2020-01-03 07:20:00,2.71,995.06,86.1,7,1,3,0.04999999999999982,-0.07000000000005002,0.09999999999999432,0.03391164991617018,0.07082843135623708,0.2756809750445997,1,0.16291538885472157
AWS_001,2020-01-03 07:30:00,2.8,995.01,85.6,7,1,3,0.08999999999999986,-0.049999999999954525,-0.5,0.06348228099270792,0.07556454209389353,0.28577380332739866,1,0.17273057672853648
AWS_001,2020-01-03 07:40:00,2.88,994.84,85.4,7,1,3,0.08000000000000007,-0.16999999999995907,-0.19999999999998863,0.10059821071986035,0.1284912449237165,0.28577380332739866,1,0.15248344238680744
AWS_001,2020-01-03 07:50:00,3.09,994.68,84.5,7,1,3,0.20999999999999996,-0.16000000000008185,-0.9000000000000057,0.17339742404864247,0.18536450583192243,0.6033241251611968,1,0.1323942956789113
AWS_001,2020-01-03 08:00:00,3.37,994.6,84.2,8,1,3,0.28000000000000025,-0.07999999999992724,-0.29999999999999716,0.26798631805878803,0.21518983872214797,0.7848566748148944,1,0.15057481591474714
AWS_001,2020-01-03 08:10:00,3.79,994.69,82.8,8,1,3,0.41999999999999993,0.09000000000003183,-1.4000000000000057,0.4097153483416355,0.18906788910197087,1.1944315244785284,1,0.09034664434670464
AWS_001,2020-01-03 08:20:00,3.92,994.69,82.4,8,1,3,0.1299999999999999,0.0,-0.3999999999999915,0.46893140934118444,0.14851487026442994,1.3171939872324665,1,0.1551190355356638
AWS_001,2020-01-03 08:30:00,3.93,994.63,82.0,8,1,3,0.010000000000000231,-0.06000000000005912,-0.4000000000000057,0.4504960229199711,0.08280499193800954,1.3442470011130014,1,0.15645835636247357
AWS_001,2020-01-03 08:40:00,3.61,994.61,82.0,8,1,3,-0.3200000000000003,-0.01999999999998181,0.0,0.33421051250179445,0.041472882987644344,1.1034793458275065,1,0.14877815502026764
AWS_001,2020-01-03 08:50:00,3.38,994.55,83.0,8,1,3,-0.22999999999999998,-0.06000000000005912,1.0,0.2538240860649606,0.05455883695649667,0.8262364471916477,1,0.15027273764539262
AWS_001,2020-01-03 09:00:00,3.3,994.4,83.7,9,1,3,-0.08000000000000007,-0.14999999999997726,0.7000000000000028,0.27120103244649674,0.10913294655369,0.6565059024877082,1,0.1653683329838026
AWS_001,2020-01-03 09:10:00,3.47,994.25,83.4,9,1,3,0.17000000000000037,-0.14999999999997726,-0.29999999999999716,0.27080743465922785,0.16570053316266867,0.7259476565160942,1,0.15273360995998986
AWS_001,2020-01-03 09:20:00,3.39,994.23,83.0,9,1,3,-0.08000000000000007,-0.01999999999998181,-0.4000000000000057,0.22949219304087717,0.1781852968793269,0.7092249290607437,1,0.1738115037059621
AWS_001,2020-01-03 09:30:00,3.27,994.33,83.7,9,1,3,-0.1200000000000001,0.10000000000002274,0.7000000000000028,0.12355835328584769,0.15668439623697272,0.6377042156579408,1,0.16598524493991657
AWS_001,2020-01-03 09:40:00,3.27,994.24,84.0,9,1,3,0.0,-0.09000000000003183,0.29999999999999716,0.08016649341657602,0.12468627306576137,0.40824829046542116,1,0.17060614268238344
AWS_001,2020-01-03 09:50:00,3.29,994.12,84.1,9,1,3,0.020000000000000018,-0.12000000000000455,0.09999999999999432,0.08109665015714161,0.09537644725659541,0.40373258476532603,1,0.16366322276735035
AWS_001,2020-01-03 10:00:00,3.32,994.02,84.0,10,1,3,0.029999999999999805,-0.10000000000002274,-0.09999999999999432,0.07993747556711542,0.11016654070775037,0.4289522117920552,1,0.17062865105738478
AWS_001,2020-01-03 10:10:00,3.41,993.94,83.9,10,1,3,0.0900000000000003,-0.07999999999992724,-0.09999999999999432,0.061237243569931266,0.1474675106309345,0.40702170294466156,1,0.17178692234995085
AWS_001,2020-01-03 10:20:00,3.5,993.87,83.7,10,1,3,0.08999999999999986,-0.07000000000005002,-0.20000000000000284,0.0928798507035293,0.17704989887567754,0.16733200531075398,1,0.17024221575216975
AWS_001,2020-01-03 10:30:00,3.57,993.78,83.6,10,1,3,0.06999999999999984,-0.09000000000003183,-0.10000000000000853,0.12176480060637505,0.16801785626990573,0.19407902171018868,1,0.17319652945798747
AWS_001,2020-01-03 10:40:00,3.7,993.68,83.3,10,1,3,0.13000000000000034,-0.10000000000002274,-0.29999999999999716,0.15630099167965694,0.1600520749397876,0.29439202887981103,1,0.1741734245751968
AWS_001,2020-01-03 10:50:00,3.91,993.76,82.8,10,1,3,0.20999999999999996,0.08000000000004093,-0.5,0.21235975764421966,0.12560520169460732,0.4415880433178453,1,0.15845954962391096
AWS_001,2020-01-03 11:00:00,4.0,993.62,82.3,11,1,3,0.08999999999999986,-0.13999999999998636,-0.5,0.23370208956428404,0.11794066315874388,0.6088240030320111,1,0.16075822401300072
AWS_001,2020-01-03 11:10:00,4.1,993.48,82.2,11,1,3,0.09999999999999964,-0.13999999999998636,-0.09999999999999432,0.24287170824678936,0.13717385572066026,0.6493586579602133,1,0.15938935228208184
AWS_001,2020-01-03 11:20:00,4.16,993.36,81.8,11,1,3,0.0600000000000005,-0.12000000000000455,-0.4000000000000057,0.23079572497495376,0.1647624553518717,0.691857403420573,1,0.1635855884972332
AWS_001,2020-01-03 11:30:00,4.2,993.19,82.0,11,1,3,0.040000000000000036,-0.16999999999995907,0.20000000000000284,0.1859480214111335,0.21407942457707257,0.5549774770215191,1,0.1593548851041648
AWS_001,2020-01-03 11:40:00,4.3,992.94,81.9,11,1,3,0.09999999999999964,-0.25,-0.09999999999999432,0.14062953696402572,0.297080236122074,0.3614784456476171,1,0.12226254653902213
AWS_001,2020-01-03 11:50:00,4.47,992.8,82.0,11,1,3,0.16999999999999993,-0.14000000000010004,0.09999999999999432,0.16392071254130883,0.3168858890751211,0.18618986725331008,1,0.13094117978320569
AWS_001,2020-01-03 12:00:00,4.74,992.75,81.3,12,1,3,0.27000000000000046,-0.049999999999954525,-0.7000000000000028,0.23970120288959368,0.30236842873463815,0.3076794869142041,1,0.12153579425108213
AWS_001,2020-01-03 12:10:00,4.94,992.66,80.6,12,1,3,0.20000000000000018,-0.09000000000003183,-0.7000000000000028,0.31358677693219067,0.27291024170831485,0.5549774770214481,1,0.13881120601990748
AWS_001,2020-01-03 12:20:00,5.0,992.45,80.4,12,1,3,0.05999999999999961,-0.2099999999999227,-0.19999999999998863,0.3351666252279916,0.2515087805554929,0.7229568912927865,1,0.14139725503502493
AWS_001,2020-01-03 12:30:00,5.2,992.15,80.2,12,1,3,0.20000000000000018,-0.3000000000000682,-0.20000000000000284,0.34010292559761385,0.28388377909011764,0.7788880963705204,1,0.09876826359764396
AWS_001,2020-01-03 12:40:00,5.88,991.91,78.3,12,1,3,0.6799999999999997,-0.2400000000000091,-1.9000000000000057,0.4811825710338285,0.35724874625087305,1.2516655570349584,1,0.014473237209657097
AWS_001,2020-01-03 12:50:00,6.81,991.84,74.7,12,1,3,0.9299999999999997,-0.06999999999993634,-3.5999999999999943,0.7824171947667875,0.38484628970336976,2.4435629723829186,-1,-0.032881283674589534
AWS_001,2020-01-03 13:00:00,6.98,991.91,73.7,13,1,3,0.17000000000000082,0.06999999999993634,-1.0,0.9119740493384298,0.3350621833317218,3.0603376720008164,1,0.029368532505900657
AWS_001,2020-01-03 13:10:00,7.0,991.91,73.3,13,1,3,0.019999999999999574,0.0,-0.4000000000000057,0.9104669131824996,0.2324148590334521,3.2567877834865544,1,0.05177698756244664
AWS_001,2020-01-03 13:20:00,6.99,991.8,73.3,13,1,3,-0.009999999999999787,-0.11000000000001364,0.0,0.7599649114707462,0.12165525074283465,2.947824056260335,1,0.06940145677087761
AWS_001,2020-01-03 13:30:00,6.93,991.73,73.5,13,1,3,-0.0600000000000005,-0.06999999999993634,0.20000000000000284,0.4392152092085098,0.07456540775439116,1.949016846173218,1,0.12328168157947578
AWS_001,2020-01-03 13:40:00,6.84,991.6,73.9,13,1,3,-0.08999999999999986,-0.12999999999999545,0.4000000000000057,0.08167006795684942,0.11889771528687641,0.5278888771956687,1,0.1482310879166902
AWS_001,2020-01-03 13:50:00,6.71,991.52,74.6,13,1,3,-0.1299999999999999,-0.08000000000004093,0.6999999999999886,0.11373946837726522,0.16084153702938953,0.4915960401253228,1,0.1542248546008162
AWS_001,2020-01-03 14:00:00,6.67,991.35,74.8,14,1,3,-0.040000000000000036,-0.16999999999995907,0.20000000000000284,0.141656862406106,0.20292034570490583,0.6603029607689623,1,0.14421964268634124
AWS_001,2020-01-03 14:10:00,6.59,991.19,75.1,14,1,3,-0.08000000000000007,-0.15999999999996817,0.29999999999999716,0.15676946981712309,0.23060066500650045,0.7375635565836354,1,0.1432572141284421
AWS_001,2020-01-03 14:20:00,6.54,991.19,75.6,14,1,3,-0.04999999999999982,0.0,0.5,0.14841383583325776,0.22297981979352796,0.773089041874882,1,0.15538095253750306
AWS_001,2020-01-03 14:30:00,6.54,991.41,75.9,14,1,3,0.0,0.2199999999999136,0.30000000000001137,0.11651895410936636,0.16848343153560957,0.7194905605128418,1,0.13353048446954535
AWS_001,2020-01-03 14:40:00,6.47,991.51,76.2,14,1,3,-0.07000000000000028,0.10000000000002274,0.29999999999999716,0.08959166627951587,0.14729788424164444,0.6345602151625468,1,0.15020194489036154
AWS_001,2020-01-03 14:50:00,6.41,991.47,76.8,14,1,3,-0.05999999999999961,-0.03999999999996362,0.5999999999999943,0.09070097390182606,0.13764689136372385,0.7312090444374851,1,0.1584358642232822
AWS_001,2020-01-03 15:00:00,6.45,991.47,76.7,15,1,3,0.040000000000000036,0.0,-0.09999999999999432,0.06752777206507544,0.14555640385097293,0.6534523701086078,1,0.1634283732042658
AWS_001,2020-01-03 15:10:00,6.41,991.47,77.0,15,1,3,-0.040000000000000036,0.0,0.29999999999999716,0.05899152481562524,0.1171324038650284,0.5537749241950818,1,0.16060251709819068
AWS_001,2020-01-03 15:20:00,6.46,991.55,76.7,15,1,3,0.04999999999999982,0.07999999999992724,-0.29999999999999716,0.04802776974562807,0.04690415797132365,0.4135214625634657,1,0.14545350113443367
AWS_001,2020-01-03 15:30:00,6.54,991.61,76.5,15,1,3,0.08000000000000007,0.06000000000005912,-0.20000000000000284,0.04802776974562807,0.05715476097016383,0.2738612787537592,1,0.14642173176154377
AWS_001,2020-01-03 15:40:00,6.56,991.63,76.5,15,1,3,0.019999999999999574,0.01999999999998181,0.0,0.06431692364175393,0.07420691815115553,0.18973665961182193,1,0.15172963616952495
AWS_001,2020-01-03 15:50:00,6.62,991.71,76.5,15,1,3,0.0600000000000005,0.08000000000004093,0.0,0.07941452428076103,0.09500877170747472,0.19748417658294698,1,0.14426744270401315
AWS_001,2020-01-03 16:00:00,6.65,991.7,76.6,16,1,3,0.03000000000000025,-0.009999999999990905,0.09999999999999432,0.09186947262324573,0.09130534870005655,0.19663841605166718,1,0.14972806116359
AWS_001,2020-01-03 16:10:00,6.59,991.63,76.8,16,1,3,-0.0600000000000005,-0.07000000000005002,0.20000000000000284,0.06693280212327607,0.059469880621634275,0.12649110640925001,1,0.13949171282036604
AWS_001,2020-01-03 16:20:00,6.54,991.69,77.0,16,1,3,-0.04999999999999982,0.06000000000005912,0.20000000000000284,0.04501851471051054,0.04308905546741572,0.20736441353482934,1,0.1300971115005653
AWS_001,2020-01-03 16:30:00,6.49,991.9,77.3,16,1,3,-0.04999999999999982,0.2099999999999227,0.29999999999999716,0.05753259945521057,0.09939818929058637,0.3188521078295231,1,0.12031520365254161
AWS_001,2020-01-03 16:40:00,6.47,991.83,77.8,16,1,3,-0.020000000000000462,-0.06999999999993634,0.5,0.07211102550978982,0.10073066415348954,0.48579831206035673,1,0.1554839661928561
AWS_001,2020-01-03 16:50:00,6.59,991.91,77.6,16,1,3,0.1200000000000001,0.07999999999992724,-0.20000000000000284,0.06804410334535613,0.11893976080644719,0.4665476038598644,1,0.14984535117988856
AWS_001,2020-01-03 17:00:00,6.62,991.89,77.8,17,1,3,0.03000000000000025,-0.01999999999998181,0.20000000000000284,0.06033241251660209,0.11973582045734772,0.42150523919330274,1,0.16128637799378442
AWS_001,2020-01-03 17:10:00,6.61,991.83,78.1,17,1,3,-0.009999999999999787,-0.05999999999994543,0.29999999999999716,0.06345602151679662,0.08207719963845105,0.3949683531635919,1,0.1519372904046289
AWS_001,2020-01-03 17:20:00,6.55,991.69,78.7,17,1,3,-0.0600000000000005,-0.13999999999998636,0.6000000000000085,0.06316644678999687,0.08207719963845105,0.4792355023028457,1,0.1401478461594582
AWS_001,2020-01-03 17:30:00,6.48,991.86,79.2,17,1,3,-0.0699999999999994,0.16999999999995907,0.5,0.06531972647478052,0.07791020494033211,0.6228964600965631,1,0.1257634600107117
AWS_001,2020-01-03 17:40:00,6.47,991.77,79.6,17,1,3,-0.010000000000000675,-0.09000000000003183,0.3999999999999915,0.06531972647478052,0.08240145650335345,0.8000000000005311,1,0.15161326411058262
AWS_001,2020-01-03 17:50:00,6.49,991.88,80.0,17,1,3,0.020000000000000462,0.11000000000001364,0.4000000000000057,0.0668331255197596,0.0769415364669143,0.857904423581598,1,0.14514899036127504
AWS_001,2020-01-03 18:00:00,6.54,991.96,79.9,18,1,3,0.04999999999999982,0.08000000000004093,-0.09999999999999432,0.05354126134804618,0.09325592045830641,0.7395944834846261,1,0.14973976750137546
AWS_001,2020-01-03 18:10:00,6.55,991.88,80.1,18,1,3,0.009999999999999787,-0.08000000000004093,0.19999999999998863,0.0372379734510304,0.09528903417411812,0.5419102016640406,1,0.15235833857972786
AWS_001,2020-01-03 18:20:00,6.48,991.83,81.0,18,1,3,-0.0699999999999994,-0.049999999999954525,0.9000000000000057,0.0343025752202295,0.0628225015455536,0.6022181221680146,1,0.12944497060956633
AWS_001,2020-01-03 18:30:00,6.47,991.7,81.7,18,1,3,-0.010000000000000675,-0.12999999999999545,0.7000000000000028,0.03577708764101435,0.09179687740066728,0.7985403350285952,1,0.1388791782360087
AWS_001,2020-01-03 18:40:00,6.55,991.64,81.5,18,1,3,0.08000000000000007,-0.06000000000005912,-0.20000000000000284,0.0372379734510304,0.12128478896344888,0.8024961059101275,1,0.14865619429208893
AWS_001,2020-01-03 18:50:00,6.67,991.56,80.7,18,1,3,0.1200000000000001,-0.08000000000004093,-0.7999999999999972,0.07146094504510864,0.15315569431375037,0.7277820186481583,1,0.14144996330637294
AWS_001,2020-01-03 19:00:00,6.79,991.44,80.0,19,1,3,0.1200000000000001,-0.11999999999989086,-0.7000000000000028,0.12324771803191294,0.1651363074380771,0.7033254343954798,1,0.1361554348173869
AWS_001,2020-01-03 19:10:00,6.89,991.44,79.5,19,1,3,0.09999999999999964,0.0,-0.5,0.17232720814410385,0.153155694315077,0.8547904226578492,1,0.15152288677528974
AWS_001,2020-01-03 19:20:00,6.98,991.39,79.7,19,1,3,0.09000000000000075,-0.05000000000006821,0.20000000000000284,0.19756011743283566,0.12464616601130897,0.9347013783383306,1,0.1554329845311045
AWS_001,2020-01-03 19:30:00,6.99,991.3,80.3,19,1,3,0.009999999999999787,-0.09000000000003183,0.5999999999999943,0.17622901766378773,0.12139467328301795,0.7332575718446868,1,0.1513695713883867
AWS_001,2020-01-03 19:40:00,7.13,991.3,79.7,19,1,3,0.13999999999999968,0.0,-0.5999999999999943,0.16253204812203906,0.09874208846775429,0.4490731195112367,1,0.1409724012198454
AWS_001,2020-01-03 19:50:00,7.2,991.3,79.7,19,1,3,0.07000000000000028,0.0,0.0,0.15068731421969805,0.0699761866763534,0.2857738033262465,1,0.14382911359104805
AWS_001,2020-01-03 20:00:00,7.33,991.33,79.4,20,1,3,0.1299999999999999,0.030000000000086402,-0.29999999999999716,0.16329931618579205,0.05887840607397714,0.31251666622365526,1,0.13597705945088778
AWS_001,2020-01-03 20:10:00,7.5,991.23,78.9,20,1,3,0.16999999999999993,-0.10000000000002274,-0.5,0.20173414848941337,0.051929439645628024,0.45789372857416105,1,0.1283402807831449
AWS_001,2020-01-03 20:20:00,7.59,991.29,79.0,20,1,3,0.08999999999999986,0.05999999999994543,0.09999999999999432,0.2277718156403104,0.03311595841821031,0.5176871642226432,1,0.13159450040740162
AWS_001,2020-01-03 20:30:00,7.61,991.41,79.2,20,1,3,0.020000000000000462,0.12000000000000455,0.20000000000000284,0.2038299945217872,0.05899152511366381,0.34302575219296566,1,0.13057295609358122
AWS_001,2020-01-03 20:40:00,7.66,991.39,79.2,20,1,3,0.04999999999999982,-0.01999999999998181,0.0,0.18037923014236731,0.06685805886496987,0.287518115372838,1,0.14438713622723703
AWS_001,2020-01-03 20:50:00,7.69,991.4,79.4,20,1,3,0.03000000000000025,0.009999999999990905,0.20000000000000284,0.13170674495542894,0.07167054277602831,0.20412414523409148,1,0.14145403623378167
AWS_001,2020-01-03 21:00:00,7.82,991.53,78.8,21,1,3,0.1299999999999999,0.12999999999999545,-0.6000000000000085,0.107842477716756,0.10425929231991485,0.22286019534126822,1,0.10633647737417673
AWS_001,2020-01-03 21:10:00,7.81,991.73,79.1,21,1,3,-0.010000000000000675,0.20000000000004547,0.29999999999999716,0.09831920802547417,0.1534166441475302,0.2041241452340933,1,0.10997812686624381
AWS_001,2020-01-03 21:20:00,7.82,991.84,79.2,21,1,3,0.010000000000000675,0.11000000000001364,0.10000000000000853,0.09311283477636374,0.19214577808154232,0.19748417658355152,1,0.12545280022614247
AWS_001,2020-01-03 21:30:00,7.89,992.11,79.6,21,1,3,0.0699999999999994,0.2699999999999818,0.3999999999999915,0.0879583234649106,0.28175639602481023,0.27141603981259277,1,0.08992132528096014
AWS_001,2020-01-03 21:40:00,7.88,992.26,80.2,21,1,3,-0.009999999999999787,0.14999999999997726,0.6000000000000085,0.07139094247002511,0.3305399623350644,0.48339080118218647,1,0.11464255907692317
AWS_001,2020-01-03 21:50:00,7.9,992.37,80.5,21,1,3,0.020000000000000462,0.11000000000001364,0.29999999999999716,0.0408248290475179,0.32610836649798375,0.6653319973273176,1,0.11487917065120218
AWS_001,2020-01-03 22:00:00,7.97,992.51,80.0,22,1,3,0.0699999999999994,0.13999999999998636,-0.5,0.05845225972329461,0.3043462940459213,0.5609515724797978,1,0.11409858467902845
AWS_001,2020-01-03 22:10:00,7.95,992.81,80.7,22,1,3,-0.019999999999999574,0.2999999999999545,0.7000000000000028,0.05344779384371153,0.3336864796466242,0.5609515724797961,1,0.08265647326660874
AWS_001,2020-01-03 22:20:00,7.72,993.05,83.6,22,1,3,-0.23000000000000043,0.2400000000000091,2.8999999999999915,0.08826097665499152,0.35306751011441395,1.440370322752989,1,0.03694113197339144
AWS_001,2020-01-03 22:30:00,7.54,993.18,85.2,22,1,3,-0.17999999999999972,0.12999999999999545,1.6000000000000085,0.1658513390562723,0.37510887312604185,2.165178976436101,1,0.07132243894197354
AWS_001,2020-01-03 22:40:00,7.53,993.39,85.3,22,1,3,-0.009999999999999787,0.21000000000003638,0.09999999999999432,0.20113842662892015,0.395158196208387,2.441925469788315,1,0.0725906552456066
AWS_001,2020-01-03 22:50:00,7.64,993.55,84.8,22,1,3,0.10999999999999943,0.15999999999996817,-0.5,0.19501282009162882,0.38096806519277204,2.349184255580552,1,0.08243964267133624
AWS_001,2020-01-03 23:00:00,7.83,993.79,84.0,23,1,3,0.1900000000000004,0.2400000000000091,-0.7999999999999972,0.1660622373291297,0.354273905374649,1.7200775176333045,1,0.06600412688442592
AWS_001,2020-01-03 23:10:00,8.01,993.96,83.5,23,1,3,0.17999999999999972,0.17000000000007276,-0.5,0.18476110701864812,0.35046635601085224,0.8024961059101084,1,0.09717783192843271
AWS_001,2020-01-03 23:20:00,8.17,994.17,84.3,23,1,3,0.16000000000000014,0.2099999999999227,0.7999999999999972,0.26341348991036445,0.369143152035868,0.7082843120298172,1,0.08211074076657143
AWS_001,2020-01-03 23:30:00,7.92,994.32,87.2,23,1,3,-0.25,0.15000000000009095,2.9000000000000057,0.23655866080127397,0.35764041535379937,1.3095800853712198,1,0.04874609842227284
AWS_001,2020-01-03 23:40:00,7.62,994.62,89.3,23,1,3,-0.2999999999999998,0.2999999999999545,2.0999999999999943,0.21398598084942963,0.3836361123433119,2.2586869341871116,1,0.020338982797122873
AWS_001,2020-01-03 23:50:00,7.11,995.02,89.2,23,1,3,-0.5099999999999998,0.39999999999997726,-0.09999999999999432,0.3745753150793005,0.45005184889437444,2.6583829671439245,-1,-0.0067325264344153535
AWS_001,2020-01-04 00:00:00,6.61,995.29,87.5,0,1,4,-0.5,0.2699999999999818,-1.7000000000000028,0.601952379068937,0.5133679642250643,2.4410380305656068,-1,-0.04193910835796777
AWS_001,2020-01-04 00:10:00,6.25,995.66,85.0,0,1,4,-0.3600000000000003,0.37000000000000455,-2.5,0.7557777451077007,0.5787457703446707,2.081746062003629,-1,-0.059007800304115565
AWS_001,2020-01-04 00:20:00,5.85,995.92,85.2,0,1,4,-0.40000000000000036,0.2599999999999909,0.20000000000000284,0.8014653246814484,0.6096693092907858,1.8618986725027804,-1,-0.03024474364782792
AWS_001,2020-01-04 00:30:00,5.58,996.15,85.8,0,1,4,-0.2699999999999996,0.2300000000000182,0.5999999999999943,0.7707053046831399,0.5751753356068043,1.9524343778987683,-1,-0.012504936795954213
AWS_001,2020-01-04 00:40:00,5.44,996.47,85.3,0,1,4,-0.13999999999999968,0.32000000000005,-0.5,0.6421214838331274,0.5403486528989176,1.6729215960909907,-1,-0.009625628080346504
AWS_001,2020-01-04 00:50:00,5.33,996.69,84.6,0,1,4,-0.11000000000000032,0.22000000000002728,-0.7000000000000028,0.4997466024564027,0.5177257961723639,1.0250203250022099,1,0.03422936321209091
AWS_001,2020-01-04 01:00:00,5.23,996.81,84.1,1,1,4,-0.09999999999999964,0.11999999999989086,-0.5,0.3794030398754244,0.45076231728957616,0.5899152481509237,1,0.0697744834439753
AWS_001,2020-01-04 01:10:00,5.19,997.01,83.3,1,1,4,-0.040000000000000036,0.20000000000004547,-0.7999999999999972,0.2475210428765785,0.4127186289563943,0.9108603991104426,1,0.08055260347969095
AWS_001,2020-01-04 01:20:00,5.08,997.12,83.8,1,1,4,-0.11000000000000032,0.11000000000001364,0.5,0.18104327291204814,0.3576823544530868,0.9410986487439224,1,0.1137058397138146
AWS_001,2020-01-04 01:30:00,4.94,997.28,85.0,1,1,4,-0.13999999999999968,0.15999999999996817,1.2000000000000028,0.17747300264182186,0.2972989517078786,0.7556454194931459,1,0.09754528373472254
AWS_001,2020-01-04 01:40:00,4.87,997.48,85.4,1,1,4,-0.07000000000000028,0.20000000000004547,0.4000000000000057,0.17693690024045908,0.29330871112106244,0.7814516406455638,1,0.114219365571892
AWS_001,2020-01-04 01:50:00,4.87,997.67,84.6,1,1,4,0.0,0.18999999999994088,-0.8000000000000114,0.15962455951398588,0.3147962304185947,0.7814516406455638,1,0.11221341336611484
AWS_001,2020-01-04 02:00:00,4.87,997.76,83.7,2,1,4,0.0,0.09000000000003183,-0.8999999999999915,0.135203550249366,0.3009097317890369,0.8246211251241218,1,0.12424482898175349
AWS_001,2020-01-04 02:10:00,4.88,997.82,83.5,2,1,4,0.009999999999999787,0.06000000000005912,-0.20000000000000284,0.0837655458210502,0.27902807508389627,0.7788880963704854,1,0.14656993190826179
AWS_001,2020-01-04 02:20:00,4.78,997.85,83.2,2,1,4,-0.09999999999999964,0.029999999999972715,-0.29999999999999716,0.05115336417771042,0.2222311109739847,0.8914407813577041,1,0.14325201235942736
AWS_001,2020-01-04 02:30:00,4.64,997.99,81.1,2,1,4,-0.14000000000000057,0.13999999999998636,-2.1000000000000085,0.0949561302217846,0.17382941835154328,1.4607075910898855,1,0.09538740107468163
AWS_001,2020-01-04 02:40:00,4.42,998.08,81.3,2,1,4,-0.21999999999999975,0.09000000000003183,0.20000000000000284,0.18293896978690746,0.1503883861346877,1.3985706989640923,1,0.1304708865057056
AWS_001,2020-01-04 02:50:00,4.22,998.08,83.7,2,1,4,-0.20000000000000018,0.0,2.4000000000000057,0.2663644120373934,0.1385640646681597,1.2161414391430416,1,0.11755487197660269
AWS_001,2020-01-04 03:00:00,4.13,998.0,84.8,3,1,4,-0.08999999999999986,-0.08000000000004093,1.0999999999999943,0.3043955759643865,0.1117139204274343,1.4486775578670328,1,0.14537959247421062
AWS_001,2020-01-04 03:10:00,4.03,998.09,84.7,3,1,4,-0.09999999999999964,0.09000000000003183,-0.09999999999999432,0.2963781368455191,0.09181503154259885,1.615755757120367,1,0.13675486371954665
AWS_001,2020-01-04 03:20:00,3.89,998.11,85.1,3,1,4,-0.14000000000000012,0.01999999999998181,0.3999999999999915,0.2718394133798207,0.050365332161412,1.8063775906495758,1,0.13871960849181247
AWS_001,2020-01-04 03:30:00,3.76,998.05,84.9,3,1,4,-0.13000000000000034,-0.06000000000005912,-0.19999999999998863,0.23602965915328442,0.03868677660007905,1.4483323743767118,1,0.1497202501004506
AWS_001,2020-01-04 03:40:00,3.67,997.93,84.0,3,1,4,-0.08999999999999986,-0.12000000000000455,-0.9000000000000057,0.2143828351338168,0.06742897510545155,0.5537749241954874,1,0.1518293848487312
AWS_001,2020-01-04 03:50:00,3.72,997.83,82.7,3,1,4,0.050000000000000266,-0.09999999999990905,-1.2999999999999972,0.18337575266833506,0.10628577837076238,0.898146239021075,1,0.1399869775815934
AWS_001,2020-01-04 04:00:00,3.76,997.83,81.8,4,1,4,0.03999999999999959,0.0,-0.9000000000000057,0.13217412757423652,0.12738393416735502,1.336662510384601,1,0.15984594255219053
AWS_001,2020-01-04 04:10:00,3.81,997.98,81.3,4,1,4,0.050000000000000266,0.14999999999997726,-0.5,0.07574078601834325,0.11449890836744352,1.606237840421198,1,0.13589793855273302
AWS_001,2020-01-04 04:20:00,3.8,997.97,80.8,4,1,4,-0.010000000000000231,-0.009999999999990905,-0.5,0.05202563470709564,0.08773064848768178,1.6017698544633632,1,0.1493727527171767
AWS_001,2020-01-04 04:30:00,3.83,997.9,80.3,4,1,4,0.03000000000000025,-0.07000000000005002,-0.5,0.060909769331444055,0.06592925514629265,1.3526517166911607,1,0.15508424989974262
AWS_001,2020-01-04 04:40:00,3.8,997.91,80.4,4,1,4,-0.03000000000000025,0.009999999999990905,0.10000000000000853,0.03983298465689984,0.06501281938322112,0.9196013629108643,1,0.16017979137796573
AWS_001,2020-01-04 04:50:00,3.74,997.93,80.3,4,1,4,-0.05999999999999961,0.01999999999998181,-0.10000000000000853,0.03346640106151566,0.05440588219522378,0.6177917664290354,1,0.15553925514579858
AWS_001,2020-01-04 05:00:00,3.69,998.01,80.1,5,1,4,-0.050000000000000266,0.08000000000004093,-0.20000000000000284,0.05269408568973027,0.043358966977487035,0.4412104562082662,1,0.15033868831245784
AWS_001,2020-01-04 05:10:00,3.67,998.08,79.7,5,1,4,-0.020000000000000018,0.07000000000005002,-0.3999999999999915,0.06534523701089061,0.06889605710036009,0.3614784456471851,1,0.1629788777538026
AWS_001,2020-01-04 05:20:00,3.67,998.0,79.4,5,1,4,0.0,-0.08000000000004093,-0.29999999999999716,0.06889605697480573,0.07026141675174366,0.39832984656877374,1,0.16898391075493058
AWS_001,2020-01-04 05:30:00,3.67,998.09,79.1,5,1,4,0.0,0.09000000000003183,-0.30000000000001137,0.0531664054330844,0.07420691803245999,0.5202563470708526,1,0.15598370352360524
AWS_001,2020-01-04 05:40:00,3.67,998.19,79.0,5,1,4,0.0,0.10000000000002274,-0.09999999999999432,0.028106938645252277,0.09011104270332145,0.5291502622137164,1,0.152369549407538
AWS_001,2020-01-04 05:50:00,3.67,998.26,79.0,5,1,4,0.0,0.06999999999993634,0.0,0.008164965809749448,0.10212737153633226,0.44459719597351954,1,0.15354248449024016
AWS_001,2020-01-04 06:00:00,3.64,998.23,79.0,6,1,4,-0.029999999999999805,-0.029999999999972715,0.0,0.012247448714223043,0.10068101451359157,0.2898275349252624,1,0.16181729792814886
AWS_001,2020-01-04 06:10:00,3.58,998.23,79.3,6,1,4,-0.06000000000000005,0.0,0.29999999999999716,0.03633180424926892,0.10092901804446695,0.175119007156621,1,0.16071520517524518
AWS_001,2020-01-04 06:20:00,3.49,998.14,80.1,6,1,4,-0.08999999999999986,-0.09000000000003183,0.7999999999999972,0.07266360849838484,0.06418722627355619,0.43243496620977273,1,0.16170128768598985
AWS_001,2020-01-04 06:30:00,3.41,998.16,80.5,6,1,4,-0.08000000000000007,0.01999999999998181,0.4000000000000057,0.10652073350607529,0.04622409202278768,0.6554896388712074,1,0.16163179956234164
AWS_001,2020-01-04 06:40:00,3.4,998.26,80.6,6,1,4,-0.010000000000000231,0.10000000000002274,0.09999999999999432,0.11583033569264754,0.05125101641237052,0.7395944834845843,1,0.1631117738900646
AWS_001,2020-01-04 06:50:00,3.38,998.17,80.2,6,1,4,-0.020000000000000018,-0.09000000000003183,-0.3999999999999915,0.10670832519850759,0.04792355040416566,0.6534523701088104,1,0.1633760176399029
AWS_001,2020-01-04 07:00:00,3.31,998.24,80.4,7,1,4,-0.06999999999999984,0.07000000000005002,0.20000000000000284,0.0941098648743548,0.04939635630964722,0.47081489639504903,1,0.16290907911183378
AWS_001,2020-01-04 07:10:00,3.28,998.4,79.6,7,1,4,-0.03000000000000025,0.15999999999996817,-0.8000000000000114,0.07521081482518528,0.09641922361884867,0.36147844564714826,1,0.14302898172901912
AWS_001,2020-01-04 07:20:00,3.28,998.43,79.2,7,1,4,0.0,0.029999999999972715,-0.3999999999999915,0.06022181221673427,0.11430952140193418,0.5600595206471195,1,0.17119720586565923
AWS_001,2020-01-04 07:30:00,3.21,998.61,79.2,7,1,4,-0.06999999999999984,0.18000000000006366,0.0,0.07042726744663788,0.16067565678395734,0.6153589738254296,1,0.1471507630115544
AWS_001,2020-01-04 07:40:00,3.25,998.71,79.3,7,1,4,0.040000000000000036,0.10000000000002274,0.09999999999999432,0.05753259945456805,0.2075250989224412,0.5282045058505521,1,0.15616178848898576
AWS_001,2020-01-04 07:50:00,3.24,998.71,78.8,7,1,4,-0.009999999999999787,0.0,-0.5,0.03544949458971136,0.19033304148920085,0.5455883674231843,1,0.16390305931437232
AWS_001,2020-01-04 08:00:00,3.27,998.76,78.4,8,1,4,0.029999999999999805,0.049999999999954525,-0.3999999999999915,0.027386127875243346,0.15409953498402873,0.42150523919340716,1,0.16133209215783545
AWS_001,2020-01-04 08:10:00,3.33,998.62,78.0,8,1,4,0.06000000000000005,-0.13999999999998636,-0.4000000000000057,0.04082482904637831,0.11798304969580961,0.5231315959369006,1,0.15600519435179172
AWS_001,2020-01-04 08:20:00,3.34,998.59,77.2,8,1,4,0.009999999999999787,-0.029999999999972715,-0.7999999999999972,0.051639777949427715,0.0688960570868445,0.7960318251599523,1,0.16241377777541338
AWS_001,2020-01-04 08:30:00,3.35,998.51,76.8,8,1,4,0.010000000000000231,-0.08000000000004093,-0.4000000000000057,0.04885352256149641,0.09316651767398693,0.9516652072380759,1,0.16368821151018398
AWS_001,2020-01-04 08:40:00,3.36,998.43,76.4,8,1,4,0.009999999999999787,-0.08000000000004093,-0.3999999999999915,0.04847679857416648,0.12258330507172624,0.946572765296382,1,0.1656458538851267
AWS_001,2020-01-04 08:50:00,3.32,998.5,76.3,8,1,4,-0.040000000000000036,0.07000000000005002,-0.10000000000000853,0.031885210782857124,0.11583033576058438,0.8588752334696413,1,0.161320971415004
AWS_001,2020-01-04 09:00:00,3.27,998.59,76.4,9,1,4,-0.04999999999999982,0.09000000000003183,0.10000000000000853,0.031885210782857124,0.07211102561901134,0.6565059024874617,1,0.15087718141253115
AWS_001,2020-01-04 09:10:00,3.27,998.67,76.0,9,1,4,0.0,0.07999999999992724,-0.4000000000000057,0.039707262140155644,0.08495096634215399,0.4215052391934931,1,0.1586631884915632
AWS_001,2020-01-04 09:20:00,3.33,998.78,75.4,9,1,4,0.06000000000000005,0.11000000000001364,-0.5999999999999943,0.03881580434136343,0.12806248480997864,0.4750438576253595,1,0.14702510063980223
AWS_001,2020-01-04 09:30:00,3.37,998.76,74.8,9,1,4,0.040000000000000036,-0.01999999999998181,-0.6000000000000085,0.042895221179059174,0.14077168281389282,0.6524313501569423,1,0.16206783869769503
AWS_001,2020-01-04 09:40:00,3.4,998.63,74.7,9,1,4,0.029999999999999805,-0.12999999999999545,-0.09999999999999432,0.052408650685427965,0.10559356048308165,0.7456540752929379,1,0.1625671840876286
AWS_001,2020-01-04 09:50:00,3.49,998.61,74.1,9,1,4,0.0900000000000003,-0.01999999999998181,-0.6000000000000085,0.08432081593533784,0.0796659694104846,0.8640987597882972,1,0.16297941255857679
AWS_001,2020-01-04 10:00:00,3.6,998.56,73.8,10,1,4,0.10999999999999988,-0.05000000000006821,-0.29999999999999716,0.11849050594879859,0.08658329331995426,0.8124038404642432,1,0.17187204798094302
AWS_001,2020-01-04 10:10:00,3.73,998.51,73.3,10,1,4,0.1299999999999999,-0.049999999999954525,-0.5,0.15344923156102983,0.10796604411666766,0.7609204951905907,1,0.17132968222039224
AWS_001,2020-01-04 10:20:00,3.87,998.53,72.8,10,1,4,0.14000000000000012,0.01999999999998181,-0.5,0.1957208897043758,0.09077444582950091,0.7833687935243503,1,0.16308293097005339
AWS_001,2020-01-04 10:30:00,3.94,998.59,72.8,10,1,4,0.06999999999999984,0.06000000000005912,0.0,0.21292408662871937,0.04665476055450354,0.7574078601835506,1,0.15764302428638355
AWS_001,2020-01-04 10:40:00,4.01,998.45,72.7,10,1,4,0.06999999999999984,-0.13999999999998636,-0.09999999999999432,0.20264912204763302,0.05810909294148651,0.5890670590019307,1,0.1561174995446492
AWS_001,2020-01-04 10:50:00,3.92,998.34,73.7,10,1,4,-0.08999999999999986,-0.11000000000001364,1.0,0.15215124054706664,0.09025888700074992,0.4875106836448387,1,0.15963070752698078
AWS_001,2020-01-04 11:00:00,3.87,998.18,74.2,11,1,4,-0.04999999999999982,-0.16000000000008185,0.5,0.09402127418841061,0.15028861128777876,0.6024948132566664,1,0.15604981849703004
AWS_001,2020-01-04 11:10:00,3.88,997.89,74.5,11,1,4,0.009999999999999787,-0.2899999999999636,0.29999999999999716,0.054680892458086425,0.26007691173277403,0.7918333157939011,1,0.11522016111223538
AWS_001,2020-01-04 11:20:00,3.87,997.81,74.9,11,1,4,-0.009999999999999787,-0.08000000000004093,0.4000000000000057,0.05468089245808643,0.3105479029342193,0.9033271832515222,1,0.14248305245813253
AWS_001,2020-01-04 11:30:00,3.93,997.65,74.7,11,1,4,0.06000000000000005,-0.15999999999996817,-0.20000000000000284,0.05391351098453379,0.31753215063041135,0.8109665015694343,1,0.1368025333863111
AWS_001,2020-01-04 11:40:00,4.03,997.58,74.4,11,1,4,0.10000000000000009,-0.06999999999993634,-0.29999999999999716,0.06121002096617461,0.2982225120348488,0.41952353926934344,1,0.14324884053024772
AWS_001,2020-01-04 11:50:00,4.15,997.53,74.0,11,1,4,0.1200000000000001,-0.05000000000006821,-0.4000000000000057,0.11344602240719451,0.24171608693831384,0.3271085446775629,1,0.1620257124360216
AWS_001,2020-01-04 12:00:00,4.23,997.41,73.8,12,1,4,0.08000000000000007,-0.12000000000000455,-0.20000000000000284,0.14909728367752023,0.17885748521796946,0.416733328002149,1,0.16305753973694437
AWS_001,2020-01-04 12:10:00,4.3,997.35,73.4,12,1,4,0.0699999999999994,-0.05999999999994543,-0.3999999999999915,0.17014699527178345,0.16634301914646268,0.5692099788312681,1,0.16863047427429184
AWS_001,2020-01-04 12:20:00,4.44,997.06,72.8,12,1,4,0.14000000000000057,-0.2900000000000773,-0.6000000000000085,0.1846076921474785,0.21194338871298313,0.6862943974717512,1,0.11418991981773724
AWS_001,2020-01-04 12:30:00,4.54,996.93,72.4,12,1,4,0.09999999999999964,-0.12999999999999545,-0.3999999999999915,0.18734104373224503,0.26069138846440465,0.7554248252922283,1,0.15230377390749616
AWS_001,2020-01-04 12:40:00,4.63,996.51,72.2,12,1,4,0.08999999999999986,-0.4199999999999591,-0.20000000000000284,0.18627041275170061,0.3784397794718271,0.7456540752930509,1,0.09168518641338508
AWS_001,2020-01-04 12:50:00,4.68,996.39,71.8,12,1,4,0.04999999999999982,-0.12000000000000455,-0.4000000000000057,0.1800000000000666,0.4221097803738615,0.7554248252922416,1,0.1147837823937855
AWS_001,2020-01-04 13:00:00,4.77,996.22,71.7,13,1,4,0.08999999999999986,-0.16999999999995907,-0.09999999999999432,0.17076299364916797,0.4373404471208685,0.6400520812151383,1,0.10400133696235175
AWS_001,2020-01-04 13:10:00,4.87,995.9,71.1,13,1,4,0.10000000000000053,-0.32000000000005,-0.6000000000000085,0.1550161281932548,0.4356795458690008,0.5966573556080402,1,0.0669261188950544
AWS_001,2020-01-04 13:20:00,4.99,995.76,70.9,13,1,4,0.1200000000000001,-0.13999999999998636,-0.19999999999998863,0.16476245527029523,0.4256171989271649,0.5913261931183641,1,0.11278939578660402
AWS_001,2020-01-04 13:30:00,5.12,995.76,70.5,13,1,4,0.1299999999999999,0.0,-0.4000000000000057,0.18779421361346005,0.3277804143373744,0.6377042156579091,1,0.14116691381877655
AWS_001,2020-01-04 13:40:00,5.21,995.64,69.93,13,1,4,0.08999999999999986,-0.12000000000000455,-0.5699999999999932,0.20454828280880996,0.29568564392543517,0.7133138626634753,1,0.13268426930879518
AWS_001,2020-01-04 13:50:00,5.23,995.56,70.0,13,1,4,0.020000000000000462,-0.08000000000004093,0.06999999999999318,0.18723425612505107,0.2334666286446008,0.6814812298720402,1,0.16152649122918616
AWS_001,2020-01-04 14:00:00,5.31,995.61,69.71,14,1,4,0.07999999999999918,0.05000000000006821,-0.29000000000000625,0.16473210575568684,0.12517987068332087,0.5649306742140414,1,0.1596295740609519
AWS_001,2020-01-04 14:10:00,5.34,995.8,69.66,14,1,4,0.03000000000000025,0.18999999999994088,-0.04999999999999716,0.12899612397292243,0.09765585845716633,0.4864017543841235,1,0.14195833802608465
AWS_001,2020-01-04 14:20:00,5.4,996.1,69.68,14,1,4,0.0600000000000005,0.3000000000000682,0.020000000000010232,0.10107752800056788,0.1963415392222806,0.3199791659904856,1,0.11205828120078765
AWS_001,2020-01-04 14:30:00,5.31,996.0,71.2,14,1,4,-0.09000000000000075,-0.10000000000002274,1.519999999999996,0.07042726744691667,0.2226881227727425,0.5901864112306285,1,0.1301426075557069
AWS_001,2020-01-04 14:40:00,5.07,995.96,74.0,14,1,4,-0.23999999999999932,-0.03999999999996362,2.799999999999997,0.11518101695464274,0.21930952257152203,1.716489634885072,1,0.08535408811980727
AWS_001,2020-01-04 14:50:00,4.8,996.01,77.8,14,1,4,-0.27000000000000046,0.049999999999954525,3.799999999999997,0.22827614855704392,0.1781759430739893,3.2979291482182784,1,0.05689222902039126
AWS_001,2020-01-04 15:00:00,4.55,996.11,80.5,15,1,4,-0.25,0.10000000000002274,2.700000000000003,0.34125747855058297,0.1129011367969229,4.512288406858267,1,0.04845359338741362
AWS_001,2020-01-04 15:10:00,4.36,996.18,82.7,15,1,4,-0.1899999999999995,0.06999999999993634,2.200000000000003,0.4170731350734921,0.08318653751153197,5.203076013282971,1,0.04646940307329117
AWS_001,2020-01-04 15:20:00,4.3,996.22,83.2,15,1,4,-0.0600000000000005,0.04000000000007731,0.5,0.4027613023450664,0.10601886635451128,4.844240566556028,1,0.09637779782941247
AWS_001,2020-01-04 15:30:00,4.37,996.15,82.9,15,1,4,0.07000000000000028,-0.07000000000005002,-0.29999999999999716,0.30336446726672517,0.10094552998035954,3.6559084598314096,1,0.1240067269770434
AWS_001,2020-01-04 15:40:00,4.44,996.04,82.4,15,1,4,0.07000000000000028,-0.11000000000001364,-0.5,0.18286607121065804,0.08134289575397562,2.0855854493802712,1,0.15202904155866076
AWS_001,2020-01-04 15:50:00,4.53,996.07,81.9,15,1,4,0.08999999999999986,0.030000000000086402,-0.5,0.09974968671640241,0.06794605720427743,0.9729679679550707,1,0.1686851753561075
AWS_001,2020-01-04 16:00:00,4.6,996.09,81.7,16,1,4,0.0699999999999994,0.01999999999998181,-0.20000000000000284,0.11343133018124797,0.0694982015806947,0.5819507424744755,1,0.17282440968444113
AWS_001,2020-01-04 16:10:00,4.7,996.27,81.4,16,1,4,0.10000000000000053,0.17999999999994998,-0.29999999999999716,0.14886235252750138,0.09033271845185746,0.7063993204979425,1,0.14316215402481625
AWS_001,2020-01-04 16:20:00,4.83,996.21,80.8,16,1,4,0.1299999999999999,-0.05999999999994543,-0.6000000000000085,0.16940090515310427,0.08863784005476877,0.7395944834840331,1,0.16623192202284803
AWS_001,2020-01-04 16:30:00,4.97,996.11,80.3,16,1,4,0.13999999999999968,-0.10000000000002274,-0.5,0.1967146834038925,0.08908797163252039,0.7626707459098868,1,0.15908466999713033
AWS_001,2020-01-04 16:40:00,4.87,996.07,80.8,16,1,4,-0.09999999999999964,-0.03999999999996362,0.5,0.16887865466076207,0.08358628290323124,0.6156297588649471,1,0.1748825563233276
AWS_001,2020-01-04 16:50:00,4.92,996.16,80.8,16,1,4,0.04999999999999982,0.08999999999991815,0.0,0.1398213145412052,0.0770497676150099,0.5006662228139668,1,0.16552603301446223
AWS_001,2020-01-04 17:00:00,4.94,996.34,80.8,17,1,4,0.020000000000000462,0.18000000000006366,0.0,0.09786044485234478,0.100929018074031,0.3488074922744978,1,0.14437935717746936
AWS_001,2020-01-04 17:10:00,4.94,996.34,80.8,17,1,4,0.0,0.0,0.0,0.051929439306619855,0.11467344951070658,0.20412414523234332,1,0.17039870279545255
AWS_001,2020-01-04 17:20:00,5.0,996.38,80.4,17,1,4,0.05999999999999961,0.03999999999996362,-0.3999999999999915,0.04427188724274141,0.13530213113346395,0.23452078799154538,1,0.15141304875723388
AWS_001,2020-01-04 17:30:00,5.11,996.47,80.0,17,1,4,0.11000000000000032,0.09000000000003183,-0.4000000000000057,0.08310635755886138,0.14881756176293556,0.33466401061390066,1,0.15657479821132242
AWS_001,2020-01-04 17:40:00,5.26,996.48,79.2,17,1,4,0.14999999999999947,0.009999999999990905,-0.7999999999999972,0.1330288189329778,0.11634718169709884,0.6408327915040545,1,0.15974640741746304
AWS_001,2020-01-04 17:50:00,5.34,996.66,79.2,17,1,4,0.08000000000000007,0.17999999999994998,0.0,0.16999019579583033,0.12194260954207192,0.7339391437080549,1,0.143048590905621
AWS_001,2020-01-04 18:00:00,5.21,996.95,81.0,18,1,4,-0.1299999999999999,0.2900000000000773,1.7999999999999972,0.1547471055196377,0.2264214360176241,0.7771743691091745,1,0.09637594815774597
AWS_001,2020-01-04 18:10:00,5.03,997.54,83.7,18,1,4,-0.17999999999999972,0.5899999999999181,2.700000000000003,0.1340770922518321,0.43825411200313635,1.678590678714395,1,0.015748543030211892
AWS_001,2020-01-04 18:20:00,4.5,998.11,85.9,18,1,4,-0.5300000000000002,0.57000000000005,2.200000000000003,0.30217544572654753,0.6611731997140623,2.7305677065401763,-1,-0.029667067510260048
AWS_001,2020-01-04 18:30:00,3.35,998.59,87.4,18,1,4,-1.15,0.4800000000000182,1.5,0.7635028923761176,0.8408904011140622,3.484632931409934,-1,-0.06478829354156967
AWS_001,2020-01-04 18:40:00,2.55,998.97,89.3,18,1,4,-0.8000000000000003,0.37999999999999545,1.8999999999999915,1.135094709704886,0.9141918106636688,3.856120675843321,-1,-0.09508395298293515
AWS_001,2020-01-04 18:50:00,2.08,999.2,90.5,18,1,4,-0.46999999999999975,0.2300000000000182,1.2000000000000028,1.32010100623652,0.8656712232037899,3.5457016230923033,-1,-0.06077649974577237
AWS_001,2020-01-04 19:00:00,1.93,999.26,91.2,19,1,4,-0.15000000000000013,0.05999999999994543,0.7000000000000028,1.291634623258448,0.6775667248927479,2.8788886744712996,-1,-0.01755647036844854
AWS_001,2020-01-04 19:10:00,1.93,999.31,90.6,19,1,4,0.0,0.049999999999954525,-0.6000000000000085,1.0248837332432625,0.4717061232175163,2.086863675470663,1,0.008571030877312036
AWS_001,2020-01-04 19:20:00,1.84,999.33,90.1,19,1,4,-0.08999999999999986,0.020000000000095497,-0.5,0.5824774673753224,0.2860069929452473,1.354621718413976,1,0.1054609593818212
AWS_001,2020-01-04 19:30:00,1.68,999.3,90.9,19,1,4,-0.16000000000000014,-0.030000000000086402,0.8000000000000114,0.29889239981409627,0.13467244216937843,0.6683312551911937,1,0.15517806568337866
AWS_001,2020-01-04 19:40:00,1.73,999.37,91.4,19,1,4,0.050000000000000044,0.07000000000005002,0.5,0.14679918255889474,0.0589067060102466,0.4792355023006949,1,0.1544039029175142
AWS_001,2020-01-04 19:50:00,1.97,999.58,90.6,19,1,4,0.24,0.21000000000003638,-0.8000000000000114,0.11877148928352259,0.1144406688176816,0.46904157598099083,1,0.10259093258285668
AWS_001,2020-01-04 20:00:00,2.07,999.69,89.7,20,1,4,0.09999999999999987,0.11000000000001364,-0.8999999999999915,0.14845874847902968,0.16431676728970382,0.5958187643896021,1,0.13820121333541868
AWS_001,2020-01-04 20:10:00,2.03,999.93,90.0,20,1,4,-0.040000000000000036,0.2399999999998954,0.29999999999999716,0.16157557571188427,0.24760183092786675,0.6348228099231806,1,0.1252182785248559
AWS_001,2020-01-04 20:20:00,2.01,1000.11,90.3,20,1,4,-0.020000000000000018,0.18000000000006366,0.29999999999999716,0.16658331248945932,0.31506613064304806,0.6177917664273497,1,0.12532172310503448
AWS_001,2020-01-04 20:30:00,2.08,1000.33,90.3,20,1,4,0.07000000000000028,0.22000000000002728,0.0,0.12967909109270126,0.3555137128313533,0.5845225972239516,1,0.11334005761472998
AWS_001,2020-01-04 20:40:00,2.2,1000.66,90.0,20,1,4,0.1200000000000001,0.32999999999992724,-0.29999999999999716,0.07949842765718286,0.40472212690980247,0.31464265444911116,1,0.07875090474959706
AWS_001,2020-01-04 20:50:00,2.26,1000.83,89.5,20,1,4,0.05999999999999961,0.17000000000007276,-0.5,0.09948199167001114,0.4349904213616203,0.3204163957500706,1,0.10190165078332097
AWS_001,2020-01-04 21:00:00,2.21,1000.9,88.7,21,1,4,-0.04999999999999982,0.06999999999993634,-0.7999999999999972,0.1049603099587303,0.39769334921391875,0.613188388669268,1,0.11587528808385239
AWS_001,2020-01-04 21:10:00,2.22,1001.09,88.1,21,1,4,0.010000000000000231,0.19000000000005457,-0.6000000000000085,0.09647106647401353,0.3694680861386145,0.9086620200412884,1,0.10811859448077588
AWS_001,2020-01-04 21:20:00,2.24,1001.35,87.9,21,1,4,0.020000000000000018,0.2599999999999909,-0.19999999999998863,0.06337717780585124,0.35111251758872314,1.000832986399605,1,0.09503279498211803
AWS_001,2020-01-04 21:30:00,2.21,1001.59,87.9,21,1,4,-0.03000000000000025,0.2400000000000091,0.0,0.022509257354142585,0.34750539565119215,0.8908797150376627,1,0.10116727428263933
AWS_001,2020-01-04 21:40:00,2.22,1001.8,87.8,21,1,4,0.010000000000000231,0.2099999999999227,-0.10000000000000853,0.01966384160420101,0.3878143886009555,0.6645800679117747,1,0.10013843563645858
AWS_001,2020-01-04 21:50:00,2.27,1002.13,87.5,21,1,4,0.04999999999999982,0.3300000000000409,-0.29999999999999716,0.023166067137845175,0.45658150057987484,0.40207793605922615,1,0.0625178370596392
AWS_001,2020-01-04 22:00:00,2.22,1002.3,87.5,22,1,4,-0.04999999999999982,0.16999999999995907,0.0,0.021908902299488307,0.4606517122557832,0.24013884872227462,1,0.08322783724503796
AWS_001,2020-01-04 22:10:00,2.16,1002.48,87.2,22,1,4,-0.06000000000000005,0.18000000000006366,-0.29999999999999716,0.036331804248733224,0.43531214854394795,0.28047578623772146,1,0.08565894574330535
AWS_001,2020-01-04 22:20:00,2.1,1002.51,86.8,22,1,4,-0.06000000000000005,0.029999999999972715,-0.4000000000000057,0.058878405775244454,0.3731353641810364,0.4037325847625014,1,0.1251957998951282
AWS_001,2020-01-04 22:30:00,1.99,1002.5,86.3,22,1,4,-0.1100000000000001,-0.009999999999990905,-0.5,0.10178408519983247,0.28083209693438,0.5492419017752408,1,0.14354510076755767
AWS_001,2020-01-04 22:40:00,1.9,1002.69,86.0,22,1,4,-0.09000000000000008,0.19000000000005457,-0.29999999999999716,0.14052283325720433,0.19398453546932967,0.6306081720574882,1,0.13334894981670642
AWS_001,2020-01-04 22:50:00,1.94,1002.92,84.4,22,1,4,0.040000000000000036,0.2299999999999045,-1.5999999999999943,0.1278149704323817,0.2127596452980479,1.1111555546662621,1,0.10387184875410566
AWS_001,2020-01-04 23:00:00,1.91,1002.87,84.4,23,1,4,-0.030000000000000027,-0.049999999999954525,0.0,0.10714476188765636,0.19651123801691034,1.1962441222422082,1,0.15278837781124477
AWS_001,2020-01-04 23:10:00,1.86,1002.93,84.0,23,1,4,-0.04999999999999982,0.05999999999994543,-0.4000000000000057,0.08532291603057912,0.19916492328372667,1.187293841753468,1,0.14126497881088523
AWS_001,2020-01-04 23:20:00,1.81,1003.02,83.7,23,1,4,-0.050000000000000044,0.09000000000003183,-0.29999999999999716,0.06242328625302135,0.19177243458389634,1.0825894882175122,1,0.14154044565828489
AWS_001,2020-01-04 23:30:00,1.65,1003.23,85.1,23,1,4,-0.16000000000000014,0.21000000000003638,1.3999999999999915,0.10559356040951785,0.1779513041977821,0.8318653737228527,1,0.0978821679830566
AWS_001,2020-01-04 23:40:00,1.53,1003.36,85.7,23,1,4,-0.11999999999999988,0.12999999999999545,0.6000000000000085,0.16070677231101232,0.19644337606174692,0.7341661937184679,1,0.13995496744138586
AWS_001,2020-01-04 23:50:00,1.47,1003.47,85.8,23,1,4,-0.06000000000000005,0.11000000000001364,0.09999999999999432,0.1821812284511082,0.2435296012085343,0.8841191473244556,1,0.13839977089471017
AWS_001,2020-01-05 00:00:00,1.47,1003.45,85.3,0,1,5,0.0,-0.01999999999998181,-0.5,0.1713962271073073,0.22624470527362545,0.8824209124140926,1,0.14088764314173635
AWS_001,2020-01-05 00:10:00,1.47,1003.57,84.6,0,1,5,0.0,0.12000000000000455,-0.7000000000000028,0.1382268666599152,0.19809088822352502,0.784006802690971,1,0.12220533277036305
AWS_001,2020-01-05 00:20:00,1.49,1003.87,84.0,0,1,5,0.020000000000000018,0.2999999999999545,-0.5999999999999943,0.0708989891790892,0.21784551100077576,0.6853223086006469,1,0.08041482239800612
AWS_001,2020-01-05 00:30:00,1.59,1004.02,82.7,0,1,5,0.10000000000000009,0.14999999999997726,-1.2999999999999972,0.048442405665040586,0.26227212330434585,1.188977151448134,1,0.08993356015430876
AWS_001,2020-01-05 00:40:00,1.81,1004.18,80.6,0,1,5,0.21999999999999997,0.15999999999996817,-2.1000000000000085,0.1356465996623244,0.30737599124730397,1.9169420092078262,1,0.0461451266470333
AWS_001,2020-01-05 00:50:00,1.96,1004.25,79.9,0,1,5,0.1499999999999999,0.07000000000005002,-0.6999999999999886,0.2067284853778494,0.32465366160675446,2.198863342729395,1,0.0666647668609408
AWS_001,2020-01-05 01:00:00,2.05,1004.34,78.9,1,1,5,0.08999999999999986,0.09000000000003183,-1.0,0.2475816363679306,0.2842123619068419,2.3215655637232775,1,0.06939414830808777
AWS_001,2020-01-05 01:10:00,2.1,1004.5,79.1,1,1,5,0.050000000000000266,0.15999999999996817,0.19999999999998863,0.2496931450132842,0.22518140833554753,2.0578305728766435,1,0.08342036920521301
AWS_001,2020-01-05 01:20:00,2.03,1004.64,80.0,1,1,5,-0.07000000000000028,0.13999999999998636,0.9000000000000057,0.19179850538163049,0.2234651352211557,1.3740451229851076,1,0.10415032964637805
AWS_001,2020-01-05 01:30:00,2.01,1004.7,80.2,1,1,5,-0.020000000000000018,0.06000000000005912,0.20000000000000284,0.10092901796128413,0.21201415045283925,0.6554896388699266,1,0.12144624600758164
AWS_001,2020-01-05 01:40:00,2.01,1004.92,80.1,1,1,5,0.0,0.2199999999999136,-0.10000000000000853,0.046761807777609715,0.2464481013486134,0.5549774770197083,1,0.09888526584561774
AWS_001,2020-01-05 01:50:00,2.01,1004.98,80.2,1,1,5,0.0,0.06000000000005912,0.10000000000000853,0.03563705936190138,0.24396721089343198,0.5890670590002137,1,0.11267247671460329
AWS_001,2020-01-05 02:00:00,2.07,1005.09,79.7,2,1,5,0.06000000000000005,0.11000000000001364,-0.5,0.03816630276343832,0.22642879673436142,0.4262237284171658,1,0.11654734864997746
AWS_001,2020-01-05 02:10:00,1.99,1004.98,80.7,2,1,5,-0.07999999999999985,-0.11000000000001364,1.0,0.027568097503514372,0.17638027097781972,0.327108544674636,1,0.11471994701841354
AWS_001,2020-01-05 02:20:00,1.95,1005.21,81.2,2,1,5,-0.040000000000000036,0.2300000000000182,0.5,0.038815804340881485,0.17146428196498145,0.5244044240842711,1,0.10845563616436898
AWS_001,2020-01-05 02:30:00,2.02,1005.39,80.7,2,1,5,0.07000000000000006,0.17999999999994998,-0.5,0.039200340134106476,0.17739785790485876,0.5354126134728449,1,0.11434629841055954
AWS_001,2020-01-05 02:40:00,2.13,1005.51,79.7,2,1,5,0.10999999999999988,0.12000000000000455,-1.0,0.0633771778058172,0.21951461604054356,0.6055300708188002,1,0.11155010188167558
AWS_001,2020-01-05 02:50:00,2.16,1005.49,79.2,2,1,5,0.03000000000000025,-0.01999999999998181,-0.5,0.08164965809255322,0.21912705596302687,0.7745966692409377,1,0.14285589427829204
AWS_001,2020-01-05 03:00:00,2.14,1005.65,79.0,3,1,5,-0.020000000000000018,0.15999999999996817,-0.20000000000000284,0.08916277250043592,0.24103250124115919,0.9064583093920097,1,0.12800476091929847
AWS_001,2020-01-05 03:10:00,2.14,1005.74,79.6,3,1,5,0.0,0.09000000000003183,0.5999999999999943,0.08485281374218039,0.18787407126571223,0.8671793355466625,1,0.13233205476780674
AWS_001,2020-01-05 03:20:00,2.14,1005.83,79.7,3,1,5,0.0,0.09000000000003183,0.10000000000000853,0.05076087732331508,0.1669031654986112,0.5890670590001987,1,0.13474260973036023
AWS_001,2020-01-05 03:30:00,2.14,1005.95,79.6,3,1,5,0.0,0.12000000000000455,-0.10000000000000853,0.009831920800797813,0.18085906111203465,0.2943920288761294,1,0.12853267101668409
AWS_001,2020-01-05 03:40:00,2.17,1006.01,79.2,3,1,5,0.029999999999999805,0.05999999999994543,-0.3999999999999915,0.013291601356997185,0.19333045971232846,0.28577380332318997,1,0.12828520841603225
AWS_001,2020-01-05 03:50:00,2.15,1006.14,78.8,3,1,5,-0.020000000000000018,0.12999999999999545,-0.4000000000000057,0.012110601415011824,0.18118130878227004,0.37103458958135044,1,0.12664697773442257
AWS_001,2020-01-05 04:00:00,2.17,1006.21,78.3,4,1,5,0.020000000000000018,0.07000000000005002,-0.5,0.014719601442750021,0.1791089053758377,0.5549774770196831,1,0.13525007027694036
AWS_001,2020-01-05 04:10:00,2.2,1006.2,77.9,4,1,5,0.03000000000000025,-0.009999999999990905,-0.3999999999999915,0.023166067137812912,0.15227168696516283,0.7194905605119444,1,0.1460010546394364
AWS_001,2020-01-05 04:20:00,2.16,1006.29,78.1,4,1,5,-0.040000000000000036,0.08999999999991815,0.19999999999998863,0.020736441352533753,0.12940891256338138,0.6655824516910887,1,0.13668662901670742
AWS_001,2020-01-05 04:30:00,2.1,1006.38,78.7,4,1,5,-0.06000000000000005,0.09000000000003183,0.6000000000000085,0.03311595788488632,0.12660963622023347,0.48579831205873913,1,0.1306719535817884
AWS_001,2020-01-05 04:40:00,2.08,1006.47,78.9,4,1,5,-0.020000000000000018,0.09000000000003183,0.20000000000000284,0.04501851470931912,0.12416387014788187,0.4086563348329743,1,0.13747319325910917
AWS_001,2020-01-05 04:50:00,2.07,1006.47,79.1,4,1,5,-0.010000000000000231,0.0,0.19999999999998863,0.053665631459679924,0.12192894098538422,0.4732863826470382,1,0.15213583851455337
AWS_001,2020-01-05 05:00:00,2.02,1006.5,79.3,5,1,5,-0.04999999999999982,0.029999999999972715,0.20000000000000284,0.06503845016577169,0.11912178634868527,0.557374799094633,1,0.15449168193708046
AWS_001,2020-01-05 05:10:00,2.05,1006.54,78.7,5,1,5,0.029999999999999805,0.03999999999996362,-0.5999999999999943,0.04774934554488629,0.09108603981556335,0.41472882706548875,1,0.13760722813614407
AWS_001,2020-01-05 05:20:00,2.07,1006.7,78.4,5,1,5,0.020000000000000018,0.16000000000008185,-0.29999999999999716,0.027386127874611605,0.10695793557412296,0.3209361307162402,1,0.12484736104544841
AWS_001,2020-01-05 05:30:00,2.09,1006.73,78.3,5,1,5,0.020000000000000018,0.029999999999972715,-0.10000000000000853,0.025033311139983066,0.11686174159517869,0.3920034013446578,1,0.14306095145183956
AWS_001,2020-01-05 05:40:00,2.06,1006.75,78.3,5,1,5,-0.029999999999999805,0.01999999999998181,0.0,0.023664319131647397,0.12533953878071205,0.4308905506805469,1,0.1491639625090781
AWS_001,2020-01-05 05:50:00,2.02,1006.85,77.8,5,1,5,-0.040000000000000036,0.10000000000002274,-0.5,0.02786873995412992,0.1331790773662082,0.5006662228129596,1,0.1346373607158204
AWS_001,2020-01-05 06:00:00,2.1,1006.95,76.3,6,1,5,0.08000000000000007,0.10000000000002274,-1.5,0.028809720581161102,0.1392360105997528,0.8664102184680313,1,0.10093192088337433
AWS_001,2020-01-05 06:10:00,2.15,1007.03,75.2,6,1,5,0.04999999999999982,0.07999999999992724,-1.0999999999999943,0.04355073669447686,0.1326272972681185,1.328783905180163,1,0.11992679332606199
AWS_001,2020-01-05 06:20:00,2.18,1006.97,74.8,6,1,5,0.03000000000000025,-0.05999999999994543,-0.4000000000000057,0.05830951894815666,0.12312595169348757,1.5689699381013864,1,0.12909888115408052
AWS_001,2020-01-05 06:30:00,2.17,1007.04,75.1,6,1,5,-0.010000000000000231,0.06999999999993634,0.29999999999999716,0.06439461675196485,0.11214573842478463,1.492313639956167,1,0.13097789707450797
AWS_001,2020-01-05 06:40:00,2.15,1007.04,74.7,6,1,5,-0.020000000000000018,0.0,-0.3999999999999915,0.05980523945803412,0.07429670234905464,1.1979148550707799,1,0.14056493922595076
AWS_001,2020-01-05 06:50:00,2.19,1007.08,73.0,6,1,5,0.040000000000000036,0.04000000000007731,-1.7000000000000028,0.0320416395746767,0.04875106815684595,1.070980858838893,1,0.08925993534978366
AWS_001,2020-01-05 07:00:00,2.28,1007.18,71.5,7,1,5,0.08999999999999986,0.09999999999990905,-1.5,0.04844240566522497,0.070047602715984,1.484250652686177,1,0.09072108964252223
AWS_001,2020-01-05 07:10:00,2.27,1007.21,72.1,7,1,5,-0.009999999999999787,0.030000000000086402,0.5999999999999943,0.05465040408482555,0.09157874560245481,1.5422926656980658,1,0.12650740200150018
AWS_001,2020-01-05 07:20:00,2.26,1007.29,71.2,7,1,5,-0.010000000000000231,0.07999999999992724,-0.8999999999999915,0.05656854249464426,0.10256705113824392,1.6476245527018842,1,0.11519575916181668
AWS_001,2020-01-05 07:30:00,2.29,1007.33,70.5,7,1,5,0.03000000000000025,0.04000000000007731,-0.7000000000000028,0.0565685424946485,0.11373946828442247,1.5015547498063975,1,0.12119742348753215
AWS_001,2020-01-05 07:40:00,2.31,1007.4,69.6,7,1,5,0.020000000000000018,0.06999999999993634,-0.9000000000000057,0.0413118223591765,0.11478966262391045,1.1923366415011398,1,0.1170346530327328
AWS_001,2020-01-05 07:50:00,2.28,1007.39,69.94,7,1,5,-0.03000000000000025,-0.009999999999990905,0.3400000000000034,0.01722401424280966,0.09121403388943371,0.9601388788431868,1,0.13170192158300076
AWS_001,2020-01-05 08:00:00,2.33,1007.47,69.69,8,1,5,0.050000000000000266,0.08000000000004093,-0.25,0.02607680962023617,0.09174239284430802,0.9828072038806018,1,0.1355949221909843
AWS_001,2020-01-05 08:10:00,2.29,1007.64,71.1,8,1,5,-0.040000000000000036,0.16999999999995907,1.4099999999999966,0.0242212028321631,0.12425779644659508,0.7032614497228499,1,0.09145278896700348
AWS_001,2020-01-05 08:20:00,2.25,1007.83,71.1,8,1,5,-0.040000000000000036,0.19000000000005457,0.0,0.027141603980545093,0.18963122099830595,0.6795415120993585,1,0.11523365661836316
AWS_001,2020-01-05 08:30:00,2.29,1007.98,70.0,8,1,5,0.040000000000000036,0.14999999999997726,-1.0999999999999943,0.027141603980545093,0.24408331906016015,0.6839420053383839,1,0.10541459712475043
AWS_001,2020-01-05 08:40:00,2.32,1008.14,69.33,8,1,5,0.029999999999999805,0.15999999999996817,-0.6700000000000017,0.028751811536610637,0.2936267471515016,0.7408553615020226,1,0.09988793925322043
AWS_001,2020-01-05 08:50:00,2.27,1008.21,70.1,8,1,5,-0.04999999999999982,0.07000000000005002,0.769999999999996,0.029944392908134488,0.2879872681943795,0.7327482514476739,1,0.10402424905881996
AWS_001,2020-01-05 09:00:00,2.25,1008.42,70.0,9,1,5,-0.020000000000000018,0.2099999999999227,-0.09999999999999432,0.027141603980539167,0.2796187880691329,0.698009073484211,1,0.10719316784233485
AWS_001,2020-01-05 09:10:00,2.32,1008.49,68.74,9,1,5,0.06999999999999984,0.07000000000005002,-1.2600000000000051,0.03204163957472425,0.25246121809203137,0.7959501659440306,1,0.098684691604836
AWS_001,2020-01-05 09:20:00,2.35,1008.58,68.01,9,1,5,0.03000000000000025,0.09000000000003183,-0.7299999999999898,0.03687817782876844,0.23018832863517852,0.8455215353060951,1,0.11584680778628964
AWS_001,2020-01-05 09:30:00,2.43,1008.67,67.84,9,1,5,0.08000000000000007,0.08999999999991815,-0.1700000000000017,0.06377042156546793,0.20759736664813624,0.9707866226243583,1,0.11968774268541804
AWS_001,2020-01-05 09:40:00,2.41,1008.71,68.55,9,1,5,-0.020000000000000018,0.04000000000007731,0.7099999999999937,0.07277820186455455,0.1838114975694757,0.9705187616251528,1,0.124245482195313
AWS_001,2020-01-05 09:50:00,2.31,1008.78,71.5,9,1,5,-0.10000000000000009,0.06999999999993634,2.950000000000003,0.06685805860157279,0.13702797757473562,1.3983943173033864,1,0.0736919080564562
AWS_001,2020-01-05 10:00:00,1.93,1008.79,79.9,10,1,5,-0.3800000000000001,0.009999999999990905,8.400000000000006,0.1835665183704173,0.11713240359186072,4.672055935738173,1,0.009982854085383908
AWS_001,2020-01-05 10:10:00,1.79,1008.84,81.5,10,1,5,-0.1399999999999999,0.05000000000006821,1.5999999999999943,0.2729590933942935,0.0945339443667872,6.218625786029105,1,0.04853016463362181
AWS_001,2020-01-05 10:20:00,1.9,1008.92,80.9,10,1,5,0.10999999999999988,0.07999999999992724,-0.5999999999999943,0.28610604094746556,0.08961026710456317,6.421558741198739,1,0.06731174353501446
AWS_001,2020-01-05 10:30:00,2.01,1008.95,80.5,10,1,5,0.10999999999999988,0.030000000000086402,-0.4000000000000057,0.24612327534516334,0.09064583077535952,5.615195158377465,1,0.08492487047553138
AWS_001,2020-01-05 10:40:00,2.1,1009.01,80.0,10,1,5,0.0900000000000003,0.05999999999994543,-0.5,0.1816223187458793,0.09282600194279085,3.745797645361911,1,0.09881920511350556
AWS_001,2020-01-05 10:50:00,2.24,1009.07,79.1,10,1,5,0.14000000000000012,0.06000000000005912,-0.9000000000000057,0.15909116883084,0.10411532053329303,0.8400396816016427,1,0.14805293763981692
AWS_001,2020-01-05 11:00:00,2.38,1008.92,77.6,11,1,5,0.13999999999999968,-0.15000000000009095,-1.5,0.21762352813968597,0.07985403331262295,1.4038043548391737,1,0.10071799936986059
AWS_001,2020-01-05 11:10:00,2.55,1008.79,74.2,11,1,5,0.16999999999999993,-0.12999999999999545,-3.3999999999999915,0.24188151369344973,0.0950087713653013,2.505527223293634,1,0.052285960500427886
AWS_001,2020-01-05 11:20:00,2.75,1008.78,71.4,11,1,5,0.20000000000000018,-0.009999999999990905,-2.799999999999997,0.2793862320634968,0.1166190377674689,3.6086932076120823,1,0.050818925659905756
AWS_001,2020-01-05 11:30:00,2.86,1008.69,71.7,11,1,5,0.10999999999999988,-0.08999999999991815,0.29999999999999716,0.29468627385742774,0.14746751044456646,3.7521549363886404,1,0.08851518811736153
AWS_001,2020-01-05 11:40:00,3.01,1008.61,72.1,11,1,5,0.1499999999999999,-0.08000000000004093,0.3999999999999915,0.2941711519959857,0.16456001935596556,3.2843568624616672,1,0.10959444889316133
AWS_001,2020-01-05 11:50:00,3.13,1008.67,74.1,11,1,5,0.1200000000000001,0.05999999999994543,2.0,0.2812827758679553,0.11021191694859879,2.335308687661178,1,0.08746742925503032
AWS_001,2020-01-05 12:00:00,3.12,1008.61,68.9,12,1,5,-0.009999999999999787,-0.05999999999994543,-5.199999999999989,0.22800584787818964,0.07909909378613647,1.96434891673192,1,0.07386371252931445
AWS_001,2020-01-05 12:10:00,3.16,1008.55,68.49,12,1,5,0.040000000000000036,-0.06000000000005912,-0.4100000000000108,0.16670332930085127,0.08010409875923269,2.1024152777220912,1,0.13393491860796436
AWS_001,2020-01-05 12:20:00,3.31,1008.41,68.51,12,1,5,0.1499999999999999,-0.13999999999998636,0.020000000000010232,0.15144856112441984,0.1011928849856941,2.341518026124493,1,0.1128794158125177
AWS_001,2020-01-05 12:30:00,3.5,1008.34,67.7,12,1,5,0.18999999999999995,-0.06999999999993634,-0.8100000000000023,0.17375269782076253,0.129060709120649,2.5382487401092075,1,0.10622446115857431
AWS_001,2020-01-05 12:40:00,3.39,1008.21,67.72,12,1,5,-0.10999999999999988,-0.12999999999999545,0.01999999999999602,0.15689699381014752,0.17547079521226883,2.4295074946717157,1,0.11288049544966433
AWS_001,2020-01-05 12:50:00,3.39,1008.17,67.92,12,1,5,0.0,-0.04000000000007731,0.20000000000000284,0.1466174159732143,0.17736027356646017,0.4957284202727555,1,0.1470206298185488
AWS_001,2020-01-05 13:00:00,3.47,1008.16,67.99,13,1,5,0.08000000000000007,-0.009999999999990905,0.06999999999999318,0.12280065146405922,0.15526321727955114,0.36247758551318277,1,0.1466382741512599
AWS_001,2020-01-05 13:10:00,3.45,1007.98,67.63,13,1,5,-0.020000000000000018,-0.17999999999994998,-0.35999999999999943,0.0688234456175016,0.15091940445326352,0.32406275112414223,1,0.12404122438781778
AWS_001,2020-01-05 13:20:00,3.47,1007.88,67.5,13,1,5,0.020000000000000018,-0.10000000000002274,-0.12999999999999545,0.045497252664300304,0.16597188509207522,0.18250114154755656,1,0.1256296713397338
AWS_001,2020-01-05 13:30:00,3.53,1007.71,67.41,13,1,5,0.05999999999999961,-0.16999999999995907,-0.09000000000000341,0.053665631459988386,0.19772877039417808,0.22880122377185622,1,0.11051992382998133
AWS_001,2020-01-05 13:40:00,3.61,1007.54,67.89,13,1,5,0.08000000000000007,-0.17000000000007276,0.480000000000004,0.07527726527090932,0.2500933158687621,0.2426245384666672,1,0.10132335087821309
AWS_001,2020-01-05 13:50:00,3.81,1007.44,67.22,13,1,5,0.20000000000000018,-0.09999999999990905,-0.6700000000000017,0.13721030087667827,0.2728919199541408,0.29234682598956446,1,0.09994220423497768
AWS_001,2020-01-05 14:00:00,4.07,1007.43,66.15,14,1,5,0.26000000000000023,-0.010000000000104592,-1.0699999999999932,0.24088724886691507,0.23191952622327472,0.6063002556485781,1,0.11221223532901892
AWS_001,2020-01-05 14:10:00,4.17,1007.5,65.84,14,1,5,0.09999999999999964,0.07000000000005002,-0.3100000000000023,0.29138748543249754,0.17716282523171212,0.8156817189726804,1,0.12625465137746217
AWS_001,2020-01-05 14:20:00,4.37,1007.42,65.22,14,1,5,0.20000000000000018,-0.08000000000004093,-0.6200000000000045,0.33091791530027137,0.10984838025449256,1.037909758440617,1,0.11855398329246114
AWS_001,2020-01-05 14:30:00,4.29,1007.33,65.75,14,1,5,-0.08000000000000007,-0.08999999999991815,0.5300000000000011,0.29186754986925223,0.07229568897870825,1.0065137853003383,1,0.13393584664694436
AWS_001,2020-01-05 14:40:00,4.28,1007.31,66.06,14,1,5,-0.009999999999999787,-0.020000000000095497,0.3100000000000023,0.20295319657501398,0.07176350032202121,0.6635359824452886,1,0.14896773569243982
AWS_001,2020-01-05 14:50:00,4.43,1007.33,65.68,14,1,5,0.14999999999999947,0.020000000000095497,-0.37999999999999545,0.13121229617183497,0.07501111014538338,0.32964627506816374,1,0.1349429829169131
AWS_001,2020-01-05 15:00:00,4.29,1007.39,66.46,15,1,5,-0.13999999999999968,0.05999999999994543,0.7799999999999869,0.0884872872226262,0.0721110253610151,0.41249242417242177,1,0.13318545789778546
AWS_001,2020-01-05 15:10:00,4.06,1007.4,67.79,15,1,5,-0.23000000000000043,0.009999999999990905,1.3300000000000125,0.12564500255356678,0.04546060542253299,0.8987769467446388,1,0.11557471457685897
AWS_001,2020-01-05 15:20:00,3.84,1007.5,68.53,15,1,5,-0.21999999999999975,0.10000000000002274,0.7399999999999949,0.21198270369698494,0.07033254328763579,1.1786673265456353,1,0.12711998692291981
AWS_001,2020-01-05 15:30:00,3.67,1007.57,69.6,15,1,5,-0.16999999999999993,0.07000000000005002,1.0699999999999932,0.2937175513993241,0.10033277951440304,1.5423056333509835,1,0.12475473844382196
AWS_001,2020-01-05 15:40:00,3.58,1007.78,70.3,15,1,5,-0.08999999999999986,0.2099999999999227,0.7000000000000028,0.3407883018336728,0.16379865682589617,1.7836703731349737,1,0.10926316083862997
AWS_001,2020-01-05 15:50:00,3.51,1007.72,71.1,15,1,5,-0.07000000000000028,-0.05999999999994543,0.7999999999999972,0.301645487286,0.16260381292453718,1.7081295813450659,1,0.14110614342605382
AWS_001,2020-01-05 16:00:00,3.47,1007.77,71.4,16,1,5,-0.03999999999999959,0.049999999999954525,0.30000000000001137,0.22480361800173923,0.15705625311936872,1.4277207943663301,1,0.14411553579671282
AWS_001,2020-01-05 16:10:00,3.47,1007.76,71.9,16,1,5,0.0,-0.009999999999990905,0.5,0.14436065946095905,0.11877148918638161,1.2534818174453106,1,0.1485488089007181
AWS_001,2020-01-05 16:20:00,3.42,1007.64,72.9,16,1,5,-0.050000000000000266,-0.12000000000000455,1.0,0.09077444574328906,0.08430104770061378,1.1661903789687593,1,0.11802081552032712
AWS_001,2020-01-05 16:30:00,3.4,1007.62,73.7,16,1,5,-0.020000000000000018,-0.01999999999998181,0.7999999999999972,0.06473020933073087,0.06920982572374358,1.240026881428758,1,0.14215993671017813
AWS_001,2020-01-05 16:40:00,3.37,1007.69,74.4,16,1,5,-0.029999999999999805,0.07000000000005002,0.7000000000000028,0.0521536192416152,0.06164413984146369,1.3201010062362248,1,0.13954313938505913
AWS_001,2020-01-05 16:50:00,3.35,1007.69,74.7,16,1,5,-0.020000000000000018,0.0,0.29999999999999716,0.05006662228137019,0.060909769141093174,1.3381579378630384,1,0.14443694211803765
AWS_001,2020-01-05 17:00:00,3.41,1007.73,75.0,17,1,5,0.06000000000000005,0.03999999999996362,0.29999999999999716,0.04179314138306847,0.05269408547006021,1.1860297916434634,1,0.13139824483624774
AWS_001,2020-01-05 17:10:00,3.36,1007.64,75.4,17,1,5,-0.050000000000000266,-0.09000000000003183,0.4000000000000057,0.028809720581741943,0.04167333252379648,0.9137833441243942,1,0.1305487941380596
AWS_001,2020-01-05 17:20:00,3.25,1007.55,76.2,17,1,5,-0.10999999999999988,-0.09000000000003183,0.7999999999999972,0.057154760664917814,0.06408327897139564,0.8579044235805953,1,0.13665379402023498
AWS_001,2020-01-05 17:30:00,3.1,1007.6,77.5,17,1,5,-0.1499999999999999,0.05000000000006821,1.2999999999999972,0.11430952132986479,0.06663332482382572,1.1483321238499862,1,0.11814841579073565
AWS_001,2020-01-05 17:40:00,3.04,1007.68,78.2,17,1,5,-0.06000000000000005,0.07999999999992724,0.7000000000000028,0.1511842143435003,0.06554896371227158,1.4151560573540418,1,0.14094319492126245
AWS_001,2020-01-05 17:50:00,3.07,1007.73,77.4,17,1,5,0.029999999999999805,0.05000000000006821,-0.7999999999999972,0.15782902141239297,0.07231873876838298,1.2781497043249073,1,0.1384867087047325
AWS_001,2020-01-05 18:00:00,3.1,1007.74,77.4,18,1,5,0.03000000000000025,0.009999999999990905,0.0,0.12452576707918299,0.07447594674595974,1.0206207261592584,1,0.15513254730926412
AWS_001,2020-01-05 18:10:00,3.14,1007.73,77.7,18,1,5,0.040000000000000036,-0.009999999999990905,0.29999999999999716,0.07339391437072974,0.07935153838223132,0.6603029607681526,1,0.15327007942301119
AWS_001,2020-01-05 18:20:00,3.18,1007.67,78.1,18,1,5,0.040000000000000036,-0.06000000000005912,0.3999999999999915,0.049699094559066626,0.05344779362628748,0.35449494589606456,1,0.1419704234653985
AWS_001,2020-01-05 18:30:00,3.04,1007.55,78.7,18,1,5,-0.14000000000000012,-0.12000000000000455,0.6000000000000085,0.05648008498569035,0.07146094488296575,0.511533641773298,1,0.13619725882785272
AWS_001,2020-01-05 18:40:00,2.94,1007.51,79.6,18,1,5,-0.10000000000000009,-0.03999999999996362,0.8999999999999915,0.08400396816018321,0.10074720828416507,0.8642916174528019,1,0.1452825650005381
AWS_001,2020-01-05 18:50:00,2.96,1007.42,80.3,18,1,5,0.020000000000000018,-0.09000000000003183,0.7000000000000028,0.09715966241187732,0.12987173150460388,1.1307814407151533,1,0.14436495913488084
AWS_001,2020-01-05 19:00:00,2.88,1007.43,82.1,19,1,5,-0.08000000000000007,0.009999999999990905,1.7999999999999972,0.11826523862342528,0.12624051110595091,1.6253204812177262,1,0.11538323769436343
AWS_001,2020-01-05 19:10:00,2.87,1007.43,82.9,19,1,5,-0.009999999999999787,0.0,0.8000000000000114,0.1163471816016811,0.09765585821942953,1.8914720898458492,1,0.14410971017217905
AWS_001,2020-01-05 19:20:00,2.93,1007.43,83.2,19,1,5,0.06000000000000005,0.0,0.29999999999999716,0.061535897382369364,0.05455883654192527,1.8597490870184148,1,0.13486750974101258
AWS_001,2020-01-05 19:30:00,2.97,1007.43,82.7,19,1,5,0.040000000000000036,0.0,-0.5,0.04135214625610775,0.03371448716689973,1.493987951758372,1,0.13819832764643036
AWS_001,2020-01-05 19:40:00,3.05,1007.43,82.7,19,1,5,0.07999999999999963,0.0,0.0,0.06623191577067412,0.004082480251722119,1.0515068552633609,1,0.13604730406638366
AWS_001,2020-01-05 19:50:00,3.07,1007.37,82.5,19,1,5,0.020000000000000018,-0.05999999999994543,-0.20000000000000284,0.08447879418323961,0.024494896986670848,0.37103458958140567,1,0.14590160427194293
AWS_001,2020-01-05 20:00:00,3.03,1007.3,82.9,20,1,5,-0.040000000000000036,-0.07000000000005002,0.4000000000000057,0.07737355275967901,0.053820689750179555,0.24013884872264762,1,0.1477777764204673
AWS_001,2020-01-05 20:10:00,2.95,1007.28,83.6,20,1,5,-0.07999999999999963,-0.01999999999998181,0.6999999999999886,0.05761944116345223,0.0688960568199445,0.4033195589924137,1,0.1539621266267639
AWS_001,2020-01-05 20:20:00,3.09,1007.3,83.0,20,1,5,0.13999999999999968,0.01999999999998181,-0.5999999999999943,0.055737479909446226,0.06794605687948634,0.38470768123234617,1,0.14060635773677066
AWS_001,2020-01-05 20:30:00,3.02,1007.27,83.4,20,1,5,-0.06999999999999984,-0.029999999999972715,0.4000000000000057,0.04888762624621374,0.06220932389094997,0.41673332799985346,1,0.15134817988449323
AWS_001,2020-01-05 20:40:00,2.98,1007.25,84.1,20,1,5,-0.040000000000000036,-0.01999999999998181,0.6999999999999886,0.052788887719441804,0.04135214600422445,0.5683308895345723,1,0.15344801127440738
AWS_001,2020-01-05 20:50:00,2.94,1007.18,84.1,20,1,5,-0.040000000000000036,-0.07000000000005002,0.0,0.05636192568263837,0.045018514480327926,0.519294393062176,1,0.1518544577276016
AWS_001,2020-01-05 21:00:00,3.0,1007.16,83.6,21,1,5,0.06000000000000005,-0.01999999999998181,-0.5,0.054650404085012205,0.05692099770288418,0.4226897995762516,1,0.14895299823297986
AWS_001,2020-01-05 21:10:00,3.0,1007.19,83.7,21,1,5,0.0,0.030000000000086402,0.10000000000000853,0.049699094559042825,0.05612486061971371,0.42308391602511275,1,0.1530971373744407
AWS_001,2020-01-05 21:20:00,3.0,1007.14,83.6,21,1,5,0.0,-0.05000000000006821,-0.10000000000000853,0.02756809750396795,0.051153363979411094,0.28809720581627307,1,0.14308073883843364
AWS_001,2020-01-05 21:30:00,3.0,1007.11,83.7,21,1,5,0.0,-0.029999999999972715,0.10000000000000853,0.024221202832536193,0.04792355002049174,0.23664319132217818,1,0.14109393569566253
AWS_001,2020-01-05 21:40:00,2.95,1007.09,83.8,21,1,5,-0.04999999999999982,-0.01999999999998181,0.09999999999999432,0.02857738033226139,0.03937003911676491,0.18708286933641266,1,0.1411655465361077
AWS_001,2020-01-05 21:50:00,2.93,1007.04,84.0,21,1,5,-0.020000000000000018,-0.05000000000006821,0.20000000000000284,0.03162277660149415,0.05344779365758737,0.1505545305389806,1,0.14410991306919052
AWS_001,2020-01-05 22:00:00,2.87,1007.03,84.1,22,1,5,-0.06000000000000005,-0.009999999999990905,0.09999999999999432,0.05269408568951637,0.06066300339027849,0.1940790217045923,1,0.14706304030016154
AWS_001,2020-01-05 22:10:00,2.88,1006.95,84.4,22,1,5,0.009999999999999787,-0.07999999999992724,0.30000000000001137,0.05636192568262346,0.06811754532107869,0.2943920288761492,1,0.14725746989506233
AWS_001,2020-01-05 22:20:00,2.92,1006.93,84.1,22,1,5,0.040000000000000036,-0.020000000000095497,-0.30000000000001137,0.04764451699814526,0.07259476551919473,0.24832774042747768,1,0.14945470961302681
AWS_001,2020-01-05 22:30:00,2.98,1006.85,83.7,22,1,5,0.06000000000000005,-0.07999999999992724,-0.3999999999999915,0.041673332799922934,0.08773064828053197,0.24832774042747768,1,0.14541440777813353
AWS_001,2020-01-05 22:40:00,3.05,1006.9,83.4,22,1,5,0.06999999999999984,0.049999999999954525,-0.29999999999999716,0.0673547820622527,0.0740270219666579,0.3507135583337874,1,0.14866847361481084
AWS_001,2020-01-05 22:50:00,3.07,1006.86,83.5,22,1,5,0.020000000000000018,-0.03999999999996362,0.09999999999999432,0.08565434412015645,0.06633249566719002,0.3932768320989812,1,0.15765802126298106
AWS_001,2020-01-05 23:00:00,3.14,1006.8,83.4,23,1,5,0.07000000000000028,-0.06000000000005912,-0.09999999999999432,0.09791152468762512,0.05564770119551293,0.41352146256166494,1,0.14647957301546638
AWS_001,2020-01-05 23:10:00,3.15,1006.67,83.4,23,1,5,0.009999999999999787,-0.12999999999999545,0.0,0.08975893641669697,0.09224966114826093,0.27868739954615096,1,0.13527242722668442
AWS_001,2020-01-05 23:20:00,3.13,1006.56,83.9,23,1,5,-0.020000000000000018,-0.11000000000001364,0.5,0.06592925501367064,0.13140268889571738,0.20736441353117888,1,0.14324041149837996
AWS_001,2020-01-05 23:30:00,3.21,1006.44,83.5,23,1,5,0.08000000000000007,-0.11999999999989086,-0.4000000000000057,0.05787918451388222,0.1808590611022292,0.1940790217045494,1,0.1280659450881385
AWS_001,2020-01-05 23:40:00,3.27,1006.36,83.3,23,1,5,0.06000000000000005,-0.08000000000004093,-0.20000000000000284,0.0694022093788064,0.19796464326582017,0.20976176963195226,1,0.144609161194518
AWS_001,2020-01-05 23:50:00,3.28,1006.22,83.3,23,1,5,0.009999999999999787,-0.13999999999998636,0.0,0.06683312551916598,0.21151044099698071,0.22509257354651688,1,0.13531726097405383
AWS_001,2020-01-06 00:00:00,3.32,1006.17,83.3,0,1,6,0.040000000000000036,-0.05000000000006821,0.0,0.0760701430698101,0.19335632043320003,0.2345207879893111,1,0.14787087304254104
AWS_001,2020-01-06 00:10:00,3.31,1006.08,83.4,0,1,6,-0.009999999999999787,-0.08999999999991815,0.10000000000000853,0.07174027227897913,0.1801943394934347,0.2345207879893111,1,0.13912933169105302
AWS_001,2020-01-06 00:20:00,3.33,1006.08,83.5,0,1,6,0.020000000000000018,0.0,0.09999999999999432,0.04412104562068887,0.14802026883519592,0.09831920802056407,1,0.14014025781885142
AWS_001,2020-01-06 00:30:00,3.35,1005.97,83.3,0,1,6,0.020000000000000018,-0.11000000000001364,-0.20000000000000284,0.030331501776154117,0.13530213100043395,0.08366600264816991,1,0.1285490686793217
AWS_001,2020-01-06 00:40:00,3.33,1005.82,83.5,0,1,6,-0.020000000000000018,-0.14999999999997726,0.20000000000000284,0.023664319132337124,0.1443144713945722,0.09831920802056167,1,0.11952978079347759
AWS_001,2020-01-06 00:50:00,3.34,1005.83,83.4,0,1,6,0.009999999999999787,0.009999999999990905,-0.09999999999999432,0.014142135623637383,0.14386336105612213,0.08944271909509462,1,0.13370942432656108
AWS_001,2020-01-06 01:00:00,3.38,1005.77,83.3,1,1,6,0.040000000000000036,-0.06000000000005912,-0.10000000000000853,0.023664319132347993,0.1372224471002825,0.08944271909509462,1,0.13865191075068306
AWS_001,2020-01-06 01:10:00,3.34,1005.7,83.3,1,1,6,-0.040000000000000036,-0.06999999999993634,0.0,0.018708286933809333,0.13905634345585707,0.09831920802056167,1,0.136412107982749
AWS_001,2020-01-06 01:20:00,3.33,1005.6,83.5,1,1,6,-0.009999999999999787,-0.10000000000002274,0.20000000000000284,0.018708286933809333,0.1257643298233063,0.09831920802056167,1,0.12810652953259105
AWS_001,2020-01-06 01:30:00,3.39,1005.49,83.0,1,1,6,0.06000000000000005,-0.11000000000001364,-0.5,0.026394443859732716,0.13437509686138052,0.18618986724789757,1,0.13114093415103883
AWS_001,2020-01-06 01:40:00,3.31,1005.41,83.4,1,1,6,-0.08000000000000007,-0.08000000000004093,0.4000000000000057,0.030605010482999264,0.16329931615599205,0.17224014243430527,1,0.13255576834773136
AWS_001,2020-01-06 01:50:00,3.31,1005.29,83.5,1,1,6,0.0,-0.12000000000000455,0.09999999999999432,0.03444802848733677,0.18107088848756422,0.1861898672478976,1,0.12939999322743317
AWS_001,2020-01-06 02:00:00,3.33,1005.22,83.5,2,1,6,0.020000000000000018,-0.06999999999993634,0.0,0.02949576240746261,0.1825833142933678,0.19663841604780663,1,0.14254803901940033
AWS_001,2020-01-06 02:10:00,3.34,1005.25,83.4,2,1,6,0.009999999999999787,0.029999999999972715,-0.09999999999999432,0.02949576240746261,0.14962174527421043,0.19407902170453784,1,0.13912848755113455
AWS_001,2020-01-06 02:20:00,3.37,1005.12,83.3,2,1,6,0.03000000000000025,-0.12999999999999545,-0.10000000000000853,0.03250640962432374,0.13381579375948657,0.18708286933635343,1,0.136415473943111
AWS_001,2020-01-06 02:30:00,3.4,1005.09,83.1,2,1,6,0.029999999999999805,-0.029999999999972715,-0.20000000000000284,0.035590260840072004,0.1167904105365733,0.150554530538907,1,0.14988822504681965
AWS_001,2020-01-06 02:40:00,3.4,1005.11,83.0,2,1,6,0.0,0.01999999999998181,-0.09999999999999432,0.03763863263542853,0.0839047078159208,0.20976176963193666,1,0.14761960292628906
AWS_001,2020-01-06 02:50:00,3.36,1004.97,83.4,2,1,6,-0.040000000000000036,-0.13999999999998636,0.4000000000000057,0.02943920288773046,0.10013324453319612,0.19407902170453115,1,0.13272686394190214
AWS_001,2020-01-06 03:00:00,3.34,1004.85,83.6,3,1,6,-0.020000000000000018,-0.12000000000000455,0.19999999999998863,0.0271416039810657,0.13794926601670762,0.2190890230000608,1,0.1442916993969925
AWS_001,2020-01-06 03:10:00,3.39,1004.79,83.8,3,1,6,0.050000000000000266,-0.06000000000005912,0.20000000000000284,0.02422120283274994,0.14232591704187916,0.3011090610821777,1,0.1515216541460503
AWS_001,2020-01-06 03:20:00,3.4,1004.74,83.6,3,1,6,0.009999999999999787,-0.049999999999954525,-0.20000000000000284,0.025625508125017498,0.15591664438293174,0.3125166662208461,1,0.15486579346817952
AWS_001,2020-01-06 03:30:00,3.38,1004.74,83.7,3,1,6,-0.020000000000000018,0.0,0.10000000000000853,0.024013884872407756,0.14706007841271954,0.2857738033231766,1,0.1543394084232701
AWS_001,2020-01-06 03:40:00,3.18,1004.65,85.0,3,1,6,-0.19999999999999973,-0.09000000000003183,1.2999999999999972,0.08207719943238995,0.110090871541172,0.5787918451387704,1,0.13098383427138327
AWS_001,2020-01-06 03:50:00,3.09,1004.55,85.7,3,1,6,-0.0900000000000003,-0.10000000000002274,0.7000000000000028,0.13002563849742552,0.10620734436581979,0.8959166627905942,1,0.15628522552855884
AWS_001,2020-01-06 04:00:00,3.0,1004.48,86.2,4,1,6,-0.08999999999999986,-0.06999999999993634,0.5,0.17401149387323556,0.12188792665549274,1.1272385136544356,1,0.15747901956815313
AWS_001,2020-01-06 04:10:00,3.01,1004.4,86.6,4,1,6,0.009999999999999787,-0.08000000000004093,0.3999999999999915,0.17761381327661477,0.14023789311336424,1.267543556121793,1,0.15746596512630434
AWS_001,2020-01-06 04:20:00,2.96,1004.32,86.5,4,1,6,-0.04999999999999982,-0.07999999999992724,-0.09999999999999432,0.156546052861956,0.15629032812495394,1.1089033621853188,1,0.16047793757676265
AWS_001,2020-01-06 04:30:00,2.98,1004.2,86.9,4,1,6,0.020000000000000018,-0.12000000000000455,0.4000000000000057,0.0831063575585928,0.16194649321945578,0.6949820141552374,1,0.15324285020565098
AWS_001,2020-01-06 04:40:00,2.99,1004.12,86.7,4,1,6,0.010000000000000231,-0.08000000000004093,-0.20000000000000284,0.04505552130415554,0.16465114636732558,0.4273952113278234,1,0.15510246570807962
AWS_001,2020-01-06 04:50:00,3.07,1004.05,85.9,4,1,6,0.07999999999999963,-0.07000000000005002,-0.7999999999999972,0.03763863263530969,0.1666633333021024,0.36147844564504267,1,0.14506779479831738
AWS_001,2020-01-06 05:00:00,3.03,1003.99,86.2,5,1,6,-0.040000000000000036,-0.05999999999994543,0.29999999999999716,0.03932768320987042,0.15811388301254528,0.36147844564504267,1,0.15906754012692054
AWS_001,2020-01-06 05:10:00,2.98,1003.98,86.7,5,1,6,-0.04999999999999982,-0.009999999999990905,0.5,0.04070217029417226,0.1320605921606744,0.37103458958156144,1,0.16207731212524612
AWS_001,2020-01-06 05:20:00,2.94,1003.97,86.6,5,1,6,-0.040000000000000036,-0.009999999999990905,-0.10000000000000853,0.045350486950590886,0.09196013630331237,0.3741657386764481,1,0.16725576385003915
AWS_001,2020-01-06 05:30:00,2.97,1003.92,86.4,5,1,6,0.03000000000000025,-0.05000000000006821,-0.19999999999998863,0.04633213427693215,0.07007139218403977,0.3188521078273615,1,0.1648440235034765
AWS_001,2020-01-06 05:40:00,2.91,1003.86,86.6,5,1,6,-0.06000000000000005,-0.05999999999994543,0.19999999999998863,0.058537737115943775,0.06493586581857383,0.303315017760879,1,0.1621068650068821
AWS_001,2020-01-06 05:50:00,2.87,1003.86,87.0,5,1,6,-0.040000000000000036,0.0,0.4000000000000057,0.05621387729011285,0.059329587923618796,0.27141603980967266,1,0.15675922560682765
AWS_001,2020-01-06 06:00:00,2.87,1003.89,87.1,6,1,6,0.0,0.029999999999972715,0.09999999999999432,0.04802776974474146,0.05278888775095125,0.2658320271637317,1,0.1576069158563544
AWS_001,2020-01-06 06:10:00,2.9,1003.88,86.8,6,1,6,0.029999999999999805,-0.009999999999990905,-0.29999999999999716,0.039496835316097496,0.042268979998496194,0.2664582518881972,1,0.157597009586952
AWS_001,2020-01-06 06:20:00,2.97,1003.96,86.6,6,1,6,0.07000000000000028,0.08000000000004093,-0.20000000000000284,0.04549725266416698,0.038858718499969094,0.2664582518881972,1,0.14354967926701406
AWS_001,2020-01-06 06:30:00,3.03,1003.89,86.3,6,1,6,0.05999999999999961,-0.07000000000005002,-0.29999999999999716,0.0631664467893143,0.036878177876622245,0.2943920288764294,1,0.15843025565057328
AWS_001,2020-01-06 06:40:00,3.02,1003.9,86.6,6,1,6,-0.009999999999999787,0.009999999999990905,0.29999999999999716,0.07312090444362943,0.033862466982104156,0.2943920288764294,1,0.15545319608449276
AWS_001,2020-01-06 06:50:00,3.0,1003.8,86.6,6,1,6,-0.020000000000000018,-0.10000000000002274,0.0,0.06595452979127556,0.05125101628451204,0.26583202716372234,1,0.16262932083545906
AWS_001,2020-01-06 07:00:00,3.12,1003.74,86.3,7,1,6,0.1200000000000001,-0.05999999999994543,-0.29999999999999716,0.07257180352351712,0.07859177228179018,0.1966384160482479,1,0.1640650894742629
AWS_001,2020-01-06 07:10:00,3.31,1003.75,84.1,7,1,6,0.18999999999999995,0.009999999999990905,-2.200000000000003,0.1256582667395624,0.0896660471075739,0.9826834010330764,1,0.12688601314807063
AWS_001,2020-01-06 07:20:00,3.52,1003.74,82.4,7,1,6,0.20999999999999996,-0.009999999999990905,-1.6999999999999886,0.20762145040110871,0.0744759469282275,1.7428903197464465,1,0.1226572409007079
AWS_001,2020-01-06 07:30:00,3.6,1003.74,82.1,7,1,6,0.08000000000000007,0.0,-0.30000000000001137,0.2570927199798985,0.06400520815573159,2.106577002311052,1,0.1532639608893679
AWS_001,2020-01-06 07:40:00,3.53,1003.75,82.9,7,1,6,-0.07000000000000028,0.009999999999990905,0.8000000000000114,0.24524817362554333,0.023380903987316327,1.970448341536962,1,0.1354898565302221
AWS_001,2020-01-06 07:50:00,3.37,1003.75,84.4,7,1,6,-0.1599999999999997,0.0,1.5,0.17792320440759332,0.005477226001068359,1.5684387141355183,1,0.12952177087476358
AWS_001,2020-01-06 08:00:00,3.25,1003.86,85.2,8,1,6,-0.1200000000000001,0.11000000000001364,0.7999999999999972,0.1395707705789437,0.04679743587531637,1.2319361455309825,1,0.14798057387785957
AWS_001,2020-01-06 08:10:00,3.21,1003.83,85.4,8,1,6,-0.040000000000000036,-0.029999999999972715,0.20000000000000284,0.16107969042267983,0.05269408573133589,1.4500574701251536,1,0.17726102303214308
AWS_001,2020-01-06 08:20:00,3.21,1003.74,85.5,8,1,6,0.0,-0.09000000000003183,0.09999999999999432,0.16951892716350297,0.05269408573133589,1.4321312788983953,1,0.1703928961915231
AWS_001,2020-01-06 08:30:00,3.22,1003.74,85.3,8,1,6,0.010000000000000231,0.0,-0.20000000000000284,0.1287504045300959,0.05269408573133589,1.0028293307766123,1,0.18410439899620162
AWS_001,2020-01-06 08:40:00,3.4,1003.74,84.9,8,1,6,0.17999999999999972,0.0,-0.3999999999999915,0.08571269839797821,0.053913511025300856,0.40702170294212786,1,0.16434004264718993
AWS_001,2020-01-06 08:50:00,3.23,1003.65,85.4,8,1,6,-0.16999999999999993,-0.09000000000003183,0.5,0.07339391437075797,0.07509993345237286,0.21369760566261142,1,0.16116678324250444
AWS_001,2020-01-06 09:00:00,3.13,1003.56,86.3,9,1,6,-0.10000000000000009,-0.09000000000003183,0.8999999999999915,0.0891440781356879,0.09295160033572883,0.45898438608078784,1,0.16136991283381624
AWS_001,2020-01-06 09:10:00,3.11,1003.44,86.3,9,1,6,-0.020000000000000018,-0.11999999999989086,0.0,0.10269696522615063,0.12357184147491083,0.5671566509051764,1,0.17481746907559864
AWS_001,2020-01-06 09:20:00,3.17,1003.49,86.0,9,1,6,0.06000000000000005,0.049999999999954525,-0.29999999999999716,0.104498803820878,0.12722683157457992,0.5830951894839456,1,0.1739007644207523
AWS_001,2020-01-06 09:30:00,3.3,1003.47,85.4,9,1,6,0.1299999999999999,-0.01999999999998181,-0.5999999999999943,0.1109354166470806,0.11651895413569492,0.5706721183534256,1,0.18049419533343924
AWS_001,2020-01-06 09:40:00,3.35,1003.38,84.5,9,1,6,0.050000000000000266,-0.09000000000003183,-0.9000000000000057,0.09586448768962617,0.09495613025693703,0.6949820141552717,1,0.16939566481278445
AWS_001,2020-01-06 09:50:00,3.31,1003.34,85.5,9,1,6,-0.040000000000000036,-0.03999999999996362,1.0,0.10361788777359593,0.07890923059941526,0.6889605697469097,1,0.1659686907360946
AWS_001,2020-01-06 10:00:00,3.35,1003.24,85.6,10,1,6,0.040000000000000036,-0.10000000000002274,0.09999999999999432,0.10074720839802884,0.09373722139164788,0.6156297588642986,1,0.17839560966868584
AWS_001,2020-01-06 10:10:00,3.26,1003.21,85.8,10,1,6,-0.0900000000000003,-0.029999999999972715,0.20000000000000284,0.06782329983122706,0.11536897333283104,0.5202563470693835,1,0.17903890813876927
AWS_001,2020-01-06 10:20:00,3.1,1003.13,86.6,10,1,6,-0.1599999999999997,-0.08000000000004093,0.7999999999999972,0.09368386556212792,0.12437845475949538,0.6772493386235116,1,0.170226089667167
AWS_001,2020-01-06 10:30:00,3.1,1003.02,86.8,10,1,6,0.0,-0.11000000000001364,0.20000000000000284,0.11708970919767148,0.13311649037205028,0.8318653737230159,1,0.17849295918190117
AWS_001,2020-01-06 10:40:00,3.09,1002.99,87.1,10,1,6,-0.010000000000000231,-0.029999999999972715,0.29999999999999716,0.11856081421220406,0.13457340008152824,0.6831300510635098,1,0.18484447689900324
AWS_001,2020-01-06 10:50:00,3.11,1002.89,87.0,10,1,6,0.020000000000000018,-0.10000000000002274,-0.09999999999999432,0.10980285363623245,0.13623509096450281,0.6337717780605712,1,0.1779600776183597
AWS_001,2020-01-06 11:00:00,3.28,1002.79,86.2,11,1,6,0.16999999999999993,-0.10000000000002274,-0.7999999999999972,0.08824209124142267,0.15332971013703045,0.4996665554808181,1,0.1580397857919138
AWS_001,2020-01-06 11:10:00,3.53,1002.64,85.3,11,1,6,0.25,-0.14999999999997726,-0.9000000000000057,0.17634246983259802,0.17584083715522447,0.6693280212268081,1,0.14309088795437264
AWS_001,2020-01-06 11:20:00,3.73,1002.51,84.0,11,1,6,0.20000000000000018,-0.12999999999999545,-1.2999999999999972,0.26763158757266214,0.20106383732272615,1.2127104628335768,1,0.13601456433567666
AWS_001,2020-01-06 11:30:00,3.85,1002.38,82.2,11,1,6,0.1200000000000001,-0.12999999999999545,-1.7999999999999972,0.3215224201617469,0.2325510696882075,1.9099738218099478,1,0.11299429923076715
AWS_001,2020-01-06 11:40:00,3.96,1002.28,81.7,11,1,6,0.10999999999999988,-0.10000000000002274,-0.5,0.3326058728685811,0.23608614250046517,2.1494185260202916,1,0.14167548611799724
AWS_001,2020-01-06 11:50:00,4.01,1002.17,80.7,11,1,6,0.04999999999999982,-0.11000000000001364,-1.0,0.27861562530962747,0.23094732447402905,2.164024029441256,1,0.13476279089469367
AWS_001,2020-01-06 12:00:00,4.16,1002.04,80.2,12,1,6,0.15000000000000036,-0.12999999999999545,-0.5,0.222411030901524,0.22042383419841102,1.9603571103243105,1,0.13681617948414843
AWS_001,2020-01-06 12:10:00,4.25,1001.92,79.7,12,1,6,0.08999999999999986,-0.12000000000000455,-0.5,0.19231917914415583,0.21823534700799677,1.5689699381013247,1,0.15267557846576946
AWS_001,2020-01-06 12:20:00,4.29,1001.73,79.4,12,1,6,0.040000000000000036,-0.18999999999994088,-0.29999999999999716,0.17397317800938275,0.2398054767613488,1.1113055385441626,1,0.15220448958279187
AWS_001,2020-01-06 12:30:00,4.32,1001.54,79.2,12,1,6,0.03000000000000025,-0.19000000000005457,-0.20000000000000284,0.15029970059857042,0.27667068273647255,0.93541434669289,1,0.14775534033889798
AWS_001,2020-01-06 12:40:00,4.33,1001.39,78.7,12,1,6,0.009999999999999787,-0.14999999999997726,-0.5,0.12274635093023449,0.299827728349211,0.7176350047195589,1,0.1521372636023095
AWS_001,2020-01-06 12:50:00,4.36,1001.28,78.6,12,1,6,0.03000000000000025,-0.11000000000001364,-0.10000000000000853,0.07176350047219836,0.29933259097791853,0.6066300355231424,1,0.1493757261577781
AWS_001,2020-01-06 13:00:00,4.42,1001.18,78.7,13,1,6,0.05999999999999961,-0.10000000000002274,0.10000000000000853,0.05845225972270944,0.2805470846210475,0.45055521304139945,1,0.1547105786793443
AWS_001,2020-01-06 13:10:00,4.45,1001.01,78.8,13,1,6,0.03000000000000025,-0.16999999999995907,0.09999999999999432,0.06177917664304068,0.25742960207387267,0.322490309930025,1,0.15166878035719306
AWS_001,2020-01-06 13:20:00,4.47,1000.86,78.6,13,1,6,0.019999999999999574,-0.14999999999997726,-0.20000000000000284,0.06369196704995736,0.24883729629028423,0.22509257354567153,1,0.15379988534105116
AWS_001,2020-01-06 13:30:00,4.45,1000.77,78.2,13,1,6,-0.019999999999999574,-0.09000000000003183,-0.3999999999999915,0.0560951572481392,0.24309805982927554,0.20976176963100235,1,0.15846384088337007
AWS_001,2020-01-06 13:40:00,4.45,1000.6,77.6,13,1,6,0.0,-0.16999999999995907,-0.6000000000000085,0.03932768321035505,0.25628109572720903,0.44907311950881884,1,0.14093837531749298
AWS_001,2020-01-06 13:50:00,4.47,1000.45,76.9,13,1,6,0.019999999999999574,-0.14999999999997726,-0.6999999999999886,0.01834847859345803,0.26633938254586126,0.7474400756350663,1,0.1306907505288743
AWS_001,2020-01-06 14:00:00,4.46,1000.38,76.3,14,1,6,-0.009999999999999787,-0.07000000000005002,-0.6000000000000085,0.009831920803931244,0.24441085633824583,0.9872520785824241,1,0.14742027279395986
AWS_001,2020-01-06 14:10:00,4.48,1000.31,75.4,14,1,6,0.020000000000000462,-0.07000000000005002,-0.8999999999999915,0.01211060141755654,0.22031038717442672,1.2044362443339458,1,0.1417206660759019
AWS_001,2020-01-06 14:20:00,4.6,1000.23,74.1,14,1,6,0.11999999999999922,-0.07999999999992724,-1.3000000000000114,0.05753259945482098,0.198762840334376,1.498554859411293,1,0.12869368057036723
AWS_001,2020-01-06 14:30:00,4.97,1000.06,71.4,14,1,6,0.3700000000000001,-0.17000000000007276,-2.6999999999999886,0.20272312810012075,0.18584043343347725,2.2586869341865636,1,0.06753479690626085
AWS_001,2020-01-06 14:40:00,5.23,999.9,69.71,14,1,6,0.2600000000000007,-0.15999999999996817,-1.690000000000012,0.3233213056182685,0.2072116471139592,2.8575543156106455,1,0.06975100709687188
AWS_001,2020-01-06 14:50:00,5.18,999.8,69.14,14,1,6,-0.05000000000000071,-0.10000000000002274,-0.5699999999999932,0.3503712316958092,0.23235031030869827,3.016950447057136,1,0.1099912028371845
AWS_001,2020-01-06 15:00:00,5.05,999.69,69.25,15,1,6,-0.1299999999999999,-0.10999999999989996,0.10999999999999943,0.30954267341791175,0.24441085634940315,2.6764229860016835,1,0.11316263426836659
AWS_001,2020-01-06 15:10:00,4.91,999.57,69.91,15,1,6,-0.13999999999999968,-0.12000000000000455,0.6599999999999966,0.2263625410708309,0.24238399294461296,1.9032051912492522,1,0.1277931445962286
AWS_001,2020-01-06 15:20:00,4.77,999.5,70.1,15,1,6,-0.14000000000000057,-0.07000000000005002,0.18999999999999773,0.17186234801931208,0.2095391770133464,0.8153874334724235,1,0.1575632072751258
AWS_001,2020-01-06 15:30:00,4.81,999.34,70.0,15,1,6,0.040000000000000036,-0.15999999999996817,-0.09999999999999432,0.19208505060704317,0.20490648282671817,0.40223127675264364,1,0.15036006341408337
AWS_001,2020-01-06 15:40:00,4.85,999.32,69.78,15,1,6,0.040000000000000036,-0.01999999999998181,-0.21999999999999886,0.15727894540181903,0.19022793355659665,0.4041121956396881,1,0.1656483768846982
AWS_001,2020-01-06 15:50:00,4.65,999.24,69.91,15,1,6,-0.1999999999999993,-0.08000000000004093,0.12999999999999545,0.1349073756324646,0.17165857597571005,0.30111459612259756,1,0.15369349917291997
AWS_001,2020-01-06 16:00:00,4.3,999.17,70.8,16,1,6,-0.35000000000000053,-0.07000000000005002,0.8900000000000006,0.22124646889845484,0.1524029747306504,0.36686055479536583,1,0.14029184113033927
AWS_001,2020-01-06 16:10:00,3.96,999.1,71.6,16,1,6,-0.33999999999999986,-0.06999999999993634,0.7999999999999972,0.35393031329160907,0.14119726168526184,0.7024457274395755,1,0.14719664856563325
AWS_001,2020-01-06 16:20:00,3.82,999.08,72.1,16,1,6,-0.14000000000000012,-0.01999999999998181,0.5,0.44115379026671825,0.10998484762922757,0.9737025555398343,1,0.14654619046985473
AWS_001,2020-01-06 16:30:00,3.66,999.0,72.8,16,1,6,-0.1599999999999997,-0.08000000000004093,0.7000000000000028,0.4750438576244149,0.11600287370805333,1.2135196743350223,1,0.14341402414482735
AWS_001,2020-01-06 16:40:00,3.49,998.86,73.6,16,1,6,-0.16999999999999993,-0.13999999999998636,0.7999999999999972,0.4289055840158895,0.13322912610439003,1.337316965668538,1,0.13957413053495538
AWS_001,2020-01-06 16:50:00,3.38,998.85,74.2,16,1,6,-0.11000000000000032,-0.009999999999990905,0.6000000000000085,0.33528594761288577,0.13175735289962728,1.268726395510466,1,0.16350166464520438
AWS_001,2020-01-06 17:00:00,3.3,998.78,74.3,17,1,6,-0.08000000000000007,-0.07000000000005002,0.09999999999999432,0.2577143121106494,0.13322912610877738,1.1171392035007879,1,0.17137226342787337
AWS_001,2020-01-06 17:10:00,3.15,998.7,74.7,17,1,6,-0.1499999999999999,-0.07999999999992724,0.4000000000000057,0.24426761280747109,0.140059511319204,0.9948199167010559,1,0.16880299448312747
AWS_001,2020-01-06 17:20:00,2.97,998.6,75.6,17,1,6,-0.17999999999999972,-0.10000000000002274,0.8999999999999915,0.24484689093388373,0.1389124426093198,0.9528903399649328,1,0.15631245827664542
AWS_001,2020-01-06 17:30:00,2.82,998.54,76.3,17,1,6,-0.15000000000000036,-0.06000000000005912,0.7000000000000028,0.254931363311744,0.13212367960504837,0.9948199167011125,1,0.1682201100021199
AWS_001,2020-01-06 17:40:00,2.54,998.36,77.6,17,1,6,-0.2799999999999998,-0.17999999999994998,1.2999999999999972,0.31544677311179714,0.177360273773824,1.3277801022754474,1,0.11404004147655578
AWS_001,2020-01-06 17:50:00,2.32,998.23,79.1,17,1,6,-0.2200000000000002,-0.12999999999999545,1.5,0.37008107219901537,0.20743673745837637,1.820622604128968,1,0.11030850817483517
AWS_001,2020-01-06 18:00:00,2.15,998.11,80.1,18,1,6,-0.16999999999999993,-0.12000000000000455,1.0,0.3877843043067019,0.22844401221094554,2.087742001940237,1,0.1211431344668975
AWS_001,2020-01-06 18:10:00,2.03,998.09,80.5,18,1,6,-0.1200000000000001,-0.01999999999998181,0.4000000000000057,0.3730638908640533,0.21609411541255133,2.0218803129757354,1,0.14393158183250088
AWS_001,2020-01-06 18:20:00,1.89,998.06,80.9,18,1,6,-0.1399999999999999,-0.030000000000086402,0.4000000000000057,0.34394282470582227,0.18755443667566732,1.8049007359590723,1,0.15599850281611105
AWS_001,2020-01-06 18:30:00,1.77,997.99,81.1,18,1,6,-0.11999999999999988,-0.06999999999993634,0.19999999999998863,0.2831018662365438,0.13326665018251255,1.3242608000940226,1,0.16733593660805568
AWS_001,2020-01-06 18:40:00,1.68,997.83,81.4,18,1,6,-0.09000000000000008,-0.15999999999996817,0.30000000000001137,0.2403885743262538,0.13392784146059347,0.8304617189646419,1,0.157615930838445
AWS_001,2020-01-06 18:50:00,1.57,997.61,81.5,18,1,6,-0.10999999999999988,-0.22000000000002728,0.09999999999999432,0.2180290500520617,0.19436220496582313,0.5382068994965878,1,0.1346618156685117
AWS_001,2020-01-06 19:00:00,1.38,997.53,82.1,19,1,6,-0.19000000000000017,-0.08000000000004093,0.5999999999999943,0.23117093242865377,0.2373534636781263,0.5504543577800796,1,0.158098136696868
AWS_001,2020-01-06 19:10:00,1.22,997.49,83.1,19,1,6,-0.15999999999999992,-0.03999999999996362,1.0,0.2496998197835321,0.24318031729737635,0.8060190237617053,1,0.1395872309775371
AWS_001,2020-01-06 19:20:00,1.0,997.49,84.3,19,1,6,-0.21999999999999997,0.0,1.2000000000000028,0.29289360980839063,0.20733226165183427,1.2292273996291891,1,0.13412366980046364
AWS_001,2020-01-06 19:30:00,0.86,997.4,84.8,19,1,6,-0.14,-0.09000000000003183,0.5,0.3201093563142408,0.14945456407381216,1.445913782583819,1,0.15507127408113286
AWS_001,2020-01-06 19:40:00,0.52,997.29,85.6,19,1,6,-0.33999999999999997,-0.11000000000001364,0.7999999999999972,0.3787567381137624,0.11070983119504241,1.6020819787594847,1,0.12686596537564232
AWS_001,2020-01-06 19:50:00,0.24,997.25,86.3,19,1,6,-0.28,-0.03999999999996362,0.7000000000000028,0.42871902220440655,0.11600287377359444,1.5616230872608048,1,0.13820210191913845
AWS_001,2020-01-06 20:00:00,-0.03,997.24,87.6,20,1,6,-0.27,-0.009999999999990905,1.2999999999999972,0.47698008344153525,0.1155854664630235,1.5791347841986205,1,0.11278724139432189
AWS_001,2020-01-06 20:10:00,0.03,997.15,88.1,20,1,6,0.06,-0.09000000000003183,0.5,0.4301937547972464,0.12225656106985282,1.5144856112443141,1,0.14266677496050284
AWS_001,2020-01-06 20:20:00,0.17,997.04,87.7,20,1,6,0.14,-0.11000000000001364,-0.3999999999999915,0.33594146315474116,0.12286849362334971,1.3227496613744008,1,0.14126816346808047
AWS_001,2020-01-06 20:30:00,0.06,996.94,87.8,20,1,6,-0.11000000000000001,-0.09999999999990905,0.09999999999999432,0.19947430912244504,0.1370279778947551,0.9948199167015689,1,0.15583746163813444
AWS_001,2020-01-06 20:40:00,-0.25,996.91,88.6,20,1,6,-0.31,-0.030000000000086402,0.7999999999999972,0.171075032271044,0.14770466047651448,0.7678975626124485,1,0.14698564695500804
AWS_001,2020-01-06 20:50:00,-0.42,996.89,89.6,20,1,6,-0.16999999999999998,-0.01999999999998181,1.0,0.21951461606584363,0.14190372344306978,0.7607014306981225,1,0.13853531034852234
AWS_001,2020-01-06 21:00:00,-0.55,996.95,90.1,21,1,6,-0.13000000000000006,0.06000000000005912,0.5,0.2902412789385151,0.09797959002137772,0.9934787365613431,1,0.1342050988949307
AWS_001,2020-01-06 21:10:00,-0.66,996.82,90.4,21,1,6,-0.10999999999999999,-0.12999999999999545,0.30000000000001137,0.33339166156318417,0.07286974722911704,1.1673331429657126,1,0.12365320857741902
AWS_001,2020-01-06 21:20:00,-0.71,996.71,90.7,21,1,6,-0.04999999999999993,-0.11000000000001364,0.29999999999999716,0.28909629306949275,0.09099450566772548,1.1236844159577144,1,0.14592457442239926
AWS_001,2020-01-06 21:30:00,-0.88,996.67,90.6,21,1,6,-0.17000000000000004,-0.04000000000007731,-0.10000000000000853,0.22301718917275487,0.1134460226808458,0.7924645102460912,1,0.14308770414204341
AWS_001,2020-01-06 21:40:00,-1.18,996.62,91.5,21,1,6,-0.29999999999999993,-0.049999999999954525,0.9000000000000057,0.2678556825354107,0.13048627027081308,0.6369196704971943,1,0.12928585366823214
AWS_001,2020-01-06 21:50:00,-1.29,996.54,92.3,21,1,6,-0.1100000000000001,-0.08000000000004093,0.7999999999999972,0.2980883537921357,0.14688998171997536,0.81649658092748,1,0.1391762010432397
AWS_001,2020-01-06 22:00:00,-1.27,996.4,92.5,22,1,6,0.020000000000000018,-0.13999999999998636,0.20000000000000284,0.2840715872214276,0.14500574723254747,0.9092121131321713,1,0.13419677805041563
AWS_001,2020-01-06 22:10:00,-1.37,996.24,92.5,22,1,6,-0.10000000000000009,-0.15999999999996817,0.0,0.26196691903081365,0.17955500567961755,0.8818541073591892,1,0.1248807783319335
AWS_001,2020-01-06 22:20:00,-1.37,996.06,92.8,22,1,6,0.0,-0.18000000000006366,0.29999999999999716,0.18402898322409134,0.23634015048694543,0.8286535263101619,1,0.11516505841944319
AWS_001,2020-01-06 22:30:00,-1.35,996.01,92.5,22,1,6,0.020000000000000018,-0.049999999999954525,-0.29999999999999716,0.07422937423839278,0.2507920786889297,0.44609416046344297,1,0.13177307824312273
AWS_001,2020-01-06 22:40:00,-1.38,995.91,92.3,22,1,6,-0.029999999999999805,-0.10000000000002274,-0.20000000000000284,0.04665476038400383,0.24361171304784893,0.18348478592581918,1,0.10847799877365527
AWS_001,2020-01-06 22:50:00,-1.34,995.88,92.1,22,1,6,0.039999999999999813,-0.029999999999972715,-0.20000000000000284,0.040331955897135854,0.20106383746219156,0.23452078799027445,1,0.12342433379887385
AWS_001,2020-01-06 23:00:00,-1.3,995.83,92.1,23,1,6,0.040000000000000036,-0.049999999999954525,0.0,0.029268868554973706,0.14958832419616577,0.2714160398101962,1,0.1329166703705233
AWS_001,2020-01-06 23:10:00,-1.11,995.68,91.9,23,1,6,0.18999999999999995,-0.15000000000009095,-0.19999999999998863,0.1010775279995009,0.13516656417154418,0.3250640962429638,1,0.09993225668353195
AWS_001,2020-01-06 23:20:00,-1.16,995.59,91.1,23,1,6,-0.04999999999999982,-0.08999999999991815,-0.8000000000000114,0.11129540271947962,0.15513435060379682,0.48579831205924384,1,0.13159310442482952
AWS_001,2020-01-06 23:30:00,-1.04,995.48,91.5,23,1,6,0.11999999999999988,-0.11000000000001364,0.4000000000000057,0.13746514709733884,0.17290652601330292,0.45018514709648977,1,0.1338217316587405
AWS_001,2020-01-06 23:40:00,-0.77,995.47,90.7,23,1,6,0.27,-0.009999999999990905,-0.7999999999999972,0.20562101059918475,0.17375269802775178,0.5750362307422913,1,0.10598359396095897
AWS_001,2020-01-06 23:50:00,-0.71,995.39,89.6,23,1,6,0.06000000000000005,-0.08000000000004093,-1.1000000000000085,0.23019556902736826,0.1615755759366542,0.9159694318041793,1,0.13548356144780466
AWS_001,2020-01-07 00:00:00,-0.8,995.38,89.6,0,1,7,-0.09000000000000008,-0.009999999999990905,0.0,0.19405325729423759,0.11686174198546583,0.9647106647417005,1,0.1497518887957125
AWS_001,2020-01-07 00:10:00,-0.71,995.42,89.9,0,1,7,0.09000000000000008,0.03999999999996362,0.30000000000001137,0.189182451617055,0.07765307510697328,0.8148619514983646,1,0.13766133668450853
AWS_001,2020-01-07 00:20:00,-0.43,995.27,89.2,0,1,7,0.27999999999999997,-0.14999999999997726,-0.7000000000000028,0.19612920911101053,0.07626707507606867,0.8565434412021388,1,0.10579839993842388
AWS_001,2020-01-07 00:30:00,-0.31,995.21,87.8,0,1,7,0.12,-0.05999999999994543,-1.4000000000000057,0.2016349837367389,0.09750213710997041,0.9584710046039029,1,0.13254875902339097
AWS_001,2020-01-07 00:40:00,-0.39,995.17,87.6,0,1,7,-0.08000000000000002,-0.04000000000007731,-0.20000000000000284,0.20536958554400722,0.10443498810937556,0.9954898291794603,1,0.14509794779677865
AWS_001,2020-01-07 00:50:00,-0.48,995.07,87.8,0,1,7,-0.08999999999999997,-0.09999999999990905,0.20000000000000284,0.19245778757912613,0.1315548050883053,1.0310189135024428,1,0.14154547023415548
AWS_001,2020-01-07 01:00:00,-0.55,994.8,87.9,1,1,7,-0.07000000000000006,-0.2700000000000955,0.10000000000000853,0.13948715591953345,0.20972998532062423,0.9479803092187253,1,0.1000444433056486
AWS_001,2020-01-07 01:10:00,-0.28,994.67,87.7,1,1,7,0.27,-0.12999999999999545,-0.20000000000000284,0.10211105065820678,0.24235648690220596,0.5966573556068531,1,0.09872680205500994
AWS_001,2020-01-07 01:20:00,0.21,994.66,85.0,1,1,7,0.49,-0.009999999999990905,-2.700000000000003,0.26966646065067146,0.25019992021923637,1.1313708498983748,1,0.06929015748256939
AWS_001,2020-01-07 01:30:00,0.16,994.55,84.7,1,1,7,-0.04999999999999999,-0.11000000000001364,-0.29999999999999716,0.32811075365877557,0.24754797530694667,1.503883860764006,1,0.1220075970987114
AWS_001,2020-01-07 01:40:00,0.08,994.52,85.0,1,1,7,-0.08,-0.029999999999972715,0.29999999999999716,0.3358968095509878,0.20173414868604064,1.593423986263482,1,0.12890044730138434
AWS_001,2020-01-07 01:50:00,-0.02,994.7,85.4,1,1,7,-0.1,0.18000000000006366,0.4000000000000057,0.29350752403734964,0.10237187152671864,1.451550894732882,1,0.11111711099712801
AWS_001,2020-01-07 02:00:00,-0.01,994.68,85.6,2,1,7,0.01,-0.020000000000095497,0.19999999999998863,0.174202946779148,0.07536577525669673,1.0930080817022891,1,0.15407511117464245
AWS_001,2020-01-07 02:10:00,0.0,994.72,85.3,2,1,7,0.01,0.04000000000007731,-0.29999999999999716,0.09715966241127907,0.08304617237805552,0.3265986323708946,1,0.1498112855993357
AWS_001,2020-01-07 02:20:00,-0.06,994.75,85.5,2,1,7,-0.06,0.029999999999972715,0.20000000000000284,0.08043631020796556,0.09500877194515936,0.33911649915607034,1,0.147206129099905
AWS_001,2020-01-07 02:30:00,-0.03,994.82,85.6,2,1,7,0.03,0.07000000000005002,0.09999999999999432,0.04718756898312912,0.10008329903720736,0.22803508501953168,1,0.14082530789157022
AWS_001,2020-01-07 02:40:00,-0.11,994.76,85.7,2,1,7,-0.08,-0.06000000000005912,0.10000000000000853,0.04070217029270559,0.04996665634048955,0.1471960144383365,1,0.13635606434034186
AWS_001,2020-01-07 02:50:00,-0.16,994.85,86.4,2,1,7,-0.05,0.09000000000003183,0.7000000000000028,0.06242328625229169,0.0628225019053879,0.3763863263543672,1,0.12680157350923893
AWS_001,2020-01-07 03:00:00,-0.08,995.01,86.4,3,1,7,0.08,0.15999999999996817,0.0,0.057154760663790036,0.10534071741362892,0.47081489639404966,1,0.14124250566534674
AWS_001,2020-01-07 03:10:00,0.16,995.36,85.6,3,1,7,0.24,0.35000000000002274,-0.8000000000000114,0.1105742586072188,0.23278745687373842,0.4179314138307153,1,0.08356944380180992
AWS_001,2020-01-07 03:20:00,0.22,995.64,85.2,3,1,7,0.06,0.2799999999999727,-0.3999999999999915,0.15427248620499753,0.3520037879672438,0.4833908011811368,1,0.08906844940333114
AWS_001,2020-01-07 03:30:00,0.25,995.72,85.1,3,1,7,0.03,0.08000000000004093,-0.10000000000000853,0.18304826321639747,0.40952004437165435,0.5645056834670004,1,0.10854367065842507
AWS_001,2020-01-07 03:40:00,0.48,995.89,84.8,3,1,7,0.22999999999999998,0.16999999999995907,-0.29999999999999716,0.23355941428226878,0.413638328423143,0.6823977334857979,1,0.08791439350223779
AWS_001,2020-01-07 03:50:00,0.56,996.07,84.3,3,1,7,0.08000000000000007,0.18000000000006366,-0.5,0.23045606956615589,0.38088055880087424,0.7174027227900484,1,0.10619375923509944
AWS_001,2020-01-07 04:00:00,0.63,996.14,84.1,4,1,7,0.06999999999999995,0.06999999999993634,-0.20000000000000284,0.19785516588290508,0.2905626726502844,0.5683308895352517,1,0.13637776772200638
AWS_001,2020-01-07 04:10:00,0.7,996.21,84.0,4,1,7,0.06999999999999995,0.07000000000005002,-0.09999999999999432,0.19876284025580634,0.23261556282826445,0.5192943930629472,1,0.15250237720740262
AWS_001,2020-01-07 04:20:00,0.75,996.25,83.9,4,1,7,0.050000000000000044,0.03999999999996362,-0.09999999999999432,0.18060084901948398,0.20422210148706976,0.4802776974486985,1,0.15828026019260505
AWS_001,2020-01-07 04:30:00,0.77,996.19,83.5,4,1,7,0.020000000000000018,-0.05999999999994543,-0.4000000000000057,0.11338724208023422,0.13080519893547227,0.433589667773545,1,0.16894712576022658
AWS_001,2020-01-07 04:40:00,0.91,996.15,83.2,4,1,7,0.14,-0.04000000000007731,-0.29999999999999716,0.12132600710440285,0.06274286202346346,0.40824829046384653,1,0.16839119481918108
AWS_001,2020-01-07 04:50:00,0.94,995.99,82.9,4,1,7,0.029999999999999916,-0.15999999999996817,-0.29999999999999716,0.12027745701737548,0.09027735080477009,0.481663783151689,1,0.1503498399444556
AWS_001,2020-01-07 05:00:00,0.74,995.98,83.5,5,1,7,-0.19999999999999996,-0.009999999999990905,0.5999999999999943,0.09867454923417325,0.11565754076232364,0.41472882706655934,1,0.1656626439583576
AWS_001,2020-01-07 05:10:00,0.39,995.9,84.8,5,1,7,-0.35,-0.08000000000004093,1.2999999999999972,0.19585709075726287,0.138804419005928,0.6623191577077191,1,0.13151725269562548
AWS_001,2020-01-07 05:20:00,0.32,996.03,85.6,5,1,7,-0.07,0.12999999999999545,0.7999999999999972,0.2630145750078553,0.10990905362699842,1.049603099588908,1,0.14518458138846724
AWS_001,2020-01-07 05:30:00,0.29,996.13,85.8,5,1,7,-0.030000000000000027,0.10000000000002274,0.20000000000000284,0.29996110859003006,0.09528903435995971,1.2649110640673331,1,0.14959248894861588
AWS_001,2020-01-07 05:40:00,0.35,996.35,85.8,5,1,7,0.06,0.22000000000002728,0.0,0.2691282222285312,0.15920636524858056,1.2580408048495877,1,0.12912954854650077
AWS_001,2020-01-07 05:50:00,0.53,996.51,85.5,5,1,7,0.18000000000000005,0.15999999999996817,-0.29999999999999716,0.17060676031902672,0.23486166155491142,0.8959166627910127,1,0.1352406416031272
AWS_001,2020-01-07 06:00:00,0.72,996.53,84.8,6,1,7,0.18999999999999995,0.01999999999998181,-0.7000000000000028,0.16354408172279944,0.2611066194762153,0.4665476038590005,1,0.14274304853989506
AWS_001,2020-01-07 06:10:00,0.95,996.56,83.0,6,1,7,0.22999999999999998,0.029999999999972715,-1.7999999999999972,0.2632615936033153,0.22489256709248442,1.0852035139394784,1,0.1120490287289837
AWS_001,2020-01-07 06:20:00,0.61,996.53,84.6,6,1,7,-0.33999999999999997,-0.029999999999972715,1.5999999999999943,0.24361855430137552,0.16706286261805794,1.066614582061676,1,0.12452289109372588
AWS_001,2020-01-07 06:30:00,0.47,996.62,85.4,6,1,7,-0.14,0.09000000000003183,0.8000000000000114,0.21030929603774856,0.09025888727540328,1.0114346246791939,1,0.14891927574310526
AWS_001,2020-01-07 06:40:00,0.9,996.79,84.2,6,1,7,0.43000000000000005,0.16999999999995907,-1.2000000000000028,0.1963330503673882,0.10526157924411254,0.9174239296348354,1,0.09721917687515502
AWS_001,2020-01-07 06:50:00,0.84,996.9,84.0,6,1,7,-0.06000000000000005,0.11000000000001364,-0.20000000000000284,0.1841104740816375,0.1547578756136941,0.8164965809277092,1,0.1613368171119518
AWS_001,2020-01-07 07:00:00,0.7,997.03,84.8,7,1,7,-0.14,0.12999999999999545,0.7999999999999972,0.18490538120860225,0.20153577034980438,0.8164965809277092,1,0.14619717288605188
AWS_001,2020-01-07 07:10:00,0.66,997.07,85.8,7,1,7,-0.039999999999999925,0.04000000000007731,1.0,0.15629032812865745,0.21814368368081088,0.692820323027515,1,0.14796455606056863
AWS_001,2020-01-07 07:20:00,0.9,997.05,85.1,7,1,7,0.24,-0.020000000000095497,-0.7000000000000028,0.16849332330955588,0.17787636173050994,0.6940220937885282,1,0.15394901061057104
AWS_001,2020-01-07 07:30:00,1.02,997.17,84.8,7,1,7,0.12,0.12000000000000455,-0.29999999999999716,0.13530213104962005,0.13511723327698022,0.6462713568359786,1,0.16279144428919734
AWS_001,2020-01-07 07:40:00,0.98,997.26,85.7,7,1,7,-0.040000000000000036,0.09000000000003183,0.9000000000000057,0.14628738838294428,0.12361229737017744,0.6653319973265992,1,0.15079101937641215
AWS_001,2020-01-07 07:50:00,1.15,997.24,86.5,7,1,7,0.16999999999999993,-0.01999999999998181,0.7999999999999972,0.19020164738132778,0.10033277992435027,0.671565335615162,1,0.16306640215135465
AWS_001,2020-01-07 08:00:00,1.47,997.38,86.0,8,1,7,0.32000000000000006,0.13999999999998636,-0.5,0.2699629604221827,0.12469963937483557,0.6156297588647648,1,0.13594843831199627
AWS_001,2020-01-07 08:10:00,1.33,997.58,85.8,8,1,7,-0.1399999999999999,0.20000000000004547,-0.20000000000000284,0.2203103871055102,0.18275666898785842,0.6156297588647648,1,0.14088668955317113
AWS_001,2020-01-07 08:20:00,1.56,997.87,85.5,8,1,7,0.22999999999999998,0.2899999999999636,-0.29999999999999716,0.23945076042181154,0.26462552168124714,0.5636192568272914,1,0.09482620181609608
AWS_001,2020-01-07 08:30:00,1.65,998.16,84.6,8,1,7,0.08999999999999986,0.2899999999999636,-0.9000000000000057,0.2551600804722158,0.36837028480006234,0.6306081720581728,1,0.07671915908095822
AWS_001,2020-01-07 08:40:00,1.43,998.43,85.2,8,1,7,-0.21999999999999997,0.2699999999999818,0.6000000000000085,0.176229017663353,0.4618513469960179,0.6603029607686824,1,0.07149212697668667
AWS_001,2020-01-07 08:50:00,1.46,998.67,85.7,8,1,7,0.030000000000000027,0.2400000000000091,0.5,0.11021191708065084,0.49714183092287767,0.5046450898072449,1,0.08527493483612114
AWS_001,2020-01-07 09:00:00,1.47,998.77,85.6,9,1,7,0.010000000000000009,0.10000000000002274,-0.10000000000000853,0.11021191708065084,0.4648727424984686,0.44271887242346036,1,0.11534679946426663
AWS_001,2020-01-07 09:10:00,1.41,998.89,86.6,9,1,7,-0.06000000000000005,0.12000000000000455,1.0,0.09114091653364448,0.39088361445518005,0.6562519841239006,1,0.10944106240077689
AWS_001,2020-01-07 09:20:00,1.5,999.04,87.8,9,1,7,0.09000000000000008,0.14999999999997726,1.2000000000000028,0.08594571930347887,0.320124975670257,1.132107179849384,1,0.1041801489012289
AWS_001,2020-01-07 09:30:00,1.71,999.17,87.4,9,1,7,0.20999999999999996,0.12999999999999545,-0.3999999999999915,0.10911767348414625,0.2655120839305197,1.0553040636074937,1,0.13907894961904138
AWS_001,2020-01-07 09:40:00,1.77,999.38,88.3,9,1,7,0.06000000000000005,0.21000000000003638,0.8999999999999915,0.1486831082086827,0.2637170201405554,1.1171392035014154,1,0.12718992535955526
AWS_001,2020-01-07 09:50:00,1.62,999.5,89.3,9,1,7,-0.1499999999999999,0.12000000000000455,1.0,0.14282856857060902,0.2814782408002421,1.296148139681467,1,0.11914217274340116
AWS_001,2020-01-07 10:00:00,1.56,999.6,90.0,10,1,7,-0.06000000000000005,0.10000000000002274,0.7000000000000028,0.1333791587915058,0.27601932307273574,1.2500666648888514,1,0.13344356298413113
AWS_001,2020-01-07 10:10:00,1.82,999.73,90.1,10,1,7,0.26,0.12999999999999545,0.09999999999999432,0.12436505404091173,0.2614319542603651,1.1478966271691418,1,0.1331786600071641
AWS_001,2020-01-07 10:20:00,1.96,999.88,89.0,10,1,7,0.1399999999999999,0.14999999999997726,-1.0999999999999943,0.14380542409775457,0.2527185523606186,1.0342469079800432,1,0.14279557232655782
AWS_001,2020-01-07 10:30:00,1.83,999.97,89.4,10,1,7,-0.1299999999999999,0.09000000000003183,0.4000000000000057,0.1471054043872481,0.2259793501764425,0.6655824516914534,1,0.16162630584258464
AWS_001,2020-01-07 10:40:00,1.76,1000.14,89.6,10,1,7,-0.07000000000000006,0.16999999999995907,0.19999999999998863,0.1470260747847211,0.2390536900052712,0.42268979957678016,1,0.15298020188728145
AWS_001,2020-01-07 10:50:00,2.05,1000.27,89.5,10,1,7,0.2899999999999998,0.12999999999999545,-0.09999999999999432,0.16923356641026732,0.25007332265577875,0.4049691346258248,1,0.14267937457023766
AWS_001,2020-01-07 11:00:00,2.28,1000.42,89.4,11,1,7,0.22999999999999998,0.14999999999997726,-0.09999999999999432,0.19308029417820657,0.2565475914971683,0.35777087639939964,1,0.14027743440371043
AWS_001,2020-01-07 11:10:00,2.64,1000.44,89.6,11,1,7,0.3600000000000003,0.020000000000095497,0.19999999999998863,0.3266598638746648,0.2318332735007002,0.22286019533839593,1,0.13201092031881329
AWS_001,2020-01-07 11:20:00,2.85,1000.53,90.5,11,1,7,0.20999999999999996,0.08999999999991815,0.9000000000000057,0.44003408958846973,0.21078424996784564,0.41793141383036453,1,0.1258030022846638
AWS_001,2020-01-07 11:30:00,3.08,1000.65,91.5,11,1,7,0.22999999999999998,0.12000000000000455,1.0,0.5015442818601643,0.1819248930197954,0.8280499179797173,1,0.10850868004309494
AWS_001,2020-01-07 11:40:00,3.27,1000.7,91.3,11,1,7,0.18999999999999995,0.05000000000006821,-0.20000000000000284,0.46779268912625244,0.1589234617654216,0.9402127418831971,1,0.13913687996317803
AWS_001,2020-01-07 11:50:00,3.31,1000.75,91.5,11,1,7,0.040000000000000036,0.049999999999954525,0.20000000000000284,0.3979321550214038,0.13847984221122972,0.9542885657211614,1,0.15801884972657976
AWS_001,2020-01-07 12:00:00,3.37,1000.82,91.6,12,1,7,0.06000000000000005,0.07000000000005002,0.09999999999999432,0.28959742171962094,0.14133883648275664,0.7949842765737234,1,0.16529114392056593
AWS_001,2020-01-07 12:10:00,3.44,1000.92,91.5,12,1,7,0.06999999999999984,0.09999999999990905,-0.09999999999999432,0.21817424229269225,0.13556056468477934,0.4119061381747964,1,0.16793923485696333
AWS_001,2020-01-07 12:20:00,3.51,1000.9,91.1,12,1,7,0.06999999999999984,-0.01999999999998181,-0.4000000000000057,0.15006665185841447,0.10881176420999697,0.18348478592532505,1,0.18008938182727885
AWS_001,2020-01-07 12:30:00,3.62,1000.91,91.4,12,1,7,0.11000000000000032,0.009999999999990905,0.30000000000001137,0.13084341787036152,0.09244818384806049,0.17888543819829966,1,0.17230235578128728
AWS_001,2020-01-07 12:40:00,3.77,1000.97,91.0,12,1,7,0.1499999999999999,0.06000000000005912,-0.4000000000000057,0.16966633922693078,0.07935153871507288,0.24289915602859474,1,0.16706405201084212
AWS_001,2020-01-07 12:50:00,3.85,1000.94,90.7,12,1,7,0.08000000000000007,-0.029999999999972715,-0.29999999999999716,0.18875027593800098,0.05059644285454182,0.3430257521908338,1,0.178290821733032
AWS_001,2020-01-07 13:00:00,4.05,1000.92,90.3,13,1,7,0.19999999999999973,-0.020000000000095497,-0.4000000000000057,0.2279181139503308,0.02503331172801514,0.4472135954993463,1,0.1623286356785395
AWS_001,2020-01-07 13:10:00,4.54,1000.91,88.5,13,1,7,0.4900000000000002,-0.009999999999990905,-1.7999999999999972,0.3691612113968863,0.02588435877935451,1.048808848169922,1,0.10076289307070707
AWS_001,2020-01-07 13:20:00,5.04,1000.85,86.5,13,1,7,0.5,-0.05999999999994543,-2.0,0.5420977771583522,0.03983298502685274,1.8768768384383379,1,0.0867093086414587
AWS_001,2020-01-07 13:30:00,5.52,1000.92,83.8,13,1,7,0.47999999999999954,0.06999999999993634,-2.700000000000003,0.7046535791910131,0.03970726251123816,2.843003107044813,1,0.031026708130868497
AWS_001,2020-01-07 13:40:00,5.72,1000.99,82.7,13,1,7,0.20000000000000018,0.07000000000005002,-1.0999999999999943,0.7686264805916578,0.045350487275332745,3.339710566301612,1,0.05593521692342329
AWS_001,2020-01-07 13:50:00,5.21,1000.95,83.1,13,1,7,-0.5099999999999998,-0.03999999999996362,0.3999999999999915,0.6241046920723534,0.04633213459465534,3.128205023118975,1,0.08766426003548483
AWS_001,2020-01-07 14:00:00,4.96,1000.99,84.1,14,1,7,-0.25,0.03999999999996362,1.0,0.42055915160660345,0.05357238121772899,2.2524801145996656,1,0.1246080909433363
AWS_001,2020-01-07 14:10:00,4.94,1001.04,84.5,14,1,7,-0.019999999999999574,0.049999999999954525,0.4000000000000057,0.32177114020175157,0.06623191599092093,1.3392784126786366,1,0.16800436875095537
AWS_001,2020-01-07 14:20:00,4.98,1001.13,84.3,14,1,7,0.040000000000000036,0.09000000000003183,-0.20000000000000284,0.3297524323894137,0.07420691811045299,0.7092249290601574,1,0.16998752637077796
AWS_001,2020-01-07 14:30:00,5.01,1001.26,84.1,14,1,7,0.02999999999999936,0.12999999999999545,-0.20000000000000284,0.3020375252625602,0.11593101409166737,0.7238784428344166,1,0.16527196417326767
AWS_001,2020-01-07 14:40:00,5.07,1001.28,83.5,14,1,7,0.0600000000000005,0.01999999999998181,-0.5999999999999943,0.09988326519856879,0.13905634359709765,0.527888877195793,1,0.18051249551957566
AWS_001,2020-01-07 14:50:00,5.07,1001.34,83.2,14,1,7,0.0,0.06000000000005912,-0.29999999999999716,0.05540758070932229,0.1413742080227847,0.49699094559193274,1,0.1778952406870452
AWS_001,2020-01-07 15:00:00,5.09,1001.46,82.9,15,1,7,0.019999999999999574,0.12000000000000455,-0.29999999999999716,0.05955389715818407,0.14945456397663545,0.6442049363365563,1,0.16927341789839112
AWS_001,2020-01-07 15:10:00,5.11,1001.53,82.8,15,1,7,0.020000000000000462,0.06999999999993634,-0.10000000000000853,0.04969909455978085,0.14445299129056524,0.6218252702062632,1,0.17638397180131044
AWS_001,2020-01-07 15:20:00,5.06,1001.55,83.4,15,1,7,-0.05000000000000071,0.01999999999998181,0.6000000000000085,0.03371448749023539,0.12691204313315071,0.47081489639465995,1,0.171733273980605
AWS_001,2020-01-07 15:30:00,5.05,1001.53,83.3,15,1,7,-0.009999999999999787,-0.01999999999998181,-0.10000000000000853,0.021679483390127666,0.11303391832489323,0.2786873995485506,1,0.17766918290106493
AWS_001,2020-01-07 15:40:00,5.1,1001.65,83.3,15,1,7,0.04999999999999982,0.12000000000000455,0.0,0.023664319133729985,0.1033440855817827,0.24289915603079293,1,0.1603958115849322
AWS_001,2020-01-07 15:50:00,5.14,1001.69,82.3,15,1,7,0.040000000000000036,0.04000000000007731,-1.0,0.033115957886344846,0.08542052851017935,0.41952353926864866,1,0.15766204638465325
AWS_001,2020-01-07 16:00:00,5.14,1001.76,81.6,16,1,7,0.0,0.06999999999993634,-0.7000000000000028,0.03847076812417239,0.09641922365675909,0.7139094246941919,1,0.15817547396067777
AWS_001,2020-01-07 16:10:00,5.1,1001.79,81.4,16,1,7,-0.040000000000000036,0.029999999999972715,-0.19999999999998863,0.03816630276474831,0.10666145831666801,0.9093954035514796,1,0.16863841209537828
AWS_001,2020-01-07 16:20:00,5.04,1001.85,82.7,16,1,7,-0.05999999999999961,0.06000000000005912,1.2999999999999972,0.042778499273158556,0.11391517322049104,0.8189424074177882,1,0.13400924391999114
AWS_001,2020-01-07 16:30:00,4.97,1001.91,83.5,16,1,7,-0.07000000000000028,0.05999999999994543,0.7999999999999972,0.06585337247802689,0.09710818720730782,0.8640987597880461,1,0.16259928255577732
AWS_001,2020-01-07 16:40:00,4.94,1002.16,83.7,16,1,7,-0.02999999999999936,0.25,0.20000000000000284,0.08619744775839917,0.16516658264313985,0.9521904571393444,1,0.13897688428163973
AWS_001,2020-01-07 16:50:00,4.85,1002.11,83.5,16,1,7,-0.09000000000000075,-0.049999999999954525,-0.20000000000000284,0.10764137989977043,0.16769019059402118,1.017185659880833,1,0.17838665350446925
AWS_001,2020-01-07 17:00:00,4.77,1002.14,84.2,17,1,7,-0.08000000000000007,0.029999999999972715,0.7000000000000028,0.12111977542935595,0.16231656319553886,0.9912954487271435,1,0.17442879849306148
AWS_001,2020-01-07 17:10:00,4.74,1002.19,84.4,17,1,7,-0.02999999999999936,0.05000000000006821,0.20000000000000284,0.1181101181104111,0.14310835063126404,0.6022181221676248,1,0.178467248204354
AWS_001,2020-01-07 17:20:00,4.8,1002.32,83.6,17,1,7,0.05999999999999961,0.12999999999999545,-0.8000000000000114,0.09311283477616664,0.13347908707523284,0.38686776379931853,1,0.1505843610693361
AWS_001,2020-01-07 17:30:00,4.94,1002.51,82.3,17,1,7,0.14000000000000057,0.18999999999994088,-1.2999999999999972,0.08555699854514265,0.15171244736546116,0.7359800721942898,1,0.11941939760479359
AWS_001,2020-01-07 17:40:00,4.94,1002.68,81.8,17,1,7,0.0,0.16999999999995907,-0.5,0.08555699854514265,0.22757416377573952,1.0392304845415612,1,0.14510557552664627
AWS_001,2020-01-07 17:50:00,4.94,1002.8,81.6,17,1,7,0.0,0.12000000000000455,-0.20000000000000284,0.0950263121459217,0.2679552201717049,1.2367969383319135,1,0.1455433976555382
AWS_001,2020-01-07 18:00:00,4.98,1002.83,80.8,18,1,7,0.040000000000000036,0.030000000000086402,-0.7999999999999972,0.09612491872587213,0.2614383292792154,1.3422617727802786,1,0.14374941015804
AWS_001,2020-01-07 18:10:00,4.97,1002.83,80.6,18,1,7,-0.010000000000000675,0.0,-0.20000000000000284,0.06524313501605898,0.2077899580877272,1.0925505327751763,1,0.16484779183654452
AWS_001,2020-01-07 18:20:00,4.82,1002.76,81.1,18,1,7,-0.14999999999999947,-0.07000000000005002,0.5,0.05741660619301549,0.12373358482975791,0.647044563123256,1,0.1693244758021737
AWS_001,2020-01-07 18:30:00,4.76,1002.77,80.3,18,1,7,-0.0600000000000005,0.009999999999990905,-0.7999999999999972,0.08998147957620342,0.05636192581094869,0.5819507424751678,1,0.16564592571424808
AWS_001,2020-01-07 18:40:00,4.8,1002.79,79.1,18,1,7,0.040000000000000036,0.01999999999998181,-1.2000000000000028,0.09600347215971851,0.029439203130487354,0.8518607084890394,1,0.15319820501384745
AWS_001,2020-01-07 18:50:00,4.76,1002.83,78.6,18,1,7,-0.040000000000000036,0.04000000000007731,-0.5,0.10087946603110425,0.03250640984351413,1.0028293307774276,1,0.16429208607454615
AWS_001,2020-01-07 19:00:00,4.69,1002.76,78.3,19,1,7,-0.0699999999999994,-0.07000000000005002,-0.29999999999999716,0.09444575162521714,0.032863353668664094,1.1535452599129088,1,0.15820718774564246
AWS_001,2020-01-07 19:10:00,4.56,1002.59,78.6,19,1,7,-0.13000000000000078,-0.16999999999995907,0.29999999999999716,0.0951665207240256,0.0827042926014568,1.1183320914055779,1,0.14310471276723502
AWS_001,2020-01-07 19:20:00,4.54,1002.6,78.4,19,1,7,-0.019999999999999574,0.009999999999990905,-0.19999999999998863,0.11058933040781103,0.10230672842786599,0.7467708260688938,1,0.17914364075591943
AWS_001,2020-01-07 19:30:00,4.53,1002.69,78.2,19,1,7,-0.009999999999999787,0.09000000000003183,-0.20000000000000284,0.11893976066359489,0.10019980047418597,0.32041639575347325,1,0.16591545948185177
AWS_001,2020-01-07 19:40:00,4.48,1002.67,78.4,19,1,7,-0.04999999999999982,-0.020000000000095497,0.20000000000000284,0.10764137989969887,0.09273618503717372,0.16020819787905666,1,0.17404023070184627
AWS_001,2020-01-07 19:50:00,4.41,1002.62,78.5,19,1,7,-0.07000000000000028,-0.049999999999954525,0.09999999999999432,0.0931128347761071,0.06473020945090538,0.14142135624080795,1,0.17235932596675863
AWS_001,2020-01-07 20:00:00,4.39,1002.51,78.5,20,1,7,-0.020000000000000462,-0.11000000000001364,0.0,0.07120393247595866,0.06408327927469135,0.13662601021640813,1,0.16136997928809976
AWS_001,2020-01-07 20:10:00,4.26,1002.57,79.0,20,1,7,-0.1299999999999999,0.06000000000005912,0.5,0.10521406750068688,0.0660302961977371,0.26832815730180726,1,0.15737548499786358
AWS_001,2020-01-07 20:20:00,4.04,1002.52,79.9,20,1,7,-0.21999999999999975,-0.05000000000006821,0.9000000000000057,0.17814787864777562,0.0758067720111398,0.6220932406006099,1,0.16142166880345327
AWS_001,2020-01-07 20:30:00,3.82,1002.52,80.9,20,1,7,-0.2200000000000002,0.0,1.0,0.2551600804724319,0.06493586592172255,1.0039920318413638,1,0.15414653848645726
AWS_001,2020-01-07 20:40:00,3.59,1002.49,81.4,20,1,7,-0.22999999999999998,-0.029999999999972715,0.5,0.33062062851556195,0.04792355040352579,1.2441864812000407,1,0.15817038045403603
AWS_001,2020-01-07 20:50:00,3.3,1002.39,82.0,20,1,7,-0.29000000000000004,-0.10000000000002274,0.5999999999999943,0.41274689580906343,0.06000000014138665,1.3819068950792506,1,0.1425914992948949
AWS_001,2020-01-07 21:00:00,3.11,1002.3,82.8,21,1,7,-0.18999999999999995,-0.09000000000003183,0.7999999999999972,0.43880139774922794,0.10054849584797208,1.3870832707522864,1,0.14050176018109556
AWS_001,2020-01-07 21:10:00,3.06,1002.13,83.2,21,1,7,-0.04999999999999982,-0.16999999999995907,0.4000000000000057,0.3966694677772266,0.1545854672490758,1.2263767773408032,1,0.13536626919024286
AWS_001,2020-01-07 21:20:00,3.06,1002.11,83.3,21,1,7,0.0,-0.01999999999998181,0.09999999999999432,0.31702786418020357,0.17568911942756774,0.9912954487272936,1,0.16258036516617025
AWS_001,2020-01-07 21:30:00,3.06,1002.17,83.2,21,1,7,0.0,0.05999999999994543,-0.09999999999999432,0.21397819203520835,0.15411035013619329,0.7791020472317839,1,0.16443049076958505
AWS_001,2020-01-07 21:40:00,2.86,1002.0,83.9,21,1,7,-0.20000000000000018,-0.16999999999995907,0.7000000000000028,0.14053469322549852,0.14023789319044538,0.6314005596033309,1,0.15292696430586578
AWS_001,2020-01-07 21:50:00,2.54,1001.73,84.9,21,1,7,-0.31999999999999984,-0.2699999999999818,1.0,0.2182124347204956,0.19418204522427723,0.7503332592926341,1,0.09761236819950875
AWS_001,2020-01-07 22:00:00,2.17,1001.64,86.4,22,1,7,-0.3700000000000001,-0.09000000000003183,1.5,0.3661921171552443,0.22464787265516786,1.2817956155334087,1,0.10681372398078437
AWS_001,2020-01-07 22:10:00,2.03,1001.73,86.8,22,1,7,-0.14000000000000012,0.09000000000003183,0.3999999999999915,0.4476159067771905,0.22464787265650218,1.5604486534329198,1,0.11984337782186416
AWS_001,2020-01-07 22:20:00,1.74,1001.82,88.1,22,1,7,-0.2899999999999998,0.09000000000003183,1.2999999999999972,0.5083699440367785,0.19934057963576604,1.868421793921417,1,0.08822342223029767
AWS_001,2020-01-07 22:30:00,1.66,1001.65,89.0,22,1,7,-0.08000000000000007,-0.17000000000007276,0.9000000000000057,0.46422695598878594,0.1337784238594373,1.9093628954882034,1,0.1096071200616307
AWS_001,2020-01-07 22:40:00,1.63,1001.49,89.0,22,1,7,-0.030000000000000027,-0.15999999999996817,0.0,0.3557199272835382,0.11236844170440408,1.625628083747024,1,0.12808400046113927
AWS_001,2020-01-07 22:50:00,1.68,1001.39,89.0,22,1,7,0.050000000000000044,-0.10000000000002274,0.0,0.22551422719331865,0.1569713350421643,1.182793304005523,1,0.1590692385685475
AWS_001,2020-01-07 23:00:00,1.71,1001.24,88.8,23,1,7,0.030000000000000027,-0.14999999999997726,-0.20000000000000284,0.1463443427898618,0.21933232021795643,0.8803408430831009,1,0.14046396187921112
AWS_001,2020-01-07 23:10:00,1.47,1001.08,88.8,23,1,7,-0.24,-0.15999999999996817,0.0,0.09537644712712218,0.2694253143758177,0.3488074922745953,1,0.12419711450087262
AWS_001,2020-01-07 23:20:00,1.48,1001.1,90.2,23,1,7,0.010000000000000009,0.01999999999998181,1.4000000000000057,0.10406728592561772,0.22580965441626077,0.531664054330214,1,0.1284003198612848
AWS_001,2020-01-07 23:30:00,1.79,1001.16,89.1,23,1,7,0.31000000000000005,0.05999999999994543,-1.1000000000000085,0.12847827313048632,0.16524728952392584,0.5282045058499327,1,0.12230476215069225
AWS_001,2020-01-07 23:40:00,1.84,1001.24,89.0,23,1,7,0.050000000000000044,0.08000000000004093,-0.09999999999999432,0.15535979745929543,0.11426577219525841,0.5282045058499327,1,0.1589969359443033
AWS_001,2020-01-07 23:50:00,1.74,1001.26,89.2,23,1,7,-0.10000000000000009,0.01999999999998181,0.20000000000000284,0.1586715685515011,0.07797435494384929,0.5231315959362741,1,0.1649481428306685
AWS_001,2020-01-08 00:00:00,1.58,1000.97,89.4,0,1,8,-0.15999999999999992,-0.2899999999999636,0.20000000000000284,0.161245154965742,0.10839741707863587,0.49159604012524133,1,0.10683289068673846
AWS_001,2020-01-08 00:10:00,1.36,1000.74,90.3,0,1,8,-0.21999999999999997,-0.2300000000000182,0.8999999999999915,0.18956968815343883,0.19620567447582707,0.5715476066495033,1,0.09624378679132661
AWS_001,2020-01-08 00:20:00,1.28,1000.6,90.9,0,1,8,-0.08000000000000007,-0.13999999999998636,0.6000000000000085,0.23395868581138568,0.27537247507809404,0.7713624310271369,1,0.11109083422110905
AWS_001,2020-01-08 00:30:00,1.23,1000.5,90.8,0,1,8,-0.050000000000000044,-0.10000000000002274,-0.10000000000000853,0.2531205246516374,0.3238363784871713,0.8382521498133578,1,0.11274799003228192
AWS_001,2020-01-08 00:40:00,1.05,1000.5,91.2,0,1,8,-0.17999999999999994,0.0,0.4000000000000057,0.249452734333744,0.3017559721024982,0.8294576541331056,1,0.10693984971381831
AWS_001,2020-01-08 00:50:00,1.3,1000.45,91.5,0,1,8,0.25,-0.049999999999954525,0.29999999999999716,0.17308957218709556,0.19734909855587046,0.7467708260682132,1,0.1312556197353007
AWS_001,2020-01-08 01:00:00,1.6,1000.49,90.4,1,1,8,0.30000000000000004,0.03999999999996362,-1.0999999999999943,0.1796292478038545,0.10689558784895199,0.45934736311413876,1,0.1175156697702307
AWS_001,2020-01-08 01:10:00,1.99,1000.49,89.1,1,1,8,0.3899999999999999,0.0,-1.3000000000000114,0.3357032419661491,0.05009990055178038,0.8455767262643525,1,0.10750170732352637
AWS_001,2020-01-08 01:20:00,2.05,1000.41,88.1,1,1,8,0.05999999999999983,-0.08000000000004093,-1.0,0.4147127519941822,0.036147845057032696,1.3197221929886083,1,0.13056398594611968
AWS_001,2020-01-08 01:30:00,2.05,1000.44,88.3,1,1,8,0.0,0.030000000000086402,0.20000000000000284,0.4283300907788217,0.03559026134159832,1.471960144387989,1,0.11897373072031997
AWS_001,2020-01-08 01:40:00,2.23,1000.4,88.1,1,1,8,0.18000000000000016,-0.04000000000007731,-0.20000000000000284,0.3483102065687067,0.03829708477840083,1.4110279940525965,1,0.14082266710534624
AWS_001,2020-01-08 01:50:00,2.43,1000.26,87.4,1,1,8,0.20000000000000018,-0.13999999999998636,-0.6999999999999886,0.27658030780699044,0.08502940689058149,1.0500793620802347,1,0.1350776585404943
AWS_001,2020-01-08 02:00:00,2.69,1000.34,86.6,2,1,8,0.2599999999999998,0.08000000000004093,-0.8000000000000114,0.2732764168382453,0.08049844741612519,0.850098033562546,1,0.13192365404979822
AWS_001,2020-01-08 02:10:00,3.1,1000.22,84.8,2,1,8,0.41000000000000014,-0.12000000000000455,-1.7999999999999972,0.4111325820218558,0.08848728743071775,1.3407709225169655,1,0.08429952493582099
AWS_001,2020-01-08 02:20:00,3.36,1000.16,83.5,2,1,8,0.2599999999999998,-0.06000000000005912,-1.2999999999999972,0.5084748436910459,0.10838204050455735,1.9232784509790593,1,0.10244975093328368
AWS_001,2020-01-08 02:30:00,3.63,1000.14,82.1,2,1,8,0.27,-0.01999999999998181,-1.4000000000000057,0.5473816462639611,0.10171856617365543,2.3489714060982525,1,0.09537208478041242
AWS_001,2020-01-08 02:40:00,3.7,1000.14,81.7,2,1,8,0.07000000000000028,0.0,-0.3999999999999915,0.5117584065422417,0.07974960838892385,2.3398717913596583,1,0.12416555005660035
AWS_001,2020-01-08 02:50:00,3.68,1000.01,81.5,2,1,8,-0.020000000000000018,-0.12999999999999545,-0.20000000000000284,0.40184574154766944,0.10852035157178294,2.019570911522406,1,0.11726960330518321
AWS_001,2020-01-08 03:00:00,3.57,999.89,82.1,3,1,8,-0.11000000000000032,-0.12000000000000455,0.5999999999999943,0.23389456314046495,0.12094075700936409,1.278149704325568,1,0.16050850123294264
AWS_001,2020-01-08 03:10:00,3.73,999.77,81.4,3,1,8,0.16000000000000014,-0.12000000000000455,-0.6999999999999886,0.1355605645705017,0.15992706683594074,0.7687652437519156,1,0.15841526957099722
AWS_001,2020-01-08 03:20:00,4.02,999.83,80.5,3,1,8,0.2899999999999996,0.06000000000005912,-0.9000000000000057,0.15664184200486636,0.15819818806578395,0.5924525297447936,1,0.14090629855784487
AWS_001,2020-01-08 03:30:00,4.36,999.67,78.7,3,1,8,0.34000000000000075,-0.16000000000008185,-1.7999999999999972,0.29425612426368036,0.1692040189871936,1.2367969383321373,1,0.09686400689422997
AWS_001,2020-01-08 03:40:00,4.12,999.55,79.5,3,1,8,-0.2400000000000002,-0.12000000000000455,0.7999999999999972,0.30316112327718636,0.16268579135586242,1.3060117406316845,1,0.14150936512305856
AWS_001,2020-01-08 03:50:00,4.13,999.36,79.8,3,1,8,0.009999999999999787,-0.18999999999994088,0.29999999999999716,0.28923462217841156,0.19701945769431325,1.2596295751798814,1,0.1442858083222237
AWS_001,2020-01-08 04:00:00,4.36,999.1,78.7,4,1,8,0.23000000000000043,-0.2599999999999909,-1.0999999999999943,0.23554192832705423,0.2755842279802493,1.0538817137933176,1,0.1010816081756209
AWS_001,2020-01-08 04:10:00,4.68,998.94,76.4,4,1,8,0.3199999999999994,-0.15999999999996817,-2.299999999999997,0.24020130446502602,0.3414918252503837,1.41797978358934,1,0.06465016116485589
AWS_001,2020-01-08 04:20:00,4.6,998.91,76.4,4,1,8,-0.08000000000000007,-0.030000000000086402,0.0,0.2320129306742133,0.3201718289414146,1.4976648490238131,1,0.1324055720701806
AWS_001,2020-01-08 04:30:00,4.32,998.63,77.2,4,1,8,-0.27999999999999936,-0.2799999999999727,0.7999999999999972,0.23310226654132665,0.3318684479068059,1.5323185047507457,1,0.07120871673057133
AWS_001,2020-01-08 04:40:00,4.09,998.66,78.4,4,1,8,-0.23000000000000043,0.029999999999972715,1.2000000000000028,0.23972206128494625,0.2746391572910825,1.3746514709802844,1,0.12596067153777202
AWS_001,2020-01-08 04:50:00,4.0,998.62,79.3,4,1,8,-0.08999999999999986,-0.03999999999996362,0.8999999999999915,0.2691034497487958,0.2009975125520526,1.2388166396478033,1,0.16064671198544794
AWS_001,2020-01-08 05:00:00,4.12,998.52,78.5,5,1,8,0.1200000000000001,-0.10000000000002274,-0.7999999999999972,0.2832960759818269,0.1708410568913025,1.2099586769810007,1,0.15945465310624785
AWS_001,2020-01-08 05:10:00,4.47,998.45,76.2,5,1,8,0.34999999999999964,-0.06999999999993634,-2.299999999999997,0.23627667397925603,0.15740605681018302,1.2548572295955782,1,0.10849780839358397
AWS_001,2020-01-08 05:20:00,4.61,998.51,75.4,5,1,8,0.14000000000000057,0.05999999999994543,-0.7999999999999972,0.2391164291024349,0.08312641009043459,1.4993331851198566,1,0.15510504787498586
AWS_001,2020-01-08 05:30:00,4.79,998.67,74.0,5,1,8,0.17999999999999972,0.15999999999996817,-1.4000000000000057,0.3220351947640242,0.09064583123961967,2.082946630777762,1,0.10067563100437865
AWS_001,2020-01-08 05:40:00,5.02,998.54,72.4,5,1,8,0.22999999999999954,-0.12999999999999545,-1.5999999999999943,0.3903545397029591,0.07985403384502245,2.6265312993887258,1,0.0795986072369112
AWS_001,2020-01-08 05:50:00,5.16,998.44,71.2,5,1,8,0.14000000000000057,-0.09999999999990905,-1.2000000000000028,0.3793019905036753,0.08280499212982609,2.652106081337797,1,0.11140840290214099
AWS_001,2020-01-08 06:00:00,5.4,998.35,69.43,6,1,8,0.2400000000000002,-0.09000000000003183,-1.769999999999996,0.3500523770333882,0.10856641617878635,2.579874027932876,1,0.08986444322159703
AWS_001,2020-01-08 06:10:00,5.52,998.36,68.53,6,1,8,0.11999999999999922,0.009999999999990905,-0.9000000000000057,0.3495520943532337,0.12122980954393124,2.639148852692771,1,0.12458198690754618
AWS_001,2020-01-08 06:20:00,5.63,998.26,67.78,6,1,8,0.11000000000000032,-0.10000000000002274,-0.75,0.3201041497180858,0.1481440742064424,2.3981214870539547,1,0.11722483315723403
AWS_001,2020-01-08 06:30:00,5.66,998.15,67.45,6,1,8,0.03000000000000025,-0.11000000000001364,-0.3299999999999983,0.2595701575041791,0.13594116395230488,1.969738561333324,1,0.1222825726834264
AWS_001,2020-01-08 06:40:00,5.61,997.98,68.53,6,1,8,-0.04999999999999982,-0.16999999999995907,1.0799999999999983,0.19001754304997234,0.16788885229321457,1.3537503462616833,1,0.12299237410860381
AWS_001,2020-01-08 06:50:00,5.33,997.79,70.7,6,1,8,-0.28000000000000025,-0.19000000000005457,2.1700000000000017,0.1342758355032005,0.2256915300259424,1.18250017618194,1,0.0921843719832885
AWS_001,2020-01-08 07:00:00,5.12,997.78,72.6,7,1,8,-0.20999999999999996,-0.009999999999990905,1.8999999999999915,0.21235975764430362,0.2431186268602885,1.9880316898891524,1,0.11023199438841036
AWS_001,2020-01-08 07:10:00,5.12,997.95,72.8,7,1,8,0.0,0.17000000000007276,0.20000000000000284,0.2551404841783144,0.19191143806573857,2.3949335411802153,1,0.12501219445981954
AWS_001,2020-01-08 07:20:00,5.14,998.07,72.9,7,1,8,0.019999999999999574,0.12000000000000455,0.10000000000000853,0.24963974042622863,0.1481440742232038,2.3676993052334865,1,0.13930873552417106
AWS_001,2020-01-08 07:30:00,5.09,998.1,73.3,7,1,8,-0.04999999999999982,0.029999999999972715,0.3999999999999915,0.20305171755016252,0.13575713631655503,1.8440580251182213,1,0.15687884353228088
AWS_001,2020-01-08 07:40:00,5.22,998.41,72.2,7,1,8,0.1299999999999999,0.30999999999994543,-1.0999999999999943,0.0898888202173569,0.23508863589462625,0.9152413160852437,1,0.09842204100910579
AWS_001,2020-01-08 07:50:00,5.26,998.7,72.1,7,1,8,0.040000000000000036,0.2900000000000773,-0.10000000000000853,0.06645800679176653,0.33283128868128525,0.450555213045789,1,0.10240433749258626
AWS_001,2020-01-08 08:00:00,5.27,999.02,72.2,8,1,8,0.009999999999999787,0.31999999999993634,0.10000000000000853,0.07659416862095624,0.41764817736518983,0.48751068364643796,1,0.08037672879103536
AWS_001,2020-01-08 08:10:00,5.31,999.26,72.7,8,1,8,0.040000000000000036,0.2400000000000091,0.5,0.08408329203872815,0.4875927262797619,0.4802776974516115,1,0.08715047321764674
AWS_001,2020-01-08 08:20:00,5.32,999.45,72.6,8,1,8,0.010000000000000675,0.19000000000005457,-0.10000000000000853,0.08408329203873496,0.5160103358641291,0.45350486951016517,1,0.09235963248621898
AWS_001,2020-01-08 08:30:00,5.26,999.27,73.7,8,1,8,-0.0600000000000005,-0.18000000000006366,1.1000000000000085,0.03669695718637887,0.3948375193882101,0.5980523945854743,1,0.08657086048811147
AWS_001,2020-01-08 08:40:00,5.24,999.17,74.2,8,1,8,-0.019999999999999574,-0.10000000000002274,0.5,0.031411250639524775,0.25928748532987633,0.8471520918166635,1,0.148298214864022
AWS_001,2020-01-08 08:50:00,5.5,999.07,72.8,8,1,8,0.2599999999999998,-0.09999999999990905,-1.4000000000000057,0.09479803092227453,0.15552063115466253,0.7554248252932398,1,0.1202238233497217
AWS_001,2020-01-08 09:00:00,5.49,999.02,74.3,9,1,8,-0.009999999999999787,-0.05000000000006821,1.5,0.11378341999932085,0.15552063115466253,0.7782458908784814,1,0.15789493197019222
AWS_001,2020-01-08 09:10:00,4.9,998.98,79.2,9,1,8,-0.5899999999999999,-0.03999999999996362,4.900000000000006,0.219248717214201,0.17686152789274515,2.422945865402076,1,0.0644020047911883
AWS_001,2020-01-08 09:20:00,4.37,998.94,83.9,9,1,8,-0.5300000000000002,-0.03999999999996362,4.700000000000003,0.430333204234502,0.12437845492454154,4.326083679264883,1,0.01943737252337141
AWS_001,2020-01-08 09:30:00,4.17,998.85,86.2,9,1,8,-0.20000000000000018,-0.09000000000003183,2.299999999999997,0.5701491033054954,0.11004544538564852,5.613079962611282,1,0.040479215515722866
AWS_001,2020-01-08 09:40:00,4.13,998.78,86.9,9,1,8,-0.040000000000000036,-0.07000000000005002,0.7000000000000028,0.6320126581011284,0.10825894905638005,6.073137574598592,1,0.06672192315238201
AWS_001,2020-01-08 09:50:00,4.15,998.72,86.7,9,1,8,0.020000000000000462,-0.05999999999994543,-0.20000000000000284,0.5509900180584453,0.11805366033313737,5.0984965104104525,1,0.09091920905687223
AWS_001,2020-01-08 10:00:00,4.27,998.74,85.9,10,1,8,0.11999999999999922,0.01999999999998181,-0.7999999999999972,0.2926032581272893,0.10728466829826656,2.944825971089051,1,0.14869332613022385
AWS_001,2020-01-08 10:10:00,4.39,998.73,84.6,10,1,8,0.1200000000000001,-0.009999999999990905,-1.3000000000000114,0.1141344236709583,0.08617811043978654,1.1983321743157997,1,0.17322423992224023
AWS_001,2020-01-08 10:20:00,4.33,998.87,85.9,10,1,8,-0.05999999999999961,0.13999999999998636,1.3000000000000114,0.10639548862632703,0.06431692404873796,0.8140434058863474,1,0.15475791675646994
AWS_001,2020-01-08 10:30:00,4.17,998.93,88.0,10,1,8,-0.16000000000000014,0.05999999999994543,2.0999999999999943,0.10639548862632703,0.08596510950543018,1.15007246148536,1,0.13029104165934147
AWS_001,2020-01-08 10:40:00,4.08,998.79,89.3,10,1,8,-0.08999999999999986,-0.13999999999998636,1.2999999999999972,0.11805366011564915,0.08571269870287418,1.6812693617225412,1,0.1313898042246709
AWS_001,2020-01-08 10:50:00,4.12,998.79,89.2,10,1,8,0.040000000000000036,0.0,-0.09999999999999432,0.12274635093028644,0.07756717552423982,1.958315602756663,1,0.17157281644698436
AWS_001,2020-01-08 11:00:00,4.12,998.89,89.0,11,1,8,0.0,0.10000000000002274,-0.20000000000000284,0.12734467663275154,0.07527726561549802,1.9714630776828626,1,0.16230399179021338
AWS_001,2020-01-08 11:10:00,4.14,998.91,89.2,11,1,8,0.019999999999999574,0.01999999999998181,0.20000000000000284,0.08831760866345831,0.0602218126448417,1.3306639946532959,1,0.17350839320894335
AWS_001,2020-01-08 11:20:00,4.24,998.93,88.8,11,1,8,0.10000000000000053,0.01999999999998181,-0.4000000000000057,0.05504543577837458,0.06623191615922681,0.4833908011812021,1,0.17717705634974135
AWS_001,2020-01-08 11:30:00,4.11,998.67,89.7,11,1,8,-0.1299999999999999,-0.2599999999999909,0.9000000000000057,0.05504543577837097,0.09879271254461304,0.30331501776188635,1,0.11240630201725776
AWS_001,2020-01-08 11:40:00,4.2,998.58,90.1,11,1,8,0.08999999999999986,-0.08999999999991815,0.3999999999999915,0.05282045058527572,0.14307340791459955,0.48027769744860416,1,0.17094820415027334
AWS_001,2020-01-08 11:50:00,4.2,998.56,90.4,11,1,8,0.0,-0.020000000000095497,0.30000000000001137,0.05231315959391814,0.17247222013815547,0.6377042156568322,1,0.18138738510935826
AWS_001,2020-01-08 12:00:00,4.22,998.7,90.6,12,1,8,0.019999999999999574,0.14000000000010004,0.19999999999998863,0.04969909455948605,0.16009372271598946,0.7014271166698459,1,0.1692380852416383
AWS_001,2020-01-08 12:10:00,4.33,998.78,91.0,12,1,8,0.11000000000000032,0.07999999999992724,0.4000000000000057,0.07118052168044729,0.13721030107090684,0.7745966692412994,1,0.16927177694039058
AWS_001,2020-01-08 12:20:00,4.49,998.76,91.6,12,1,8,0.16000000000000014,-0.01999999999998181,0.5999999999999943,0.13347908700130598,0.09071934773585946,0.6713171133423357,1,0.1720022444118125
AWS_001,2020-01-08 12:30:00,4.5,998.82,92.1,12,1,8,0.009999999999999787,0.06000000000005912,0.5,0.14151560573556765,0.10807404893568685,0.7607014306981486,1,0.17431720277274593
AWS_001,2020-01-08 12:40:00,4.48,998.89,92.7,12,1,8,-0.019999999999999574,0.06999999999993634,0.6000000000000085,0.13885243966182112,0.11321071821813788,0.8966604708580984,1,0.17196301295679295
AWS_001,2020-01-08 12:50:00,4.42,998.76,93.3,12,1,8,-0.0600000000000005,-0.12999999999999545,0.5999999999999943,0.11129540272045231,0.06442049404064733,1.0225784403487312,1,0.15525169622279894
AWS_001,2020-01-08 13:00:00,4.44,998.58,94.1,13,1,8,0.020000000000000462,-0.17999999999994998,0.7999999999999972,0.06345602151655064,0.1031018916055904,1.1360751148871804,1,0.13474889560035885
AWS_001,2020-01-08 13:10:00,4.59,998.5,94.6,13,1,8,0.14999999999999947,-0.08000000000004093,0.5,0.059217114643576874,0.1483801426061258,1.1570076346618432,1,0.1525591505304043
AWS_001,2020-01-08 13:20:00,4.7,998.37,94.6,13,1,8,0.11000000000000032,-0.12999999999999545,0.0,0.105530406360972,0.20215505613393797,1.0385887861255236,1,0.14677477571663572
AWS_001,2020-01-08 13:30:00,4.78,998.25,94.5,13,1,8,0.08000000000000007,-0.12000000000000455,-0.09999999999999432,0.1475691928104024,0.2387816297824283,0.7941452428023512,1,0.15081914185938383
AWS_001,2020-01-08 13:40:00,4.88,998.05,94.3,13,1,8,0.09999999999999964,-0.20000000000004547,-0.20000000000000284,0.18522958726955485,0.2513496901193871,0.4966554808572566,1,0.1356228831543777
AWS_001,2020-01-08 13:50:00,5.07,998.11,93.5,13,1,8,0.1900000000000004,0.06000000000005912,-0.7999999999999972,0.2209675692646334,0.2115655928019888,0.4226897995759354,1,0.14242088232341982
AWS_001,2020-01-08 14:00:00,5.15,998.11,92.5,14,1,8,0.08000000000000007,0.0,-1.0,0.21609411529869396,0.1755467650661884,0.8438009243885257,1,0.1640751441544307
AWS_001,2020-01-08 14:10:00,5.28,997.97,91.9,14,1,8,0.1299999999999999,-0.13999999999998636,-0.5999999999999943,0.22597935008918335,0.1440370324818856,1.1309288218093247,1,0.15197196947697938
AWS_001,2020-01-08 14:20:00,5.44,997.76,91.2,14,1,8,0.16000000000000014,-0.21000000000003638,-0.7000000000000028,0.24584547992604605,0.16570053327408316,1.3332916660152903,1,0.13196553793942006
AWS_001,2020-01-08 14:30:00,5.51,997.84,90.6,14,1,8,0.0699999999999994,0.08000000000004093,-0.6000000000000085,0.23625551139971196,0.14596803324041682,1.3952299690968464,1,0.1636017093215536
AWS_001,2020-01-08 14:40:00,5.57,997.89,90.9,14,1,8,0.0600000000000005,0.049999999999954525,0.30000000000001137,0.20215505600094225,0.14375905790028795,1.0948363652464763,1,0.17448620291808992
AWS_001,2020-01-08 14:50:00,5.7,997.73,89.8,14,1,8,0.1299999999999999,-0.15999999999996817,-1.1000000000000085,0.19954114028627856,0.14109098741271672,0.9565563234852364,1,0.14704952592229892
AWS_001,2020-01-08 15:00:00,5.92,997.73,88.5,15,1,8,0.21999999999999975,0.0,-1.2999999999999972,0.22090722034394147,0.0975704876648427,1.1923366415012173,1,0.154205900254473
AWS_001,2020-01-08 15:10:00,6.18,997.66,86.6,15,1,8,0.2599999999999998,-0.07000000000005002,-1.9000000000000057,0.281780056072272,0.0832866539753921,1.7606816861658774,1,0.12428914896732679
AWS_001,2020-01-08 15:20:00,6.43,997.61,85.0,15,1,8,0.25,-0.049999999999954525,-1.5999999999999943,0.36313909180932247,0.10576703990705702,2.353437202618074,1,0.11678556864598716
AWS_001,2020-01-08 15:30:00,6.48,997.77,84.7,15,1,8,0.05000000000000071,0.15999999999996817,-0.29999999999999716,0.378400140944441,0.09641922386553951,2.5576682088705285,1,0.12363785717449449
AWS_001,2020-01-08 15:40:00,6.43,997.95,85.6,15,1,8,-0.05000000000000071,0.18000000000006366,0.8999999999999915,0.32012497559564446,0.11703275922033028,2.047437422731274,1,0.1266950638449994
AWS_001,2020-01-08 15:50:00,6.34,998.04,86.0,15,1,8,-0.08999999999999986,0.08999999999991815,0.4000000000000057,0.21285362732822505,0.1681269363609861,1.3735598518693277,1,0.16754039910733481
AWS_001,2020-01-08 16:00:00,6.16,998.22,86.5,16,1,8,-0.17999999999999972,0.18000000000006366,0.5,0.13691846722332413,0.23636835672850592,0.7788880963703095,1,0.14446302464874616
AWS_001,2020-01-08 16:10:00,6.22,998.34,86.2,16,1,8,0.05999999999999961,0.12000000000000455,-0.29999999999999716,0.12847827313123705,0.2728674893201966,0.7033254343953321,1,0.16004356021964022
AWS_001,2020-01-08 16:20:00,6.07,998.31,87.8,16,1,8,-0.14999999999999947,-0.030000000000086402,1.5999999999999943,0.1600833116436013,0.22403124795415402,1.0269696522620633,1,0.13988155708087735
AWS_001,2020-01-08 16:30:00,6.06,998.31,88.5,16,1,8,-0.010000000000000675,0.0,0.7000000000000028,0.14827901627263249,0.16257306067999375,1.1325487480312268,1,0.16783140059028673
AWS_001,2020-01-08 16:40:00,6.05,998.35,87.3,16,1,8,-0.009999999999999787,0.04000000000007731,-1.2000000000000028,0.11454256850669314,0.11788412414224622,0.9853933224861788,1,0.1611105369712445
AWS_001,2020-01-08 16:50:00,6.01,998.54,86.8,16,1,8,-0.040000000000000036,0.18999999999994088,-0.5,0.0786765530517724,0.10597169460368555,0.8612007121844345,1,0.15007782652168133
AWS_001,2020-01-08 17:00:00,6.03,998.48,86.6,17,1,8,0.020000000000000462,-0.05999999999994543,-0.20000000000000284,0.07501111028890432,0.09745084259954438,0.8461678320524287,1,0.17746003108553166
AWS_001,2020-01-08 17:10:00,6.01,998.61,87.1,17,1,8,-0.020000000000000462,0.12999999999999545,0.5,0.025625508127115115,0.1281665585200048,0.7007139216543851,1,0.15339147237710093
AWS_001,2020-01-08 17:20:00,6.01,998.6,87.4,17,1,8,0.0,-0.009999999999990905,0.30000000000001137,0.022286019536302392,0.1270301803601136,0.6675827039902641,1,0.17059082161282751
AWS_001,2020-01-08 17:30:00,5.98,998.6,87.7,17,1,8,-0.02999999999999936,0.0,0.29999999999999716,0.02345207880136147,0.10119288539767742,0.403732584764125,1,0.1660221055057981
AWS_001,2020-01-08 17:40:00,5.95,998.6,87.6,17,1,8,-0.03000000000000025,0.0,-0.10000000000000853,0.028577380334300812,0.05154286295211196,0.4427188724239191,1,0.16509207768158513
AWS_001,2020-01-08 17:50:00,5.86,998.63,87.2,17,1,8,-0.08999999999999986,0.029999999999972715,-0.3999999999999915,0.06218252702142554,0.05354126185594,0.3983298465680845,1,0.16804070426955875
AWS_001,2020-01-08 18:00:00,5.91,998.69,87.2,18,1,8,0.04999999999999982,0.06000000000005912,0.0,0.05955389715853656,0.03544949535220861,0.24221202832832564,1,0.1613508538054973
AWS_001,2020-01-08 18:10:00,5.88,998.69,87.0,18,1,8,-0.03000000000000025,0.0,-0.20000000000000284,0.05845225972337356,0.04415880494203382,0.2664582518899709,1,0.17021935951114242
AWS_001,2020-01-08 18:20:00,5.83,998.6,87.6,18,1,8,-0.04999999999999982,-0.09000000000003183,0.5999999999999943,0.05636192568363477,0.04415880494203382,0.2857738033251396,1,0.1527521358018497
AWS_001,2020-01-08 18:30:00,5.88,998.59,87.3,18,1,8,0.04999999999999982,-0.009999999999990905,-0.29999999999999716,0.04135214625748267,0.04589843919562091,0.2401388487249299,1,0.16593415298800257
AWS_001,2020-01-08 18:40:00,5.79,998.57,87.3,18,1,8,-0.08999999999999986,-0.01999999999998181,0.0,0.042622372842978214,0.05154286294580638,0.19663841605075602,1,0.16197366549582481
AWS_001,2020-01-08 18:50:00,5.76,998.58,87.5,18,1,8,-0.03000000000000025,0.009999999999990905,0.20000000000000284,0.05845225972334336,0.05513619549876753,0.21369760566495433,1,0.16803878039622056
AWS_001,2020-01-08 19:00:00,5.96,998.66,87.3,19,1,8,0.20000000000000018,0.07999999999992724,-0.20000000000000284,0.07211102550996511,0.04847679913250279,0.2065591117983641,1,0.1491589969387419
AWS_001,2020-01-08 19:10:00,5.99,998.77,86.7,19,1,8,0.03000000000000025,0.11000000000001364,-0.5999999999999943,0.09239408350520191,0.07626707494485763,0.31251666622269136,1,0.1564030817489785
AWS_001,2020-01-08 19:20:00,6.03,998.95,86.6,19,1,8,0.040000000000000036,0.18000000000006366,-0.10000000000000853,0.11016654059544363,0.14922019541599243,0.3710345895829698,1,0.1559847448291511
AWS_001,2020-01-08 19:30:00,6.0,998.92,86.4,19,1,8,-0.03000000000000025,-0.030000000000086402,-0.19999999999998863,0.11617515511833122,0.1663029365927053,0.4546060565666196,1,0.18065646828117599
AWS_001,2020-01-08 19:40:00,5.97,998.84,86.9,19,1,8,-0.03000000000000025,-0.07999999999992724,0.5,0.09703951085392755,0.14583095254041695,0.4242640687124112,1,0.1743966253064848
AWS_001,2020-01-08 19:50:00,6.03,998.92,86.8,19,1,8,0.0600000000000005,0.07999999999992724,-0.10000000000000853,0.029439202889536026,0.11147496005025316,0.3060501048310831,1,0.1589154228536358
AWS_001,2020-01-08 20:00:00,5.93,998.98,86.9,20,1,8,-0.10000000000000053,0.06000000000005912,0.10000000000000853,0.038166302765280734,0.07763160901075833,0.19407902170801458,1,0.1531875841681773
AWS_001,2020-01-08 20:10:00,5.94,998.88,87.1,20,1,8,0.010000000000000675,-0.10000000000002274,0.19999999999998863,0.043665394384692635,0.049699095069449806,0.24832774043009512,1,0.15763077199214953
AWS_001,2020-01-08 20:20:00,5.92,998.9,86.7,20,1,8,-0.020000000000000462,0.01999999999998181,-0.3999999999999915,0.04324349662207451,0.046761808321354924,0.23664319132492254,1,0.16200250539431693
AWS_001,2020-01-08 20:30:00,5.76,998.95,87.1,20,1,8,-0.16000000000000014,0.05000000000006821,0.3999999999999915,0.09005553841992082,0.04996665605608712,0.1602081978772389,1,0.1531446127492483
AWS_001,2020-01-08 20:40:00,5.77,998.94,87.5,20,1,8,0.009999999999999787,-0.009999999999990905,0.4000000000000057,0.10571975532873337,0.036009258771020576,0.28577380332535995,1,0.16761306975047896
AWS_001,2020-01-08 20:50:00,5.83,998.91,87.3,20,1,8,0.0600000000000005,-0.030000000000086402,-0.20000000000000284,0.08232051182278892,0.036696957874696574,0.2828427124752341,1,0.1718469717815369
AWS_001,2020-01-08 21:00:00,5.8,998.87,87.3,21,1,8,-0.03000000000000025,-0.03999999999996362,0.0,0.07659416862114943,0.03188521157941453,0.27325202042618774,1,0.16707394100628137
AWS_001,2020-01-08 21:10:00,5.81,998.84,87.3,21,1,8,0.009999999999999787,-0.029999999999972715,0.0,0.05753259945541769,0.04167333341045526,0.27568097504237765,1,0.16675502091146277
AWS_001,2020-01-08 21:20:00,5.79,998.76,87.5,21,1,8,-0.019999999999999574,-0.08000000000004093,0.20000000000000284,0.02581988897658813,0.07139094282755128,0.15055453054273152,1,0.1563601220152891
AWS_001,2020-01-08 21:30:00,5.8,998.73,87.9,21,1,8,0.009999999999999787,-0.029999999999972715,0.4000000000000057,0.020000000002423236,0.08280499210932181,0.233809038890506,1,0.15617049184962
AWS_001,2020-01-08 21:40:00,5.78,998.63,87.6,21,1,8,-0.019999999999999574,-0.10000000000002274,-0.30000000000001137,0.01722401424650056,0.1033440857144499,0.2401388487248508,1,0.1523975279611013
AWS_001,2020-01-08 21:50:00,5.68,998.5,88.1,21,1,8,-0.10000000000000053,-0.12999999999999545,0.5,0.04844240566655106,0.13790093081493873,0.3250640962438874,1,0.14996859073648033
AWS_001,2020-01-08 22:00:00,5.6,998.5,88.5,22,1,8,-0.08000000000000007,0.0,0.4000000000000057,0.08453795991601308,0.1409964540465127,0.4400757510551968,1,0.16872793007029202
AWS_001,2020-01-08 22:10:00,5.61,998.65,88.4,22,1,8,0.010000000000000675,0.14999999999997726,-0.09999999999999432,0.0920869154662783,0.11052903112183231,0.4098780306384774,1,0.15900160394328644
AWS_001,2020-01-08 22:20:00,5.6,998.52,88.7,22,1,8,-0.010000000000000675,-0.12999999999999545,0.29999999999999716,0.0917423929639887,0.09579492012216849,0.40987803063841116,1,0.15576278788557996
AWS_001,2020-01-08 22:30:00,5.54,998.45,88.9,22,1,8,-0.05999999999999961,-0.06999999999993634,0.20000000000000284,0.08384509526555839,0.07985403384786859,0.46332134277048664,1,0.16789689635472427
AWS_001,2020-01-08 22:40:00,5.54,998.6,89.2,22,1,8,0.0,0.14999999999997726,0.29999999999999716,0.05205766034013611,0.07393691041582988,0.38815804341347665,1,0.14706399089084837
AWS_001,2020-01-08 22:50:00,5.47,998.6,89.9,22,1,8,-0.07000000000000028,0.0,0.7000000000000028,0.054037024345236134,0.07527726563601661,0.5537749241943924,1,0.15591046382947715
AWS_001,2020-01-08 23:00:00,5.47,998.62,90.2,23,1,8,0.0,0.01999999999998181,0.29999999999999716,0.060470378424096645,0.07420691828523816,0.7026141662864739,1,0.15806626088496079
AWS_001,2020-01-08 23:10:00,5.45,998.77,90.4,23,1,8,-0.019999999999999574,0.14999999999997726,0.20000000000000284,0.057763887219891556,0.10764138015257235,0.7120393247565007,1,0.14881631672152523
AWS_001,2020-01-08 23:20:00,5.37,998.6,91.1,23,1,8,-0.08000000000000007,-0.16999999999995907,0.6999999999999886,0.06345602151688076,0.10152175491483813,0.806845710157526,1,0.12814164524178584
AWS_001,2020-01-08 23:30:00,5.29,998.65,91.9,23,1,8,-0.08000000000000007,0.049999999999954525,0.8000000000000114,0.08818541073640926,0.06663332540038683,0.943927963352872,1,0.13930934620467766
AWS_001,2020-01-08 23:40:00,5.27,998.65,92.3,23,1,8,-0.020000000000000462,0.0,0.3999999999999915,0.09070097390186882,0.06369196747218997,0.9709102258530704,1,0.14947528277612515
AWS_001,2020-01-08 23:50:00,5.27,998.53,92.5,23,1,8,0.0,-0.12000000000000455,0.20000000000000284,0.0907009739018619,0.07890923089616111,0.979795897112916,1,0.1423484787878831
AWS_001,2020-01-09 00:00:00,5.27,998.55,92.9,0,1,9,0.0,0.01999999999998181,0.4000000000000057,0.07456540752975428,0.08666025648532126,0.9375499986663147,1,0.14104101087066556
AWS_001,2020-01-09 00:10:00,5.21,998.46,93.3,0,1,9,-0.05999999999999961,-0.08999999999991815,0.3999999999999915,0.051768716422920996,0.07447594726758107,0.7737355275969728,1,0.13303140174003436
AWS_001,2020-01-09 00:20:00,5.19,998.42,93.7,0,1,9,-0.019999999999999574,-0.04000000000007731,0.4000000000000057,0.04000000000094566,0.0950087718149184,0.6653319973258953,1,0.1400137489704696
AWS_001,2020-01-09 00:30:00,5.13,998.3,94.2,0,1,9,-0.0600000000000005,-0.12000000000000455,0.5,0.0575036230749096,0.12045746160300275,0.7259476565145149,1,0.12845189348868202
AWS_001,2020-01-09 00:40:00,5.07,998.25,94.7,0,1,9,-0.05999999999999961,-0.049999999999954525,0.5,0.0789936706329898,0.12155931360173342,0.8191458966501807,1,0.14747625057882546
AWS_001,2020-01-09 00:50:00,5.07,998.19,95.1,0,1,9,0.0,-0.05999999999994543,0.3999999999999915,0.08066391179913494,0.1373195788080295,0.8400396816016429,1,0.14455443185583444
AWS_001,2020-01-09 01:00:00,5.01,998.09,95.4,1,1,9,-0.0600000000000005,-0.10000000000002274,0.30000000000001137,0.07737355276020985,0.13953494206936126,0.8148619514976948,1,0.13499094485596752
AWS_001,2020-01-09 01:10:00,5.07,998.09,95.7,1,1,9,0.0600000000000005,0.0,0.29999999999999716,0.06196773353987873,0.12801041647355896,0.7536577472557076,1,0.14551410629834755
AWS_001,2020-01-09 01:20:00,5.07,998.06,95.8,1,1,9,0.0,-0.030000000000086402,0.09999999999999432,0.03794733192292473,0.09831920832929751,0.6156297588636219,1,0.14204219354638736
AWS_001,2020-01-09 01:30:00,5.08,998.03,96.0,1,1,9,0.009999999999999787,-0.029999999999972715,0.20000000000000284,0.02562550812637627,0.08400396851978915,0.4847679857400122,1,0.13649377495405096
AWS_001,2020-01-09 01:40:00,5.12,998.03,96.1,1,1,9,0.040000000000000036,0.0,0.09999999999999432,0.035213633724292204,0.05946988084343555,0.37638632635239627,1,0.13092738662993986
AWS_001,2020-01-09 01:50:00,5.11,997.93,96.1,1,1,9,-0.009999999999999787,-0.10000000000002274,0.0,0.03881580434224589,0.05946988084795442,0.273861278749575,1,0.11889498889711336
AWS_001,2020-01-09 02:00:00,5.07,997.89,96.3,2,1,9,-0.040000000000000036,-0.03999999999996362,0.20000000000000284,0.022509257356382515,0.07791020511987447,0.2190890229982412,1,0.13225973789560014
AWS_001,2020-01-09 02:10:00,5.13,997.75,96.4,2,1,9,0.05999999999999961,-0.13999999999998636,0.10000000000000853,0.026583202717810738,0.11737404623340573,0.21369760566035195,1,0.12283724441162586
AWS_001,2020-01-09 02:20:00,5.14,997.73,96.5,2,1,9,0.009999999999999787,-0.01999999999998181,0.09999999999999432,0.027868739956026786,0.1310979280152633,0.19663841604564944,1,0.13767177773673517
AWS_001,2020-01-09 02:30:00,5.14,997.57,96.6,2,1,9,0.0,-0.15999999999996817,0.09999999999999432,0.026394443861104594,0.16524728963237678,0.20655911179350384,1,0.12034249187538221
AWS_001,2020-01-09 02:40:00,5.19,997.54,96.6,2,1,9,0.05000000000000071,-0.030000000000086402,0.0,0.039496835317158925,0.1597185025762713,0.19407902170225513,1,0.13539368042688138
AWS_001,2020-01-09 02:50:00,5.2,997.46,96.7,2,1,9,0.009999999999999787,-0.07999999999992724,0.10000000000000853,0.0467974358279525,0.16020819808254796,0.1471960144327491,1,0.13541400900975264
AWS_001,2020-01-09 03:00:00,5.2,997.48,96.7,3,1,9,0.0,0.01999999999998181,0.0,0.03326659986741682,0.12416387048458881,0.11690451943733665,1,0.1347206300693089
AWS_001,2020-01-09 03:10:00,5.22,997.43,96.7,3,1,9,0.019999999999999574,-0.05000000000006821,0.0,0.033714487490385844,0.10858176673696274,0.08164965808175469,1,0.13503750317866225
AWS_001,2020-01-09 03:20:00,5.3,997.33,96.7,3,1,9,0.08000000000000007,-0.09999999999990905,0.0,0.05231315959431622,0.0851860712511878,0.05163977793195982,1,0.1300032908055167
AWS_001,2020-01-09 03:30:00,5.28,997.25,96.6,3,1,9,-0.019999999999999574,-0.08000000000004093,-0.10000000000000853,0.046654760386709695,0.10634848409449249,0.05163977793195982,1,0.13668690507265696
AWS_001,2020-01-09 03:40:00,5.27,997.17,96.6,3,1,9,-0.010000000000000675,-0.08000000000004093,0.0,0.043703546767684044,0.1250066667687151,0.05163977793195982,1,0.13461064438203113
AWS_001,2020-01-09 03:50:00,5.28,997.04,96.6,3,1,9,0.010000000000000675,-0.12999999999999545,0.0,0.039200340135543806,0.16464102385943952,0.05477225573407279,1,0.12199128843916157
AWS_001,2020-01-09 04:00:00,5.21,996.93,96.5,4,1,9,-0.07000000000000028,-0.11000000000001364,-0.09999999999999432,0.03633180425021197,0.18508556599205983,0.07527726525898014,1,0.12728271538633085
AWS_001,2020-01-09 04:10:00,5.25,996.8,96.7,4,1,9,0.040000000000000036,-0.12999999999999545,0.20000000000000284,0.03146426544631086,0.20086479716436395,0.07527726525898014,1,0.1198308434780545
AWS_001,2020-01-09 04:20:00,5.25,996.57,96.6,4,1,9,0.0,-0.2299999999999045,-0.10000000000000853,0.02658320271792424,0.2502798435246671,0.06324555318919034,1,0.11203423422092512
AWS_001,2020-01-09 04:30:00,5.22,996.53,96.7,4,1,9,-0.03000000000000025,-0.04000000000007731,0.10000000000000853,0.027325202043934793,0.2559687482412434,0.07527726525898014,1,0.13527785970997436
AWS_001,2020-01-09 04:40:00,5.27,996.46,96.8,4,1,9,0.04999999999999982,-0.06999999999993634,0.09999999999999432,0.027325202043934793,0.23625551156382585,0.1048808848084289,1,0.12923822325061557
AWS_001,2020-01-09 04:50:00,5.23,996.26,96.8,4,1,9,-0.03999999999999915,-0.20000000000004547,0.0,0.022286019535608385,0.24061726194490185,0.11690451943727476,1,0.11168419386281342
AWS_001,2020-01-09 05:00:00,5.22,996.06,96.9,5,1,9,-0.010000000000000675,-0.20000000000004547,0.10000000000000853,0.02000000000187297,0.25750080921742635,0.10488088480836004,1,0.1116832542853709
AWS_001,2020-01-09 05:10:00,5.21,995.92,96.9,5,1,9,-0.009999999999999787,-0.13999999999998636,0.0,0.022509257356503467,0.266458252044789,0.11690451943721945,1,0.11306515324686894
AWS_001,2020-01-09 05:20:00,5.25,995.87,97.0,5,1,9,0.040000000000000036,-0.049999999999954525,0.09999999999999432,0.022509257356503467,0.2776088376670449,0.10488088480829838,1,0.12561535254619455
AWS_001,2020-01-09 05:30:00,5.27,995.8,97.0,5,1,9,0.019999999999999574,-0.07000000000005002,0.0,0.025625508126506654,0.254276752284461,0.08944271908973404,1,0.13138187917188926
AWS_001,2020-01-09 05:40:00,5.36,995.68,97.2,5,1,9,0.09000000000000075,-0.12000000000000455,0.20000000000000284,0.05501514942942821,0.20439341171847053,0.13662601020604484,1,0.12630679648354137
AWS_001,2020-01-09 05:50:00,5.45,995.54,97.2,5,1,9,0.08999999999999986,-0.13999999999998636,0.0,0.09352361555641366,0.18334848446438218,0.13662601020601087,1,0.12634132981061463
AWS_001,2020-01-09 06:00:00,5.47,995.37,97.1,6,1,9,0.019999999999999574,-0.16999999999995907,-0.10000000000000853,0.10876580344979242,0.2107763429723273,0.12110601415623042,1,0.13198536343679523
AWS_001,2020-01-09 06:10:00,5.49,995.17,97.0,6,1,9,0.020000000000000462,-0.20000000000004547,-0.09999999999999432,0.10438710009741353,0.26678955518969566,0.09831920801556188,1,0.11880839702799634
AWS_001,2020-01-09 06:20:00,5.47,994.95,97.0,6,1,9,-0.020000000000000462,-0.2199999999999136,0.0,0.08588752334739251,0.32008852956669753,0.09831920801556188,1,0.10537604089467384
AWS_001,2020-01-09 06:30:00,5.51,994.88,97.1,6,1,9,0.040000000000000036,-0.07000000000005002,0.09999999999999432,0.052313159594411913,0.3210451683102983,0.08944271908958565,1,0.12074452320895934
AWS_001,2020-01-09 06:40:00,5.62,994.88,97.0,6,1,9,0.11000000000000032,0.0,-0.09999999999999432,0.06145459028219246,0.2773745964642429,0.08164965808139668,1,0.13156796435170842
AWS_001,2020-01-09 06:50:00,5.62,994.71,96.7,6,1,9,0.0,-0.16999999999995907,-0.29999999999999716,0.07127411872542948,0.23703726872666162,0.14719601443252242,1,0.12730740041902172
AWS_001,2020-01-09 07:00:00,5.56,994.53,96.6,7,1,9,-0.0600000000000005,-0.18000000000006366,-0.10000000000000853,0.0653452370114854,0.2173169730304576,0.19999999999541057,1,0.13212448880203542
AWS_001,2020-01-09 07:10:00,5.55,994.43,96.6,7,1,9,-0.009999999999999787,-0.10000000000002274,0.0,0.059581876439799994,0.21156559290676952,0.2250925735443936,1,0.14438368934492185
AWS_001,2020-01-09 07:20:00,5.44,994.35,96.5,7,1,9,-0.10999999999999943,-0.07999999999992724,-0.09999999999999432,0.06870225614990656,0.2279473625713133,0.24289915602607207,1,0.14747538240145358
AWS_001,2020-01-09 07:30:00,5.46,994.19,96.6,7,1,9,0.019999999999999574,-0.15999999999996817,0.09999999999999432,0.07704976746722668,0.24961971096975857,0.17511900714900044,1,0.12274618791559871
AWS_001,2020-01-09 07:40:00,5.54,994.09,96.6,7,1,9,0.08000000000000007,-0.10000000000002274,0.0,0.06705718952322094,0.22580227362208946,0.06324555318905925,1,0.13325543133861767
AWS_001,2020-01-09 07:50:00,5.57,993.9,96.5,7,1,9,0.03000000000000025,-0.19000000000005457,-0.09999999999999432,0.05549774770282279,0.23344521150487985,0.05163977793192468,1,0.11924818205533205
AWS_001,2020-01-09 08:00:00,5.63,993.88,96.5,8,1,9,0.05999999999999961,-0.01999999999998181,0.0,0.07082843120353101,0.22733235605435823,0.05477225573402038,1,0.1464106395066272
AWS_001,2020-01-09 08:10:00,5.59,993.74,96.3,8,1,9,-0.040000000000000036,-0.13999999999998636,-0.20000000000000284,0.07467708260740774,0.225809654600151,0.10954451149280237,1,0.13280099375386284
AWS_001,2020-01-09 08:20:00,5.57,993.68,96.4,8,1,9,-0.019999999999999574,-0.06000000000005912,0.10000000000000853,0.057271284253872304,0.196740099569627,0.11690451943729219,1,0.14645561094861986
AWS_001,2020-01-09 08:30:00,5.75,993.59,96.6,8,1,9,0.17999999999999972,-0.08999999999991815,0.19999999999998863,0.07547626558565598,0.17974055407690867,0.11690451943729219,1,0.12982107324380399
AWS_001,2020-01-09 08:40:00,5.85,993.44,96.5,8,1,9,0.09999999999999964,-0.14999999999997726,-0.09999999999999432,0.11506519890953965,0.17547079561713605,0.10327955589014559,1,0.1384403022175334
AWS_001,2020-01-09 08:50:00,5.85,993.44,96.2,8,1,9,0.0,0.0,-0.29999999999999716,0.1273839340998721,0.17371432520695582,0.1471960144326918,1,0.15398400065964607
AWS_001,2020-01-09 09:00:00,5.71,993.42,96.2,9,1,9,-0.13999999999999968,-0.020000000000095497,0.0,0.12181953866311612,0.1383353417715393,0.1632993161800527,1,0.15701150142747305
AWS_001,2020-01-09 09:10:00,5.84,993.41,96.5,9,1,9,0.1299999999999999,-0.009999999999990905,0.29999999999999716,0.11070983093999753,0.11147496034408005,0.16733200530144676,1,0.1554530862848798
AWS_001,2020-01-09 09:20:00,6.01,993.32,96.6,9,1,9,0.16999999999999993,-0.08999999999991815,0.09999999999999432,0.10387492478986117,0.08733078944130358,0.18618986724542028,1,0.13439553344457378
AWS_001,2020-01-09 09:30:00,6.16,993.29,96.4,9,1,9,0.15000000000000036,-0.030000000000086402,-0.19999999999998863,0.1576916823005224,0.06501282015917902,0.16733200530144676,1,0.15395737049071695
AWS_001,2020-01-09 09:40:00,6.21,993.19,96.1,9,1,9,0.04999999999999982,-0.09999999999990905,-0.30000000000001137,0.1969433082558823,0.09648834188071412,0.19663841604548216,1,0.15188719018603797
AWS_001,2020-01-09 09:50:00,6.25,993.14,95.9,9,1,9,0.040000000000000036,-0.05000000000006821,-0.19999999999998863,0.21753160689910717,0.11362218145900174,0.26394443859433747,1,0.16548381851881744
AWS_001,2020-01-09 10:00:00,6.48,993.06,95.7,10,1,9,0.23000000000000043,-0.08000000000004093,-0.20000000000000284,0.2181207616591782,0.12849124530583286,0.3577708763974814,1,0.14796436630982224
AWS_001,2020-01-09 10:10:00,6.62,992.9,94.7,10,1,9,0.13999999999999968,-0.15999999999996817,-1.0,0.22283775862000058,0.15543487421198432,0.6723094525575666,1,0.1331812542885883
AWS_001,2020-01-09 10:20:00,6.74,992.77,93.9,10,1,9,0.1200000000000001,-0.12999999999999545,-0.7999999999999972,0.23916521486228784,0.1928125172002072,0.9544631999183131,1,0.13250523319351354
AWS_001,2020-01-09 10:30:00,6.69,992.63,93.9,10,1,9,-0.04999999999999982,-0.13999999999998636,0.0,0.225868693418975,0.22049187465850276,1.00133244562683,1,0.14177228574660594
AWS_001,2020-01-09 10:40:00,6.72,992.51,94.2,10,1,9,0.02999999999999936,-0.12000000000000455,0.29999999999999716,0.18853823661739957,0.2448468911894041,0.8908797150373567,1,0.14536478381986773
AWS_001,2020-01-09 10:50:00,6.8,992.44,94.0,10,1,9,0.08000000000000007,-0.06999999999993634,-0.20000000000000284,0.11238327277729487,0.2371005415286639,0.7042726744652267,1,0.1487711223367898
AWS_001,2020-01-09 11:00:00,6.85,992.34,94.1,11,1,9,0.04999999999999982,-0.10000000000002274,0.09999999999999432,0.08115828156636404,0.21027759460920878,0.3011090610810155,1,0.1453009489011946
AWS_001,2020-01-09 11:10:00,6.88,992.15,94.1,11,1,9,0.03000000000000025,-0.19000000000005457,0.0,0.07563068160568462,0.21786846214206754,0.1211060141574234,1,0.12768573030450453
AWS_001,2020-01-09 11:20:00,6.94,992.02,94.3,11,1,9,0.0600000000000005,-0.12999999999999545,0.20000000000000284,0.09584710046114386,0.228509664560736,0.14142135623174976,1,0.13786018426588942
AWS_001,2020-01-09 11:30:00,7.02,991.84,94.5,11,1,9,0.07999999999999918,-0.17999999999994998,0.20000000000000284,0.10515068552706182,0.25928105754035985,0.17888543819557462,1,0.12429047656790393
AWS_001,2020-01-09 11:40:00,7.15,991.71,94.1,11,1,9,0.13000000000000078,-0.12999999999999545,-0.4000000000000057,0.12790621564313284,0.28288984923615396,0.18348478592267609,1,0.1194985271970066
AWS_001,2020-01-09 11:50:00,7.3,991.59,93.5,11,1,9,0.14999999999999947,-0.12000000000000455,-0.5999999999999943,0.17328204369414027,0.2813834870822384,0.33466401061128215,1,0.12511282932611195
AWS_001,2020-01-09 12:00:00,7.42,991.53,93.0,12,1,9,0.1200000000000001,-0.06000000000005912,-0.5,0.21132124045353834,0.24385788239095693,0.5600595206449966,1,0.15016765767862644
AWS_001,2020-01-09 12:10:00,7.48,991.33,92.7,12,1,9,0.0600000000000005,-0.1999999999999318,-0.29999999999999716,0.2178455110091249,0.24273442306190327,0.7332575718430143,1,0.13057036900614588
AWS_001,2020-01-09 12:20:00,7.6,991.16,92.4,12,1,9,0.11999999999999922,-0.17000000000007276,-0.29999999999999716,0.21581627989294938,0.2485692394637778,0.818942407416493,1,0.13597865125926595
AWS_001,2020-01-09 12:30:00,7.71,990.9,92.0,12,1,9,0.11000000000000032,-0.2599999999999909,-0.4000000000000057,0.20205609782146441,0.302059597004976,0.7609204951888645,1,0.10634091336018736
AWS_001,2020-01-09 12:40:00,7.74,990.67,92.1,12,1,9,0.03000000000000025,-0.2300000000000182,0.09999999999999432,0.17209493504122036,0.3606475659304721,0.5706721183526965,1,0.11553252646519302
AWS_001,2020-01-09 12:50:00,7.8,990.48,92.3,12,1,9,0.05999999999999961,-0.18999999999994088,0.20000000000000284,0.15149257407602204,0.4009696582209394,0.3763863263525451,1,0.11673536811352153
AWS_001,2020-01-09 13:00:00,7.86,990.21,92.3,13,1,9,0.0600000000000005,-0.2699999999999818,0.0,0.13833534135154749,0.4213035328792198,0.24494897427526321,1,0.08371402519031296
AWS_001,2020-01-09 13:10:00,7.85,990.02,92.5,13,1,9,-0.010000000000000675,-0.19000000000005457,0.20000000000000284,0.09818350167001307,0.42594209326992655,0.18618986724623754,1,0.09827087290509123
AWS_001,2020-01-09 13:20:00,7.96,989.98,92.5,13,1,9,0.11000000000000032,-0.03999999999996362,0.0,0.09055385138241351,0.3695763342281906,0.20412414522826566,1,0.13231099446649708
AWS_001,2020-01-09 13:30:00,8.14,989.92,92.1,13,1,9,0.1800000000000006,-0.06000000000005912,-0.4000000000000057,0.14176271254056308,0.3025006889636878,0.17888543819579844,1,0.12676216125069972
AWS_001,2020-01-09 13:40:00,8.37,989.79,91.8,13,1,9,0.22999999999999865,-0.12999999999999545,-0.29999999999999716,0.2191498726142983,0.24459490351445756,0.2664582518866817,1,0.11930087195534889
AWS_001,2020-01-09 13:50:00,8.89,989.55,90.8,13,1,9,0.5200000000000014,-0.2400000000000091,-1.0,0.4003706615960665,0.22409075578232657,0.6449806198627411,1,0.0648837519680252
AWS_001,2020-01-09 14:00:00,9.57,989.36,88.9,14,1,9,0.6799999999999997,-0.18999999999994088,-1.8999999999999915,0.6556726825687386,0.26305892906745576,1.39092295497099,1,0.024720399924961223
AWS_001,2020-01-09 14:10:00,9.89,989.21,87.7,14,1,9,0.3200000000000003,-0.14999999999997726,-1.2000000000000028,0.7893203827767927,0.3123299539969262,1.9304576314090123,1,0.027585757662169308
AWS_001,2020-01-09 14:20:00,10.07,989.23,86.7,14,1,9,0.17999999999999972,0.01999999999998181,-1.0,0.8082511985764406,0.2963106480793575,2.2366641828100584,1,0.04620382274846235
AWS_001,2020-01-09 14:30:00,10.17,989.24,86.2,14,1,9,0.09999999999999964,0.009999999999990905,-0.5,0.7182664315328513,0.23096897374592004,2.249814807193142,1,0.0752720314973534
AWS_001,2020-01-09 14:40:00,10.23,989.18,85.7,14,1,9,0.0600000000000005,-0.06000000000005912,-0.5,0.5067017531713811,0.13924798083923468,1.912764142978863,1,0.11848917432822764
AWS_001,2020-01-09 14:50:00,10.27,989.17,85.4,14,1,9,0.03999999999999915,-0.009999999999990905,-0.29999999999999716,0.26454993227548274,0.06853223208993829,1.3231276078541345,1,0.14562812260457686
AWS_001,2020-01-09 15:00:00,10.28,989.12,84.9,15,1,9,0.009999999999999787,-0.049999999999954525,-0.5,0.14972196454417816,0.04445972149824479,1.001998003989652,1,0.14855879594806026
AWS_001,2020-01-09 15:10:00,10.18,988.98,85.1,15,1,9,-0.09999999999999964,-0.13999999999998636,0.19999999999998863,0.07797435476042051,0.09542885746015199,0.6831300510634836,1,0.1302027627934108
AWS_001,2020-01-09 15:20:00,10.25,988.97,84.7,15,1,9,0.07000000000000028,-0.009999999999990905,-0.3999999999999915,0.046043457736201575,0.11135528801986881,0.5537749241939884,1,0.1528014437502414
AWS_001,2020-01-09 15:30:00,10.23,989.0,84.8,15,1,9,-0.019999999999999574,0.029999999999972715,0.09999999999999432,0.03577708764427151,0.09757048821471408,0.3847076812326928,1,0.13975346456240623
AWS_001,2020-01-09 15:40:00,10.21,989.01,84.9,15,1,9,-0.019999999999999574,0.009999999999990905,0.10000000000000853,0.037771241268620886,0.08280499282931271,0.2503331114058334,1,0.14073290745210654
AWS_001,2020-01-09 15:50:00,10.22,988.99,84.6,15,1,9,0.009999999999999787,-0.01999999999998181,-0.30000000000001137,0.034302575223617536,0.0549241917357302,0.17511900715269882,1,0.13596270442599728
AWS_001,2020-01-09 16:00:00,10.25,988.95,84.2,16,1,9,0.02999999999999936,-0.03999999999996362,-0.3999999999999915,0.026583202722239782,0.02160247296406752,0.30605010482952566,1,0.12366510700156996
AWS_001,2020-01-09 16:10:00,10.21,988.96,84.3,16,1,9,-0.03999999999999915,0.009999999999990905,0.09999999999999432,0.018348478601015603,0.023664322756770394,0.2786873995468479,1,0.11757811996328288
AWS_001,2020-01-09 16:20:00,10.14,988.93,84.5,16,1,9,-0.07000000000000028,-0.030000000000086402,0.20000000000000284,0.03741657387180725,0.03141125337016247,0.27386127875171173,1,0.13114420173213837
AWS_001,2020-01-09 16:30:00,10.09,988.81,84.6,16,1,9,-0.05000000000000071,-0.12000000000000455,0.09999999999999432,0.05955389716021986,0.0705454948148044,0.2483277404282394,1,0.1304059204273711
AWS_001,2020-01-09 16:40:00,10.08,988.76,84.5,16,1,9,-0.009999999999999787,-0.049999999999954525,-0.09999999999999432,0.07176350047414347,0.09252026898193985,0.1643167672501456,1,0.14508106302798407
AWS_001,2020-01-09 16:50:00,10.06,988.7,84.7,16,1,9,-0.019999999999999574,-0.05999999999994543,0.20000000000000284,0.07678975626323993,0.11016654138040649,0.18618986724900735,1,0.1409130752504526
AWS_001,2020-01-09 17:00:00,10.06,988.63,84.8,17,1,9,0.0,-0.07000000000005002,0.09999999999999432,0.05853773711859998,0.12890565092481526,0.17511900715281153,1,0.14323977801177656
AWS_001,2020-01-09 17:10:00,10.01,988.58,84.8,17,1,9,-0.05000000000000071,-0.049999999999954525,0.0,0.042739521136353105,0.1269251754949998,0.13784048751911182,1,0.13319914852787057
AWS_001,2020-01-09 17:20:00,9.82,988.51,85.6,17,1,9,-0.1899999999999995,-0.07000000000005002,0.7999999999999972,0.1017840852014483,0.11291589868255371,0.3932768320994035,1,0.14188765305048823
AWS_001,2020-01-09 17:30:00,9.77,988.5,85.8,17,1,9,-0.05000000000000071,-0.009999999999990905,0.20000000000000284,0.13589211407200982,0.10385887945953674,0.5316640543295251,1,0.15788665303897276
AWS_001,2020-01-09 17:40:00,9.72,988.47,85.7,17,1,9,-0.049999999999998934,-0.029999999999972715,-0.09999999999999432,0.15409953493426784,0.08826097765446136,0.5163977794937492,1,0.15333245419007108
AWS_001,2020-01-09 17:50:00,9.68,988.38,85.7,17,1,9,-0.040000000000000924,-0.09000000000003183,0.0,0.15654605286290377,0.08704405116860318,0.46904157598168167,1,0.14764475603120503
AWS_001,2020-01-09 18:00:00,9.68,988.39,85.9,18,1,9,0.0,0.009999999999990905,0.20000000000000284,0.12505998560805034,0.07626707575572796,0.39707262140068494,1,0.1471420569565866
AWS_001,2020-01-09 18:10:00,9.66,988.3,86.0,18,1,9,-0.019999999999999574,-0.09000000000003183,0.09999999999999432,0.06210206652721096,0.08215838471044802,0.14719601443643907,1,0.13662859732635335
AWS_001,2020-01-09 18:20:00,9.72,988.29,86.2,18,1,9,0.0600000000000005,-0.009999999999990905,0.20000000000000284,0.0398748040782998,0.08565434516322719,0.19407902170495134,1,0.13815183044983315
AWS_001,2020-01-09 18:30:00,9.73,988.27,86.2,18,1,9,0.009999999999999787,-0.01999999999998181,0.0,0.028577380337414242,0.07668115921877984,0.2258317958111089,1,0.1355267917313348
AWS_001,2020-01-09 18:40:00,9.74,988.22,86.2,18,1,9,0.009999999999999787,-0.049999999999954525,0.0,0.03250640962870798,0.06554896525731012,0.2065591117959231,1,0.13460584774999418
AWS_001,2020-01-09 18:50:00,9.72,988.07,86.2,18,1,9,-0.019999999999999574,-0.14999999999997726,0.0,0.03125166662675171,0.10689558852886483,0.13291601357964783,1,0.10638192123435813
AWS_001,2020-01-09 19:00:00,9.68,988.0,86.6,19,1,9,-0.040000000000000924,-0.07000000000005002,0.3999999999999915,0.03125166662675171,0.12639884037337798,0.19663841604804264,1,0.12184117554065971
AWS_001,2020-01-09 19:10:00,9.67,988.09,86.9,19,1,9,-0.009999999999999787,0.09000000000003183,0.30000000000001137,0.02828427125246533,0.11927559200511621,0.2994439290849921,1,0.12097046275525952
AWS_001,2020-01-09 19:20:00,9.65,988.02,87.1,19,1,9,-0.019999999999999574,-0.07000000000005002,0.19999999999998863,0.03656045222572075,0.10943795890246091,0.3983298465666748,1,0.13533369397353723
AWS_001,2020-01-09 19:30:00,9.56,987.95,87.8,19,1,9,-0.08999999999999986,-0.06999999999993634,0.7000000000000028,0.06324555320559157,0.09368386653745787,0.6099180272783549,1,0.1324401403139323
AWS_001,2020-01-09 19:40:00,9.45,987.93,88.7,19,1,9,-0.11000000000000121,-0.020000000000095497,0.9000000000000057,0.09948199167158835,0.06356099577061658,0.9020347369506994,1,0.12571715879144574
AWS_001,2020-01-09 19:50:00,9.4,987.9,89.4,19,1,9,-0.049999999999998934,-0.029999999999972715,0.7000000000000028,0.11990273836298937,0.06911343465908061,1.1040833301879727,1,0.1276432209512462
AWS_001,2020-01-09 20:00:00,9.32,987.84,90.1,20,1,9,-0.08000000000000007,-0.05999999999994543,0.6999999999999886,0.14105554461608596,0.08871302150216599,1.2847827313073301,1,0.12144156135528456
AWS_001,2020-01-09 20:10:00,9.24,987.75,91.0,20,1,9,-0.08000000000000007,-0.09000000000003183,0.9000000000000057,0.15134948518887384,0.09368386654824502,1.449712615198412,1,0.11116811116381775
AWS_001,2020-01-09 20:20:00,9.27,987.63,90.9,20,1,9,0.02999999999999936,-0.12000000000000455,-0.09999999999999432,0.120609562916603,0.12307179551897392,1.2629330940309695,1,0.12033579619109486
AWS_001,2020-01-09 20:30:00,9.28,987.62,91.0,20,1,9,0.009999999999999787,-0.009999999999990905,0.09999999999999432,0.08189424074336202,0.1337784244673543,0.9662642840678747,1,0.13847552150974035
AWS_001,2020-01-09 20:40:00,9.34,987.54,90.5,20,1,9,0.0600000000000005,-0.08000000000004093,-0.5,0.057416606194818726,0.13995237351973652,0.6369196704963277,1,0.13290978627851963
AWS_001,2020-01-09 20:50:00,9.34,987.52,90.3,20,1,9,0.0,-0.01999999999998181,-0.20000000000000284,0.04119061382075297,0.12361229788316774,0.38815804341160837,1,0.13837990872886946
AWS_001,2020-01-09 21:00:00,9.33,987.53,90.1,21,1,9,-0.009999999999999787,0.009999999999990905,-0.20000000000000284,0.0424264068743019,0.08795832453655424,0.38815804341160837,1,0.13130675242441997
AWS_001,2020-01-09 21:10:00,9.26,987.49,90.7,21,1,9,-0.07000000000000028,-0.03999999999996362,0.6000000000000085,0.03723797345359494,0.05683309061770138,0.3488074922720806,1,0.11435780784145821
AWS_001,2020-01-09 21:20:00,9.37,987.41,90.7,21,1,9,0.10999999999999943,-0.08000000000004093,0.0,0.04147288270984675,0.06853223224362434,0.3209361307152493,1,0.12095396072398246
AWS_001,2020-01-09 21:30:00,9.57,987.29,89.9,21,1,9,0.20000000000000107,-0.12000000000000455,-0.7999999999999972,0.10534071704205182,0.09709102356553374,0.3265986323687993,1,0.09644552305664678
AWS_001,2020-01-09 21:40:00,9.76,987.21,89.2,21,1,9,0.1899999999999995,-0.07999999999992724,-0.7000000000000028,0.18904144166541031,0.13212368015504858,0.5648008498564204,1,0.1108914526857318
AWS_001,2020-01-09 21:50:00,9.94,987.18,88.4,21,1,9,0.17999999999999972,-0.030000000000086402,-0.7999999999999972,0.2685826998653137,0.14675376267224355,0.8981462390197084,1,0.10844899351320786
AWS_001,2020-01-09 22:00:00,10.04,987.17,88.0,22,1,9,0.09999999999999964,-0.009999999999990905,-0.4000000000000057,0.31142682393613197,0.13212368016089704,1.1478966271687132,1,0.12263449552043743
AWS_001,2020-01-09 22:10:00,10.1,987.16,87.7,22,1,9,0.0600000000000005,-0.009999999999990905,-0.29999999999999716,0.28514323885891685,0.09709102358092478,1.1651895410899413,1,0.1253995060756991
AWS_001,2020-01-09 22:20:00,9.94,987.16,88.4,22,1,9,-0.16000000000000014,0.0,0.7000000000000028,0.19538850188012072,0.050099902134503285,0.8124038404628482,1,0.10958236785405756
AWS_001,2020-01-09 22:30:00,9.7,987.09,89.8,22,1,9,-0.2400000000000002,-0.06999999999993634,1.3999999999999915,0.155777619274911,0.03970726458728186,0.7808115436297378,1,0.09024421771845637
AWS_001,2020-01-09 22:40:00,9.59,986.99,90.6,22,1,9,-0.10999999999999943,-0.10000000000002274,0.7999999999999972,0.1987712252824617,0.07341662069881516,1.1321071798488918,1,0.10107617861859863
AWS_001,2020-01-09 22:50:00,9.66,986.95,90.4,22,1,9,0.07000000000000028,-0.03999999999996362,-0.19999999999998863,0.21544527534145547,0.09563820817029246,1.270826502713371,1,0.11903622545779141
AWS_001,2020-01-09 23:00:00,9.76,986.92,89.9,23,1,9,0.09999999999999964,-0.030000000000086402,-0.5,0.192085050607676,0.10597169525837868,1.1587349423683204,1,0.11165740917508277
AWS_001,2020-01-09 23:10:00,9.86,986.9,88.8,23,1,9,0.09999999999999964,-0.01999999999998181,-1.1000000000000085,0.12998717885603775,0.10264826770676262,0.8757853618316642,1,0.10956872825968428
AWS_001,2020-01-09 23:20:00,9.97,986.91,87.4,23,1,9,0.11000000000000121,0.009999999999990905,-1.3999999999999915,0.13894843168223184,0.07155417665730916,1.1973582031561447,1,0.09446282376342013
AWS_001,2020-01-09 23:30:00,10.03,986.88,87.1,23,1,9,0.05999999999999872,-0.029999999999972715,-0.30000000000001137,0.17313771012391974,0.0393700418794028,1.51877143331885,1,0.11359478090098646
AWS_001,2020-01-09 23:40:00,10.04,986.79,87.0,23,1,9,0.009999999999999787,-0.09000000000003183,-0.09999999999999432,0.15435888917376328,0.05492419198049761,1.4868310820888497,1,0.10907883805643875
AWS_001,2020-01-09 23:50:00,10.01,986.72,87.1,23,1,9,-0.02999999999999936,-0.06999999999993634,0.09999999999999432,0.11184811129515998,0.0804155884467122,1.1956866925184026,1,0.12051837931155829
AWS_001,2020-01-10 00:00:00,10.03,986.72,86.9,0,1,10,0.019999999999999574,0.0,-0.19999999999998863,0.06841052550811719,0.0883176097900167,0.7139094246931345,1,0.13331433872838694
AWS_001,2020-01-10 00:10:00,10.08,986.68,86.2,0,1,10,0.05000000000000071,-0.04000000000007731,-0.7000000000000028,0.0361478445687322,0.09395034255497872,0.4037325847626082,1,0.1187574855978546
AWS_001,2020-01-10 00:20:00,10.02,986.61,86.1,0,1,10,-0.0600000000000005,-0.06999999999993634,-0.10000000000000853,0.024289915609136736,0.09287985178118525,0.45898438608061715,1,0.12292908056174412
AWS_001,2020-01-10 00:30:00,10.03,986.62,85.6,0,1,10,0.009999999999999787,0.009999999999990905,-0.5,0.024289915609136736,0.06811754693788295,0.6047037842331121,1,0.11370523593469084
AWS_001,2020-01-10 00:40:00,9.99,986.58,85.4,0,1,10,-0.03999999999999915,-0.03999999999996362,-0.19999999999998863,0.030110906113320898,0.05991661039583754,0.679460570354078,1,0.12118223577751291
AWS_001,2020-01-10 00:50:00,10.03,986.5,84.4,0,1,10,0.03999999999999915,-0.08000000000004093,-1.0,0.02898275349753238,0.07704976877650392,0.850098033561993,1,0.10526710608569789
AWS_001,2020-01-10 01:00:00,9.86,986.58,85.5,1,1,10,-0.16999999999999993,0.08000000000004093,1.0999999999999943,0.07521081482715095,0.059245254680661434,0.6439461675217908,1,0.09097494732527717
AWS_001,2020-01-10 01:10:00,9.94,986.59,84.6,1,1,10,0.08000000000000007,0.009999999999990905,-0.9000000000000057,0.0673547820645483,0.04242640925640971,0.6439461675218247,1,0.11011766799109068
AWS_001,2020-01-10 01:20:00,10.02,986.55,84.4,1,1,10,0.08000000000000007,-0.04000000000007731,-0.19999999999998863,0.0673547820645483,0.04098780553451526,0.574166061924678,1,0.12524964726620014
AWS_001,2020-01-10 01:30:00,9.94,986.44,84.6,1,1,10,-0.08000000000000007,-0.10999999999989996,0.19999999999998863,0.06345602151854518,0.05899152653524503,0.4996665554808762,1,0.1147946565548259
AWS_001,2020-01-10 01:40:00,9.57,986.4,86.7,1,1,10,-0.3699999999999992,-0.04000000000007731,2.1000000000000085,0.1701371995389562,0.07745966823698486,0.9136009340330686,1,0.07635189077515914
AWS_001,2020-01-10 01:50:00,9.41,986.38,87.6,1,1,10,-0.16000000000000014,-0.01999999999998181,0.8999999999999915,0.24314604664745665,0.0942337529957724,1.3155480480263813,1,0.11319691366518886
AWS_001,2020-01-10 02:00:00,9.35,986.28,88.0,2,1,10,-0.0600000000000005,-0.10000000000002274,0.4000000000000057,0.29696801174585047,0.11436782853749847,1.6448910804870833,1,0.11900050007886492
AWS_001,2020-01-10 02:10:00,9.47,986.24,87.2,2,1,10,0.120000000000001,-0.03999999999996362,-0.7999999999999972,0.28430031070497774,0.1117884916790551,1.547147913635247,1,0.11025834771024523
AWS_001,2020-01-10 02:20:00,9.45,986.21,87.1,2,1,10,-0.02000000000000135,-0.029999999999972715,-0.10000000000000853,0.21283013571142353,0.09418067851751454,1.1961047891659968,1,0.1397195143546609
AWS_001,2020-01-10 02:30:00,9.67,986.42,84.9,2,1,10,0.22000000000000064,0.2099999999999227,-2.1999999999999886,0.11552777443948736,0.08953584127448215,1.083358974055144,1,0.05790798206789172
AWS_001,2020-01-10 02:40:00,10.14,986.43,80.6,2,1,10,0.47000000000000064,0.009999999999990905,-4.300000000000011,0.2941031565062598,0.09542885765142592,2.8114053425287713,1,0.011852438574138646
AWS_001,2020-01-10 02:50:00,10.32,986.3,78.5,2,1,10,0.17999999999999972,-0.12999999999999545,-2.0999999999999943,0.40252536152018153,0.09201449273265448,3.9392469669552597,1,0.015026649257971147
AWS_001,2020-01-10 03:00:00,10.39,986.56,77.5,3,1,10,0.07000000000000028,0.2599999999999909,-1.0,0.4275823507430601,0.13341664141141338,4.324657982623191,1,0.015226098118834575
AWS_001,2020-01-10 03:10:00,10.3,986.6,77.7,3,1,10,-0.08999999999999986,0.04000000000007731,0.20000000000000284,0.3907300858652957,0.14872794022855676,4.0485799979746036,1,0.057526036672401526
AWS_001,2020-01-10 03:20:00,10.17,986.45,78.0,3,1,10,-0.13000000000000078,-0.14999999999997726,0.29999999999999716,0.2602114524772244,0.10751744139463565,2.8584378017838534,1,0.07517339543122808
AWS_001,2020-01-10 03:30:00,10.12,986.37,77.5,3,1,10,-0.05000000000000071,-0.08000000000004093,-0.5,0.11117553687889316,0.11303391911650135,1.1882760622011996,1,0.12567383813568578
AWS_001,2020-01-10 03:40:00,10.19,986.47,76.6,3,1,10,0.07000000000000028,0.10000000000002274,-0.9000000000000057,0.10381072520205809,0.11267948735567744,0.6314005596031305,1,0.11457817724110658
AWS_001,2020-01-10 03:50:00,10.22,986.59,75.9,3,1,10,0.030000000000001137,0.12000000000000455,-0.6999999999999886,0.09786044485376319,0.09136009451632093,0.7899367063255975,1,0.11448363038557285
AWS_001,2020-01-10 04:00:00,10.21,986.72,75.7,4,1,10,-0.009999999999999787,0.12999999999999545,-0.20000000000000284,0.05980523946089547,0.12659647257977963,0.9736529155713424,1,0.12195925235779048
AWS_001,2020-01-10 04:10:00,10.14,986.89,76.4,4,1,10,-0.07000000000000028,0.16999999999995907,0.7000000000000028,0.03937003937395985,0.1943622053510523,0.9020347369515622,1,0.09138000403430763
AWS_001,2020-01-10 04:20:00,9.87,986.96,78.6,4,1,10,-0.27000000000000135,0.07000000000005002,2.1999999999999886,0.13095800853825212,0.2329520698934995,1.0907184176804101,1,0.07177805617004229
AWS_001,2020-01-10 04:30:00,9.69,987.02,79.9,4,1,10,-0.17999999999999972,0.05999999999994543,1.3000000000000114,0.22096756926519384,0.21805962533072523,1.6845375230808026,1,0.09318527580612812
AWS_001,2020-01-10 04:40:00,9.46,986.93,81.1,4,1,10,-0.22999999999999865,-0.09000000000003183,1.1999999999999886,0.3126286401898623,0.16339114683756475,2.2721502297751113,1,0.09058853399399858
AWS_001,2020-01-10 04:50:00,9.27,986.99,82.1,4,1,10,-0.19000000000000128,0.06000000000005912,1.0,0.37227230177244536,0.10722251099418323,2.5547341675146824,1,0.08960750563432701
AWS_001,2020-01-10 05:00:00,9.09,986.99,83.4,5,1,10,-0.17999999999999972,0.0,1.3000000000000114,0.38990597157128176,0.04718757106727016,2.5193253065057113,1,0.10036546247630224
AWS_001,2020-01-10 05:10:00,8.95,987.0,84.3,5,1,10,-0.14000000000000057,0.009999999999990905,0.8999999999999915,0.35306751006986714,0.03188521386090007,2.1407163909931164,1,0.11025400466341967
AWS_001,2020-01-10 05:20:00,8.98,987.01,83.5,5,1,10,0.030000000000001137,0.009999999999990905,-0.7999999999999972,0.29189039038697784,0.031622779703306146,1.6642315544017543,1,0.12781657750765174
AWS_001,2020-01-10 05:30:00,8.97,987.1,83.3,5,1,10,-0.009999999999999787,0.09000000000003183,-0.20000000000000284,0.2049390153198187,0.05501515120974635,1.1484772527132419,1,0.14477579128335466
AWS_001,2020-01-10 05:40:00,8.84,987.19,84.3,5,1,10,-0.13000000000000078,0.09000000000003183,1.0,0.14746751054696383,0.08164965928881232,0.8109665015685673,1,0.13027630851981115
AWS_001,2020-01-10 05:50:00,8.78,987.21,84.4,5,1,10,-0.0600000000000005,0.01999999999998181,0.10000000000000853,0.11004544515902813,0.09872520884467717,0.5163977794939881,1,0.1594640606966608
AWS_001,2020-01-10 06:00:00,8.75,987.19,84.5,6,1,10,-0.02999999999999936,-0.01999999999998181,0.09999999999999432,0.10147249216863029,0.09458682181425213,0.512835256197975,1,0.1680673148003211
AWS_001,2020-01-10 06:10:00,8.82,987.31,83.3,6,1,10,0.07000000000000028,0.11999999999989086,-1.2000000000000028,0.09688481133238469,0.10245324231146248,0.5741660619248751,1,0.13251501099176188
AWS_001,2020-01-10 06:20:00,8.87,987.33,82.4,6,1,10,0.049999999999998934,0.020000000000095497,-0.8999999999999915,0.07730890418904482,0.08542052949570314,0.8366600265338706,1,0.14577074411569374
AWS_001,2020-01-10 06:30:00,8.84,987.57,82.1,6,1,10,-0.02999999999999936,0.2400000000000091,-0.30000000000001137,0.04412104562348818,0.1457394942748703,1.063954886261474,1,0.11254172277618718
AWS_001,2020-01-10 06:40:00,8.9,987.6,81.2,6,1,10,0.0600000000000005,0.029999999999972715,-0.8999999999999915,0.05573747991172886,0.1766823897765589,1.3197221929884901,1,0.13480409202139404
AWS_001,2020-01-10 06:50:00,8.93,987.72,80.7,6,1,10,0.02999999999999936,0.12000000000000455,-0.5,0.06369196705167317,0.205588586395029,1.3880441875770249,1,0.1370971014779725
AWS_001,2020-01-10 07:00:00,8.88,987.86,80.7,7,1,10,-0.049999999999998934,0.13999999999998636,0.0,0.039832984659856345,0.21566177266172257,1.044349877515374,1,0.1330983460459454
AWS_001,2020-01-10 07:10:00,8.88,987.92,80.7,7,1,10,0.0,0.05999999999994543,0.0,0.030110906112450056,0.21518983910197576,0.7668115805070536,1,0.1361847518591301
AWS_001,2020-01-10 07:20:00,8.88,987.91,80.5,7,1,10,0.0,-0.009999999999990905,-0.20000000000000284,0.029495762411678443,0.15577761986659847,0.5946988033167699,1,0.15511280349649403
AWS_001,2020-01-10 07:30:00,8.84,988.02,80.7,7,1,10,-0.040000000000000924,0.11000000000001364,0.20000000000000284,0.029495762411678443,0.15237016391081798,0.23452078799062345,1,0.13913512533829564
AWS_001,2020-01-10 07:40:00,8.75,988.22,81.1,7,1,10,-0.08999999999999986,0.20000000000004547,0.3999999999999915,0.06099180272991684,0.16785906841369694,0.19663841604937862,1,0.1194776043498686
AWS_001,2020-01-10 07:50:00,8.74,988.3,81.1,7,1,10,-0.009999999999999787,0.07999999999992724,0.0,0.06645800679309001,0.1811537105535232,0.24494897427778434,1,0.15213088669502517
AWS_001,2020-01-10 08:00:00,8.75,988.38,81.0,8,1,10,0.009999999999999787,0.08000000000004093,-0.09999999999999432,0.0674289749804151,0.2019653440058261,0.2509980079597004,1,0.15496327127111592
AWS_001,2020-01-10 08:10:00,8.91,988.58,79.7,8,1,10,0.16000000000000014,0.20000000000004547,-1.2999999999999972,0.07467708260845238,0.24345430819314734,0.5382068994972153,1,0.09350366957461653
AWS_001,2020-01-10 08:20:00,8.89,988.9,79.7,8,1,10,-0.019999999999999574,0.31999999999993634,0.0,0.07659416862209364,0.3064637012362313,0.6745368781614072,1,0.09695360943816861
AWS_001,2020-01-10 08:30:00,8.83,989.09,80.0,8,1,10,-0.0600000000000005,0.19000000000005457,0.29999999999999716,0.07600438583996083,0.3494233347095255,0.7033254343946359,1,0.11320425076145779
AWS_001,2020-01-10 08:40:00,8.79,989.27,80.0,8,1,10,-0.040000000000000924,0.17999999999994998,0.0,0.07111024305196771,0.3941404151276942,0.6348228099239518,1,0.10216647563049414
AWS_001,2020-01-10 08:50:00,8.76,989.28,79.7,8,1,10,-0.02999999999999936,0.009999999999990905,-0.29999999999999716,0.06705718952439065,0.3710884892242052,0.5036533199199793,1,0.13215190654018394
AWS_001,2020-01-10 09:00:00,8.73,989.28,79.2,9,1,10,-0.02999999999999936,0.0,-0.5,0.07167054253254876,0.28196926575885156,0.2926886855797948,1,0.15613464992420567
AWS_001,2020-01-10 09:10:00,8.62,989.36,79.5,9,1,10,-0.11000000000000121,0.08000000000004093,0.29999999999999716,0.09230384607502128,0.1704894918485252,0.3060501048299585,1,0.1586484575058944
AWS_001,2020-01-10 09:20:00,8.72,989.46,78.0,9,1,10,0.10000000000000142,0.10000000000002274,-1.5,0.07194905605292251,0.12198360612307788,0.7509993342205876,1,0.12262552482559924
AWS_001,2020-01-10 09:30:00,8.76,989.67,76.9,9,1,10,0.03999999999999915,0.2099999999999227,-1.0999999999999943,0.05932958789878267,0.1566737592198705,1.1923366415012298,1,0.12014197556102629
AWS_001,2020-01-10 09:40:00,8.82,989.93,75.8,9,1,10,0.0600000000000005,0.2599999999999909,-1.1000000000000085,0.06625707509571808,0.25757846731920503,1.5765997166898282,1,0.08550025619390272
AWS_001,2020-01-10 09:50:00,8.87,990.02,75.3,9,1,10,0.049999999999998934,0.09000000000003183,-0.5,0.08664102184823938,0.30574499204089006,1.7444196742756,1,0.1275944601959384
AWS_001,2020-01-10 10:00:00,8.88,989.97,75.2,10,1,10,0.010000000000001563,-0.049999999999954525,-0.09999999999999432,0.09928074670805134,0.28105159696476273,1.705774506394812,1,0.14179322673299444
AWS_001,2020-01-10 10:10:00,8.94,989.99,74.7,10,1,10,0.05999999999999872,0.01999999999998181,-0.5,0.08158839786949235,0.22503333120885163,1.2384129628950447,1,0.15609951234999525
AWS_001,2020-01-10 10:20:00,9.03,989.99,73.3,10,1,10,0.08999999999999986,0.0,-1.4000000000000057,0.09395034149439281,0.12998717944616509,1.1933147112140383,1,0.13429321793218013
AWS_001,2020-01-10 10:30:00,9.14,990.12,72.3,10,1,10,0.11000000000000121,0.12999999999999545,-1.0,0.11893976066444742,0.06439461793741874,1.3500617269838175,1,0.12877747487148472
AWS_001,2020-01-10 10:40:00,9.19,990.31,72.3,10,1,10,0.049999999999998934,0.18999999999994088,0.0,0.13496913227445345,0.13063945352918743,1.3967820159208364,1,0.12159797292777647
AWS_001,2020-01-10 10:50:00,9.27,990.39,71.6,10,1,10,0.08000000000000007,0.08000000000004093,-0.7000000000000028,0.15083103129083,0.18159478741838977,1.444529912001329,1,0.13173257373412822
AWS_001,2020-01-10 11:00:00,9.27,990.4,71.4,11,1,10,0.0,0.009999999999990905,-0.19999999999998863,0.13296616110972953,0.19120669483530622,1.2263767773404388,1,0.1565410614710348
AWS_001,2020-01-10 11:10:00,9.21,990.44,72.1,11,1,10,-0.05999999999999872,0.04000000000007731,0.6999999999999886,0.09071934744177101,0.18030529706243925,0.6683312551920682,1,0.14518395134312573
AWS_001,2020-01-10 11:20:00,9.23,990.43,72.2,11,1,10,0.019999999999999574,-0.010000000000104592,0.10000000000000853,0.049966655550767805,0.12089940783307743,0.3868677637987123,1,0.16225232531135436
AWS_001,2020-01-10 11:30:00,9.27,990.42,72.9,11,1,10,0.03999999999999915,-0.009999999999990905,0.7000000000000028,0.03521363372705957,0.04708149120061883,0.5344779384283475,1,0.14131253729951487
AWS_001,2020-01-10 11:40:00,9.21,990.5,73.5,11,1,10,-0.05999999999999872,0.08000000000004093,0.5999999999999943,0.030110906112741313,0.03898717925868684,0.7935153852740452,1,0.1263748564070037
AWS_001,2020-01-10 11:50:00,9.15,990.66,74.1,11,1,10,-0.0600000000000005,0.15999999999996817,0.5999999999999943,0.04501851471260787,0.09669539878351775,0.9939818911831056,1,0.12352955390211212
AWS_001,2020-01-10 12:00:00,9.08,990.75,74.7,12,1,10,-0.07000000000000028,0.09000000000003183,0.6000000000000085,0.06705718952452185,0.1388044192802684,1.042592921518242,1,0.15677035583029608
AWS_001,2020-01-10 12:10:00,9.01,990.71,75.3,12,1,10,-0.07000000000000028,-0.03999999999996362,0.5999999999999943,0.09847165412912451,0.14607075960332105,1.1496376240653414,1,0.16184854770881918
AWS_001,2020-01-10 12:20:00,8.9,990.65,76.4,12,1,10,-0.10999999999999943,-0.06000000000005912,1.1000000000000085,0.1355974434380049,0.12786711908813206,1.2655697004379547,1,0.14845551640423127
AWS_001,2020-01-10 12:30:00,8.88,990.6,76.7,12,1,10,-0.019999999999999574,-0.049999999999954525,0.29999999999999716,0.1331790774368078,0.087806606491013,1.2655697004379587,1,0.16862983935382453
AWS_001,2020-01-10 12:40:00,8.93,990.5,76.8,12,1,10,0.049999999999998934,-0.10000000000002274,0.09999999999999432,0.10759491933598204,0.087806606491013,1.1325487480310192,1,0.1594560603579735
AWS_001,2020-01-10 12:50:00,8.94,990.45,76.8,12,1,10,0.009999999999999787,-0.049999999999954525,0.0,0.07501111028983913,0.11747340185748716,0.8975893641675093,1,0.1742849626517699
AWS_001,2020-01-10 13:00:00,8.94,990.4,76.6,13,1,10,0.0,-0.05000000000006821,-0.20000000000000284,0.04457203907062163,0.12089940782107898,0.5750362307425858,1,0.1725237866542767
AWS_001,2020-01-10 13:10:00,9.0,990.4,76.1,13,1,10,0.0600000000000005,0.0,-0.5,0.04119061382054089,0.10488088551099513,0.2732520204255464,1,0.16387803080802005
AWS_001,2020-01-10 13:20:00,9.01,990.33,75.3,13,1,10,0.009999999999999787,-0.06999999999993634,-0.7999999999999972,0.04816637831773702,0.09416298005587855,0.5913261931173321,1,0.15313899610158777
AWS_001,2020-01-10 13:30:00,8.98,990.36,75.5,13,1,10,-0.02999999999999936,0.029999999999972715,0.20000000000000284,0.0344480284909761,0.061210022166074074,0.6615638039271996,1,0.15290654368642242
AWS_001,2020-01-10 13:40:00,8.99,990.37,75.2,13,1,10,0.009999999999999787,0.009999999999990905,-0.29999999999999716,0.030110906112499083,0.041352148036239406,0.685322308601297,1,0.15105034050671812
AWS_001,2020-01-10 13:50:00,9.01,990.37,74.9,13,1,10,0.019999999999999574,0.0,-0.29999999999999716,0.02639444386450436,0.026394446652009868,0.6324555320336147,1,0.14789988863304687
AWS_001,2020-01-10 14:00:00,9.07,990.47,74.5,14,1,10,0.0600000000000005,0.10000000000002274,-0.4000000000000057,0.031622776605655704,0.04802777127765537,0.5431390245599177,1,0.14236096974622897
AWS_001,2020-01-10 14:10:00,9.1,990.53,73.9,14,1,10,0.02999999999999936,0.05999999999994543,-0.5999999999999943,0.047609522859601405,0.0773950912326741,0.5946988033168918,1,0.14836202107367263
AWS_001,2020-01-10 14:20:00,9.08,990.6,73.9,14,1,10,-0.019999999999999574,0.07000000000005002,0.0,0.05115336417988197,0.10019980112881188,0.6685805860177677,1,0.1556032804731446
AWS_001,2020-01-10 14:30:00,9.08,990.73,73.7,14,1,10,0.0,0.12999999999999545,-0.20000000000000284,0.04415880433451536,0.13977362702599314,0.6123724356956686,1,0.14768853777255636
AWS_001,2020-01-10 14:40:00,9.11,990.83,73.4,14,1,10,0.02999999999999936,0.10000000000002274,-0.29999999999999716,0.03507135583713907,0.16951892758881934,0.5504543577807609,1,0.14409771366622875
AWS_001,2020-01-10 14:50:00,9.14,990.86,73.1,14,1,10,0.030000000000001137,0.029999999999972715,-0.30000000000001137,0.025819888979684617,0.1611210729326957,0.4806245936277274,1,0.15114169581965364
AWS_001,2020-01-10 15:00:00,9.14,990.97,72.9,15,1,10,0.0,0.11000000000001364,-0.19999999999998863,0.027141603985836572,0.1662127155437232,0.42150523919219984,1,0.1437088017443766
AWS_001,2020-01-10 15:10:00,9.13,991.08,73.0,15,1,10,-0.009999999999999787,0.11000000000001364,0.09999999999999432,0.02804757862854277,0.17002940963374336,0.4033195589931962,1,0.144596154199862
AWS_001,2020-01-10 15:20:00,9.08,991.16,73.2,15,1,10,-0.05000000000000071,0.07999999999992724,0.20000000000000284,0.02804757862854277,0.16216247039831053,0.29268868557984734,1,0.14495354057441923
AWS_001,2020-01-10 15:30:00,9.07,991.28,73.4,15,1,10,-0.009999999999999787,0.12000000000000455,0.20000000000000284,0.03060501048724214,0.17572706148359568,0.2065591117972186,1,0.13688797918757656
AWS_001,2020-01-10 15:40:00,9.02,991.45,73.7,15,1,10,-0.05000000000000071,0.17000000000007276,0.29999999999999716,0.04844240566820932,0.212947568201235,0.29268868557985134,1,0.12305410842677678
AWS_001,2020-01-10 15:50:00,8.98,991.51,73.9,15,1,10,-0.03999999999999915,0.05999999999994543,0.20000000000000284,0.06196773354137704,0.21141586222708758,0.3937003937003461,1,0.15469405519541346
AWS_001,2020-01-10 16:00:00,8.9,991.46,74.3,16,1,10,-0.08000000000000007,-0.049999999999954525,0.3999999999999915,0.08197560612921836,0.17738846298457567,0.4792355023018373,1,0.15829631643280134
AWS_001,2020-01-10 16:10:00,8.88,991.37,74.6,16,1,10,-0.019999999999999574,-0.09000000000003183,0.29999999999999716,0.08447879418479512,0.13136463298518644,0.5319774431306719,1,0.16184145195377786
AWS_001,2020-01-10 16:20:00,8.82,991.38,74.8,16,1,10,-0.0600000000000005,0.009999999999990905,0.20000000000000284,0.09418067742508487,0.08183316441882717,0.541910201663094,1,0.1635537252226678
AWS_001,2020-01-10 16:30:00,8.71,991.49,75.3,16,1,10,-0.10999999999999943,0.11000000000001364,0.5,0.11166915420224433,0.05715476181633868,0.5921711464319744,1,0.1419005439196111
AWS_001,2020-01-10 16:40:00,8.67,991.64,75.7,16,1,10,-0.040000000000000924,0.14999999999997726,0.4000000000000057,0.11826523862449304,0.09894442951043923,0.6562519841239202,1,0.14700124373742662
AWS_001,2020-01-10 16:50:00,8.67,991.77,76.1,16,1,10,0.0,0.12999999999999545,0.3999999999999915,0.10483320084896264,0.1571517317663872,0.688960569747358,1,0.1528977043453732
AWS_001,2020-01-10 17:00:00,8.64,991.98,76.5,17,1,10,-0.02999999999999936,0.21000000000003638,0.4000000000000057,0.09621157241674935,0.24006249213326483,0.7402702209328422,1,0.13150912338399617
AWS_001,2020-01-10 17:10:00,8.58,992.24,77.1,17,1,10,-0.0600000000000005,0.2599999999999909,0.5999999999999943,0.08035338615703043,0.31937438865239215,0.8304617189652105,1,0.10392442604957813
AWS_001,2020-01-10 17:20:00,8.37,992.7,79.4,17,1,10,-0.21000000000000085,0.4600000000000364,2.3000000000000114,0.12372011423732668,0.4438918788667593,1.4702607478494165,1,0.01912507305708211
AWS_001,2020-01-10 17:30:00,7.67,992.8,83.1,17,1,10,-0.6999999999999993,0.09999999999990905,3.6999999999999886,0.3906234333304756,0.4811825711590956,2.825892189498184,-1,-0.008759391817350748
AWS_001,2020-01-10 17:40:00,7.23,992.93,83.4,17,1,10,-0.4399999999999995,0.12999999999999545,0.30000000000001137,0.601553544305805,0.4753384760190216,3.2916054846635214,1,0.034337512739160414
AWS_001,2020-01-10 17:50:00,6.96,993.09,85.1,17,1,10,-0.27000000000000046,0.16000000000008185,1.6999999999999886,0.7233095234177837,0.4265520680770998,3.59647976035833,1,0.005047538352475622
AWS_001,2020-01-10 18:00:00,6.86,993.23,85.7,18,1,10,-0.09999999999999964,0.13999999999998636,0.6000000000000085,0.7282147119269465,0.34741425816709176,3.367491648096638,1,0.054764678541822986
AWS_001,2020-01-10 18:10:00,6.78,993.31,85.5,18,1,10,-0.08000000000000007,0.07999999999992724,-0.20000000000000284,0.6108163935806161,0.24141251025676894,2.372340616353551,1,0.09954724444048574
AWS_001,2020-01-10 18:20:00,6.67,993.56,85.6,18,1,10,-0.11000000000000032,0.25,0.09999999999999432,0.3675549845490006,0.27369082332629524,1.1707547423211786,1,0.11554053989928681
AWS_001,2020-01-10 18:30:00,6.62,993.76,85.4,18,1,10,-0.04999999999999982,0.20000000000004547,-0.19999999999998863,0.2221410963032441,0.30467469007233694,0.865832932307132,1,0.1418742871226396
AWS_001,2020-01-10 18:40:00,6.63,994.08,85.2,18,1,10,0.009999999999999787,0.32000000000005,-0.20000000000000284,0.1376468912355163,0.3700135134035344,0.23166067138728377,1,0.10724845715572484
AWS_001,2020-01-10 18:50:00,6.73,994.33,84.4,18,1,10,0.10000000000000053,0.25,-0.7999999999999972,0.09354143467006196,0.43282405982675637,0.47328638264894185,1,0.08344935540282433
AWS_001,2020-01-10 19:00:00,6.72,994.61,84.4,19,1,10,-0.010000000000000675,0.2799999999999727,0.0,0.062423286254401536,0.48872964587957635,0.5455883674232375,1,0.08680694041478643
AWS_001,2020-01-10 19:10:00,6.73,994.74,85.0,19,1,10,0.010000000000000675,0.12999999999999545,0.5999999999999943,0.05046450898204141,0.46729005991078654,0.5059644256278052,1,0.11415940998292085
AWS_001,2020-01-10 19:20:00,6.83,994.97,84.3,19,1,10,0.09999999999999964,0.2300000000000182,-0.7000000000000028,0.07720103626333762,0.44724713536027144,0.47504385762528845,1,0.08129602280082077
AWS_001,2020-01-10 19:30:00,6.85,995.08,83.7,19,1,10,0.019999999999999574,0.11000000000001364,-0.5999999999999943,0.08060190237706352,0.3802499179286549,0.5366563146007,1,0.12979213217554653
AWS_001,2020-01-10 19:40:00,6.82,995.29,83.6,19,1,10,-0.02999999999999936,0.2099999999999227,-0.10000000000000853,0.05932958789791582,0.3463909160882305,0.5163977794950668,1,0.13285340238489834
AWS_001,2020-01-10 19:50:00,6.83,995.45,83.7,19,1,10,0.009999999999999787,0.16000000000008185,0.10000000000000853,0.0564505683479272,0.3194787422438413,0.5492419017768214,1,0.14077548448340965
AWS_001,2020-01-10 20:00:00,6.81,995.6,83.9,20,1,10,-0.020000000000000462,0.14999999999997726,0.20000000000000284,0.04215052392088057,0.31896185781888725,0.5354126134743271,1,0.1416955178500981
AWS_001,2020-01-10 20:10:00,6.78,995.83,83.6,20,1,10,-0.02999999999999936,0.2300000000000182,-0.30000000000001137,0.023664319135324463,0.322924139812942,0.2683281573013129,1,0.10921216575680753
AWS_001,2020-01-10 20:20:00,6.71,995.94,83.9,20,1,10,-0.07000000000000028,0.11000000000001364,0.30000000000001137,0.049799598393335504,0.3254176804327594,0.13662601021539938,1,0.1366123182625273
AWS_001,2020-01-10 20:30:00,6.72,996.13,83.5,20,1,10,0.009999999999999787,0.18999999999994088,-0.4000000000000057,0.05192943930761349,0.316143427475045,0.16733200530893252,1,0.1298308780400344
AWS_001,2020-01-10 20:40:00,6.7,996.41,83.4,20,1,10,-0.019999999999999574,0.2799999999999727,-0.09999999999999432,0.05564770136135122,0.3497808838871418,0.2065591117994349,1,0.11186727975386312
AWS_001,2020-01-10 20:50:00,6.28,996.6,82.3,20,1,10,-0.41999999999999993,0.19000000000005457,-1.1000000000000085,0.1942850140046773,0.372598980223186,0.5921711464326433,1,0.10055610555154298
AWS_001,2020-01-10 21:00:00,6.0,996.65,78.8,21,1,10,-0.28000000000000025,0.049999999999954525,-3.5,0.3172643482441593,0.344789791120286,1.9322698224283434,1,0.05639851584276978
AWS_001,2020-01-10 21:10:00,5.78,996.79,78.7,21,1,10,-0.21999999999999975,0.13999999999998636,-0.09999999999999432,0.4098658317060799,0.32765835874948335,2.3963861681012864,1,0.0924428348624029
AWS_001,2020-01-10 21:20:00,5.53,997.05,79.0,21,1,10,-0.25,0.2599999999999909,0.29999999999999716,0.48704893662421045,0.3155788333454152,2.358601280420328,1,0.057968370134006575
AWS_001,2020-01-10 21:30:00,5.37,997.17,79.8,21,1,10,-0.16000000000000014,0.12000000000000455,0.7999999999999972,0.49301791718634735,0.28680423065173916,2.017589320616815,1,0.10586026559253131
AWS_001,2020-01-10 21:40:00,5.23,997.33,82.0,21,1,10,-0.13999999999999968,0.16000000000008185,2.200000000000003,0.39786513627956016,0.296271272177118,1.63707055437459,1,0.09004552081933881
AWS_001,2020-01-10 21:50:00,5.12,997.6,82.5,21,1,10,-0.11000000000000032,0.2699999999999818,0.5,0.3356635219979638,0.3489651368188248,1.6919416853624125,1,0.08700585430049212
AWS_001,2020-01-10 22:00:00,5.02,997.88,82.5,22,1,10,-0.10000000000000053,0.2799999999999727,0.0,0.2805292616942784,0.39159502896737197,1.7807301873109185,1,0.07568842218219485
AWS_001,2020-01-10 22:10:00,5.0,998.2,82.4,22,1,10,-0.019999999999999574,0.32000000000005,-0.09999999999999432,0.2081746062004947,0.44178803368642483,1.5552063100010525,1,0.074062525114238
AWS_001,2020-01-10 22:20:00,5.02,998.38,82.3,22,1,10,0.019999999999999574,0.17999999999994998,-0.10000000000000853,0.1474675105463139,0.4797916214760129,1.0534071704080605,1,0.10699569186198865
AWS_001,2020-01-10 22:30:00,5.02,998.48,81.5,22,1,10,0.0,0.10000000000002274,-0.7999999999999972,0.08998147957621347,0.4550347972430767,0.3898717737929515,1,0.10345958576181058
AWS_001,2020-01-10 22:40:00,5.09,998.69,79.6,22,1,10,0.07000000000000028,0.21000000000003638,-1.9000000000000057,0.04806245936338182,0.40327410037358036,1.141928193889808,1,0.07030572403804702
AWS_001,2020-01-10 22:50:00,5.06,999.03,79.9,22,1,10,-0.03000000000000025,0.33999999999991815,0.30000000000001137,0.03331666249875949,0.3967198844213767,1.3048627003125943,1,0.07516084075267726
AWS_001,2020-01-10 23:00:00,4.72,999.36,82.6,23,1,10,-0.33999999999999986,0.3300000000000409,2.6999999999999886,0.13382824813937444,0.4346952956095141,1.3227496613747718,1,0.023367501251533196
AWS_001,2020-01-10 23:10:00,4.38,999.58,84.7,23,1,10,-0.33999999999999986,0.22000000000002728,2.1000000000000085,0.2797439305270374,0.4856747883323856,1.8885620632288176,1,0.028940695581763265
AWS_001,2020-01-10 23:20:00,4.33,999.87,84.4,23,1,10,-0.04999999999999982,0.2899999999999636,-0.29999999999999716,0.34558163531459635,0.5329696676967135,2.179372998517489,1,0.029844394372863015
AWS_001,2020-01-10 23:30:00,4.25,1000.01,82.1,23,1,10,-0.08000000000000007,0.13999999999998636,-2.3000000000000114,0.3744551597544158,0.5029380346335093,2.1590893141940923,1,0.04275470013221205
AWS_001,2020-01-10 23:40:00,4.13,1000.23,79.3,23,1,10,-0.1200000000000001,0.22000000000002728,-2.799999999999997,0.3469534070544603,0.44326064568221646,2.2339800058789945,1,0.029723845065108945
AWS_001,2020-01-10 23:50:00,4.09,1000.45,78.5,23,1,10,-0.040000000000000036,0.22000000000002728,-0.7999999999999972,0.22695080230457657,0.4041616838269286,2.5664502073227746,1,0.07698474825661772
AWS_001,2020-01-11 00:00:00,4.15,1000.6,77.7,0,1,11,0.0600000000000005,0.14999999999997726,-0.7999999999999972,0.11703275894674507,0.37882273779541514,3.046582785132726,1,0.06745035567543145
AWS_001,2020-01-11 00:10:00,4.14,1000.67,76.8,0,1,11,-0.010000000000000675,0.06999999999993634,-0.9000000000000057,0.08998147957599531,0.32346560868433066,2.8913664589602526,1,0.07923212141856384
AWS_001,2020-01-11 00:20:00,4.25,1000.78,74.4,0,1,11,0.11000000000000032,0.11000000000001364,-2.3999999999999915,0.06645800679139192,0.2903561032008941,2.5742312768410955,1,0.05794545657583028
AWS_001,2020-01-11 00:30:00,4.42,1001.01,72.9,0,1,11,0.16999999999999993,0.2300000000000182,-1.5,0.12160043859577944,0.2688989897036344,2.477095072862615,1,0.058166636928709714
AWS_001,2020-01-11 00:40:00,4.48,1001.13,73.2,0,1,11,0.0600000000000005,0.12000000000000455,0.29999999999999716,0.16084153692383632,0.2563331165915131,2.397846255844376,1,0.09853428540754933
AWS_001,2020-01-11 00:50:00,4.43,1001.29,74.3,0,1,11,-0.05000000000000071,0.15999999999996817,1.0999999999999943,0.15065412927195473,0.27325202041256413,1.9467066205946102,1,0.09081716915296972
AWS_001,2020-01-11 01:00:00,4.36,1001.45,74.6,1,1,11,-0.0699999999999994,0.16000000000008185,0.29999999999999716,0.12832251036623463,0.29757352031203427,1.3779211394948825,1,0.12011405564959104
AWS_001,2020-01-11 01:10:00,4.33,1001.54,75.3,1,1,11,-0.03000000000000025,0.08999999999991815,0.7000000000000028,0.08232051182235066,0.28411265369365607,0.9020347369513404,1,0.1260374769201057
AWS_001,2020-01-11 01:20:00,4.27,1001.58,76.0,1,1,11,-0.0600000000000005,0.04000000000007731,0.7000000000000028,0.07626707459116247,0.23018832866512623,1.192336641501417,1,0.13164778994398246
AWS_001,2020-01-11 01:30:00,4.27,1001.68,76.0,1,1,11,0.0,0.09999999999990905,0.0,0.08524474568378265,0.2028546277150492,1.0881176406989386,1,0.14194502646207163
AWS_001,2020-01-11 01:40:00,4.3,1001.88,74.7,1,1,11,0.03000000000000025,0.20000000000004547,-1.2999999999999972,0.06153589738267676,0.20099751238177327,0.7341661937192627,1,0.11102463092727982
AWS_001,2020-01-11 01:50:00,4.3,1001.97,74.2,1,1,11,0.0,0.09000000000003183,-0.5,0.03507135583383729,0.20324041588408176,0.7580677190508077,1,0.13449577085074815
AWS_001,2020-01-11 02:00:00,4.25,1002.1,74.6,2,1,11,-0.04999999999999982,0.12999999999999545,0.3999999999999915,0.02875181153752631,0.22595722304722624,0.7580677190508077,1,0.13264859227880532
AWS_001,2020-01-11 02:10:00,4.21,1002.21,74.7,2,1,11,-0.040000000000000036,0.11000000000001364,0.10000000000000853,0.033862466931523526,0.24171608685737378,0.7711463328492804,1,0.13595823782673838
AWS_001,2020-01-11 02:20:00,4.24,1002.35,74.4,2,1,11,0.03000000000000025,0.13999999999998636,-0.29999999999999716,0.035449494590026255,0.24011802648665245,0.6345602151623537,1,0.13207551814125534
AWS_001,2020-01-11 02:30:00,4.17,1002.54,75.4,2,1,11,-0.07000000000000028,0.18999999999994088,1.0,0.050892042600203156,0.24484689088315434,0.4082482904641431,1,0.10717715219341922
AWS_001,2020-01-11 02:40:00,4.08,1002.7,77.4,2,1,11,-0.08999999999999986,0.16000000000008185,2.0,0.07626707459110987,0.2743294855459053,1.190658081342801,1,0.09425570995266058
AWS_001,2020-01-11 02:50:00,3.87,1002.75,79.7,2,1,11,-0.20999999999999996,0.049999999999954525,2.299999999999997,0.14445299120019175,0.2646821993221754,2.1077634275855024,1,0.08959970663054762
AWS_001,2020-01-11 03:00:00,3.58,1002.81,81.8,3,1,11,-0.29000000000000004,0.05999999999994543,2.0999999999999943,0.25555821254659583,0.2388304837529345,2.9924349060033135,1,0.06838845453025888
AWS_001,2020-01-11 03:10:00,3.49,1002.89,82.5,3,1,11,-0.08999999999999986,0.08000000000004093,0.7000000000000028,0.3137355574365229,0.19724772909898833,3.3452453821307566,1,0.11910833866140924
AWS_001,2020-01-11 03:20:00,3.42,1002.96,83.0,3,1,11,-0.07000000000000028,0.07000000000005002,0.5,0.31720130306583944,0.14842506515606738,3.0493715199475586,1,0.12824869645719822
AWS_001,2020-01-11 03:30:00,3.39,1003.02,83.8,3,1,11,-0.029999999999999805,0.05999999999994543,0.7999999999999972,0.2769416304325894,0.12373358463016897,2.390536899248247,1,0.14064660795755662
AWS_001,2020-01-11 03:40:00,3.34,1003.14,84.3,3,1,11,-0.050000000000000266,0.12000000000000455,0.5,0.1929507709235414,0.1424663701757458,1.6436747447921491,1,0.15607215147786196
AWS_001,2020-01-11 03:50:00,3.38,1003.27,83.9,3,1,11,0.040000000000000036,0.12999999999999545,-0.3999999999999915,0.08755950357700783,0.16813684891520553,0.9537644712755983,1,0.15769215046428986
AWS_001,2020-01-11 04:00:00,3.28,1003.27,84.5,4,1,11,-0.10000000000000009,0.0,0.5999999999999943,0.07118052168009044,0.16067565661509742,0.7711463328497928,1,0.17072808608627593
AWS_001,2020-01-11 04:10:00,3.2,1003.34,85.9,4,1,11,-0.07999999999999963,0.07000000000005002,1.4000000000000057,0.08191458966497339,0.15253414905398713,0.9667816023631084,1,0.14520839069487163
AWS_001,2020-01-11 04:20:00,3.14,1003.32,86.5,4,1,11,-0.06000000000000005,-0.01999999999998181,0.5999999999999943,0.10127520262455918,0.12290918040069876,1.1178849076125288,1,0.17349273157580963
AWS_001,2020-01-11 04:30:00,3.12,1003.37,86.4,4,1,11,-0.020000000000000018,0.049999999999954525,-0.09999999999999432,0.10689558768557036,0.08117881471958231,1.148477252713901,1,0.16987234022983022
AWS_001,2020-01-11 04:40:00,3.13,1003.47,86.2,4,1,11,0.009999999999999787,0.10000000000002274,-0.20000000000000284,0.10323113225496412,0.07483314745822689,1.0948363652473285,1,0.16724515872005058
AWS_001,2020-01-11 04:50:00,3.2,1003.5,85.4,4,1,11,0.07000000000000028,0.029999999999972715,-0.7999999999999972,0.06080021929763525,0.08931218631651695,0.7574078601836813,1,0.16461771642104256
AWS_001,2020-01-11 05:00:00,3.3,1003.48,84.3,5,1,11,0.09999999999999964,-0.01999999999998181,-1.1000000000000085,0.06765106552479927,0.07890923028487289,0.8280499179808066,1,0.17176241289343602
AWS_001,2020-01-11 05:10:00,3.33,1003.51,83.4,5,1,11,0.03000000000000025,0.029999999999972715,-0.8999999999999915,0.09136009340320118,0.07782458881201954,1.269120430324862,1,0.1661725225392291
AWS_001,2020-01-11 05:20:00,3.38,1003.58,82.0,5,1,11,0.04999999999999982,0.07000000000005002,-1.4000000000000057,0.10893423092234784,0.06833739793483691,1.7162944580309862,1,0.14280644933466424
AWS_001,2020-01-11 05:30:00,3.51,1003.7,80.5,5,1,11,0.1299999999999999,0.12000000000000455,-1.5,0.1340770922516082,0.08740709328053362,2.1304146701212296,1,0.12549850929125916
AWS_001,2020-01-11 05:40:00,3.64,1003.86,79.2,5,1,11,0.13000000000000034,0.15999999999996817,-1.2999999999999972,0.15794513815451872,0.14855975213650374,2.34918425558056,1,0.1256887536395711
AWS_001,2020-01-11 05:50:00,3.74,1004.01,78.5,5,1,11,0.10000000000000009,0.14999999999997726,-0.7000000000000028,0.1782881562713969,0.2097617695236781,2.314663402455623,1,0.13355549764678581
AWS_001,2020-01-11 06:00:00,3.74,1004.23,78.6,6,1,11,0.0,0.22000000000002728,0.09999999999999432,0.1782881562714061,0.2734044622020951,1.9926531726989873,1,0.12102367888652693
AWS_001,2020-01-11 06:10:00,3.76,1004.48,78.5,6,1,11,0.019999999999999574,0.25,-0.09999999999999432,0.15367715076308683,0.3364917036369342,1.4237275020173492,1,0.11498546308154806
AWS_001,2020-01-11 06:20:00,3.74,1004.63,78.5,6,1,11,-0.019999999999999574,0.14999999999997726,0.0,0.09724539406400276,0.3610770923419248,0.7991662321864871,1,0.13011527283402247
AWS_001,2020-01-11 06:30:00,3.8,1004.79,77.8,6,1,11,0.05999999999999961,0.15999999999996817,-0.7000000000000028,0.052788887719531455,0.3625833236811094,0.44459719597304287,1,0.11227663136900168
AWS_001,2020-01-11 06:40:00,3.79,1004.87,77.3,6,1,11,-0.009999999999999787,0.08000000000004093,-0.5,0.02714160398109185,0.3320491930563687,0.5291502622132915,1,0.1323661744898636
AWS_001,2020-01-11 06:50:00,3.79,1004.95,76.9,6,1,11,0.0,0.08000000000004093,-0.3999999999999915,0.02683281572999986,0.269549005947494,0.7174027227903694,1,0.14610562447282388
AWS_001,2020-01-11 07:00:00,3.74,1005.04,76.9,7,1,11,-0.04999999999999982,0.08999999999991815,0.0,0.02683281572999986,0.20791023689433114,0.7368853370778543,1,0.1577368466819551
AWS_001,2020-01-11 07:10:00,3.74,1005.11,76.8,7,1,11,0.0,0.07000000000005002,-0.10000000000000853,0.02943920288775906,0.1744037459575706,0.6683312551923538,1,0.16061631794078318
AWS_001,2020-01-11 07:20:00,3.72,1005.09,76.5,7,1,11,-0.020000000000000018,-0.01999999999998181,-0.29999999999999716,0.033862466931198175,0.12771061011647464,0.4546060565665175,1,0.1695427491608814
AWS_001,2020-01-11 07:30:00,3.68,1005.1,76.2,7,1,11,-0.040000000000000036,0.009999999999990905,-0.29999999999999716,0.04226897995771354,0.09688481099881566,0.3777124126461051,1,0.17200869639457522
AWS_001,2020-01-11 07:40:00,3.6,1005.13,75.9,7,1,11,-0.08000000000000007,0.029999999999972715,-0.29999999999999716,0.0652431350156026,0.06603029558475332,0.41311822359577033,1,0.17095709121452712
AWS_001,2020-01-11 07:50:00,3.47,1005.14,75.7,7,1,11,-0.1299999999999999,0.009999999999990905,-0.20000000000000284,0.10628577828976805,0.03544949366695486,0.4844240566558483,1,0.15950699596603257
AWS_001,2020-01-11 08:00:00,3.3,1005.13,75.9,8,1,11,-0.17000000000000037,-0.009999999999990905,0.20000000000000284,0.1708508121139368,0.019663839936212686,0.41793141383113597,1,0.16551163498025812
AWS_001,2020-01-11 08:10:00,3.16,1005.1,76.6,8,1,11,-0.13999999999999968,-0.029999999999972715,0.6999999999999886,0.22202852669567924,0.02073643977140388,0.3614784456463323,1,0.16036983619847173
AWS_001,2020-01-11 08:20:00,3.08,1005.19,76.7,8,1,11,-0.08000000000000007,0.09000000000003183,0.10000000000000853,0.2413641785076009,0.033115956891415034,0.40824829046413913,1,0.1589391337394801
AWS_001,2020-01-11 08:30:00,3.07,1005.26,76.4,8,1,11,-0.010000000000000231,0.06999999999993634,-0.29999999999999716,0.2178990591993865,0.057763886646156865,0.4195235392683336,1,0.1731220313151866
AWS_001,2020-01-11 08:40:00,3.16,1005.35,75.2,8,1,11,0.0900000000000003,0.09000000000003183,-1.2000000000000028,0.15305772331588202,0.0943927959820436,0.5845225972251904,1,0.1601370009681014
AWS_001,2020-01-11 08:50:00,3.26,1005.48,74.7,8,1,11,0.09999999999999964,0.12999999999999545,-0.5,0.09304120950761272,0.14386336086445156,0.8134289561276142,1,0.1589162633997847
AWS_001,2020-01-11 09:00:00,3.41,1005.7,74.4,9,1,11,0.15000000000000036,0.22000000000002728,-0.29999999999999716,0.1277497553812675,0.2170407026296041,1.023067283548264,1,0.1336276182252254
AWS_001,2020-01-11 09:10:00,3.53,1005.74,74.3,9,1,11,0.11999999999999966,0.03999999999996362,-0.10000000000000853,0.18627041275157785,0.22853154398580336,1.0342469079802832,1,0.16013242454555449
AWS_001,2020-01-11 09:20:00,3.65,1005.89,74.0,9,1,11,0.1200000000000001,0.14999999999997726,-0.29999999999999716,0.22294991963812757,0.24527535532200623,0.8687155268939944,1,0.14567158607575215
AWS_001,2020-01-11 09:30:00,3.71,1006.08,74.0,9,1,11,0.06000000000000005,0.19000000000005457,0.0,0.21713283184873822,0.26560622468834716,0.45898438608153785,1,0.13890616622469848
AWS_001,2020-01-11 09:40:00,3.7,1006.07,74.4,9,1,11,-0.009999999999999787,-0.009999999999990905,0.4000000000000057,0.17996295915175603,0.2328661989031905,0.2683281572998947,1,0.16611339733227048
AWS_001,2020-01-11 09:50:00,3.68,1006.19,75.1,9,1,11,-0.020000000000000018,0.12000000000000455,0.6999999999999886,0.11910779431531654,0.19947430893076296,0.40331955899340377,1,0.16182185097317198
AWS_001,2020-01-11 10:00:00,3.83,1006.18,74.9,10,1,11,0.1499999999999999,-0.010000000000104592,-0.19999999999998863,0.09709102258531883,0.17649362572723978,0.4593473631142174,1,0.17021014774034454
AWS_001,2020-01-11 10:10:00,3.92,1006.38,74.6,10,1,11,0.08999999999999986,0.20000000000004547,-0.30000000000001137,0.1041953293898808,0.16265505398722904,0.45607017003964867,1,0.14802771361560874
AWS_001,2020-01-11 10:20:00,4.0,1006.45,74.8,10,1,11,0.08000000000000007,0.07000000000005002,0.20000000000000284,0.13231276078545226,0.1568119890814431,0.3932768321000978,1,0.17527696973469697
AWS_001,2020-01-11 10:30:00,3.99,1006.48,75.0,10,1,11,-0.009999999999999787,0.029999999999972715,0.20000000000000284,0.1405228332573406,0.16750124353404394,0.26076809620821767,1,0.17768303198381447
AWS_001,2020-01-11 10:40:00,4.03,1006.64,74.4,10,1,11,0.040000000000000036,0.15999999999996817,-0.5999999999999943,0.13287839051807024,0.17795130396874756,0.26076809620821767,1,0.15063685490704348
AWS_001,2020-01-11 10:50:00,4.34,1006.83,73.9,10,1,11,0.3099999999999996,0.19000000000005457,-0.5,0.1731377101231203,0.22268063809583274,0.4049691346263499,1,0.12420706496924833
AWS_001,2020-01-11 11:00:00,4.54,1007.01,73.2,11,1,11,0.20000000000000018,0.17999999999994998,-0.7000000000000028,0.24598102907883546,0.24571663879536215,0.6645800679125266,1,0.12849797177347583
AWS_001,2020-01-11 11:10:00,4.86,1007.21,70.4,11,1,11,0.3200000000000003,0.20000000000004547,-2.799999999999997,0.35539649219806607,0.30272099351109294,1.7046016152363748,1,0.05154254943093195
AWS_001,2020-01-11 11:20:00,4.83,1006.86,67.92,11,1,11,-0.03000000000000025,-0.35000000000002274,-2.480000000000004,0.3791261883155743,0.2591846187143242,2.745578263317138,1,0.039798413490570894
AWS_001,2020-01-11 11:30:00,4.88,1006.64,67.93,11,1,11,0.04999999999999982,-0.22000000000002728,0.010000000000005116,0.3442673379802917,0.22024985791384408,2.9519784326220897,1,0.10498514951987659
AWS_001,2020-01-11 11:40:00,5.01,1006.63,66.71,11,1,11,0.1299999999999999,-0.009999999999990905,-1.220000000000013,0.2509714459190735,0.2223210889181606,3.001492961843998,1,0.11938598789861332
AWS_001,2020-01-11 11:50:00,5.0,1006.73,66.41,11,1,11,-0.009999999999999787,0.10000000000002274,-0.29999999999999716,0.1706067603195001,0.22896870217997098,2.5893120064344255,1,0.12918621986774836
AWS_001,2020-01-11 12:00:00,5.08,1006.75,66.68,12,1,11,0.08000000000000007,0.01999999999998181,0.27000000000001023,0.10013324456302862,0.2161172519225619,1.4880960990468908,1,0.14720010416698082
AWS_001,2020-01-11 12:10:00,4.91,1006.68,66.86,12,1,11,-0.16999999999999993,-0.07000000000005002,0.1799999999999926,0.09368386556243108,0.08549853749072811,0.6666558332441432,1,0.16157488537265502
AWS_001,2020-01-11 12:20:00,4.74,1006.42,64.81,12,1,11,-0.16999999999999993,-0.2599999999999909,-2.049999999999997,0.12044362443367003,0.11856081384966932,1.0088144857529533,1,0.0882624697075069
AWS_001,2020-01-11 12:30:00,5.04,1006.22,63.56,12,1,11,0.2999999999999998,-0.1999999999999318,-1.25,0.12307179476517016,0.2091331312384994,1.3481159692937554,1,0.10051864523037163
AWS_001,2020-01-11 12:40:00,5.5,1006.03,62.47,12,1,11,0.45999999999999996,-0.19000000000005457,-1.0900000000000034,0.25359416397081613,0.29956078946177256,1.8262904113707408,1,0.05489168861408944
AWS_001,2020-01-11 12:50:00,5.06,1005.91,63.55,12,1,11,-0.4400000000000004,-0.12000000000000455,1.0799999999999983,0.25264599739567933,0.3421549355454573,1.7989413553526294,1,0.07984739053473844
AWS_001,2020-01-11 13:00:00,5.3,1005.7,63.64,13,1,11,0.2400000000000002,-0.2099999999999227,0.09000000000000341,0.27220702905458904,0.3556964997303158,1.52120237531517,1,0.07002375624694324
AWS_001,2020-01-11 13:10:00,5.69,1005.57,60.16,13,1,11,0.39000000000000057,-0.12999999999999545,-3.480000000000004,0.3446979353966771,0.31778923821114047,1.5901121553727946,1,0.027391857410979714
AWS_001,2020-01-11 13:20:00,5.46,1005.49,61.27,13,1,11,-0.23000000000000043,-0.08000000000004093,1.1100000000000065,0.25786947602757715,0.28213471946015795,1.4487707433076487,1,0.10126643277448849
AWS_001,2020-01-11 13:30:00,5.68,1005.38,61.62,13,1,11,0.21999999999999975,-0.11000000000001364,0.3499999999999943,0.23986801926630802,0.2505992815766007,1.3632228969116291,1,0.12128726855580568
AWS_001,2020-01-11 13:40:00,5.83,1005.21,61.54,13,1,11,0.15000000000000036,-0.16999999999995907,-0.0799999999999983,0.28723973726966195,0.24508501911618996,1.3681033099382898,1,0.1171171085423835
AWS_001,2020-01-11 13:50:00,5.59,1005.1,61.14,13,1,11,-0.2400000000000002,-0.11000000000001364,-0.3999999999999986,0.18798049544234197,0.22498148056445855,1.1446294888146242,1,0.13308915010629685
AWS_001,2020-01-11 14:00:00,5.48,1004.98,61.53,14,1,11,-0.10999999999999943,-0.12000000000000455,0.39000000000000057,0.14048724734562074,0.23025348335814377,0.54596703196923,1,0.14088828906931194
AWS_001,2020-01-11 14:10:00,5.42,1004.87,61.79,14,1,11,-0.0600000000000005,-0.11000000000001364,0.259999999999998,0.15654605286224132,0.2362555112586917,0.2372691860819884,1,0.1381276458473623
AWS_001,2020-01-11 14:20:00,5.41,1004.91,61.74,14,1,11,-0.009999999999999787,0.03999999999996362,-0.04999999999999716,0.16509593170865022,0.19501281992403402,0.23091123835222602,1,0.14559440520010958
AWS_001,2020-01-11 14:30:00,5.38,1005.03,61.63,14,1,11,-0.03000000000000025,0.12000000000000455,-0.10999999999999943,0.169872501208245,0.1254857227024709,0.23146634023984072,1,0.14504699722783387
AWS_001,2020-01-11 14:40:00,5.37,1004.98,61.49,14,1,11,-0.009999999999999787,-0.049999999999954525,-0.14000000000000057,0.08232051182264347,0.0823205114334184,0.233295234979251,1,0.15969984756719374
AWS_001,2020-01-11 14:50:00,5.38,1004.98,61.75,14,1,11,0.009999999999999787,0.0,0.259999999999998,0.04082482904729124,0.05776388666737,0.12485992150156984,1,0.15341488614541354
AWS_001,2020-01-11 15:00:00,5.48,1004.99,62.13,15,1,11,0.10000000000000053,0.009999999999990905,0.38000000000000256,0.04082482904729124,0.05865151265084438,0.2135181491054065,1,0.1383212572940325
AWS_001,2020-01-11 15:10:00,5.59,1004.81,61.45,15,1,11,0.10999999999999943,-0.18000000000006366,-0.6799999999999997,0.08596510920178632,0.07874007833605058,0.24514621486788998,1,0.11153063017994586
AWS_001,2020-01-11 15:20:00,5.47,1004.59,61.55,15,1,11,-0.1200000000000001,-0.2199999999999136,0.09999999999999432,0.08596510920178875,0.16848343124392565,0.2508917429172346,1,0.11420351867316952
AWS_001,2020-01-11 15:30:00,5.35,1004.48,61.96,15,1,11,-0.1200000000000001,-0.11000000000001364,0.4100000000000037,0.09121403400834363,0.2224185242695606,0.2761460965939202,1,0.13341755070270078
AWS_001,2020-01-11 15:40:00,5.16,1004.41,63.44,15,1,11,-0.1899999999999995,-0.07000000000005002,1.4799999999999969,0.14679918255928334,0.25242820749567635,0.7275346498031022,1,0.1210845592585108
AWS_001,2020-01-11 15:50:00,4.89,1004.29,64.78,15,1,11,-0.27000000000000046,-0.12000000000000455,1.3400000000000034,0.2578113005023966,0.2618205491189797,1.3038008539129857,1,0.10166354394927851
AWS_001,2020-01-11 16:00:00,4.59,1004.23,65.46,16,1,11,-0.2999999999999998,-0.05999999999994543,0.6799999999999926,0.3777697711570686,0.21151044089892992,1.7281165084172856,1,0.12034661877672531
AWS_001,2020-01-11 16:10:00,4.33,1004.13,66.74,16,1,11,-0.2599999999999998,-0.10000000000002274,1.2800000000000011,0.44514042728116143,0.1699117416309526,2.035901929530142,1,0.10035677419251487
AWS_001,2020-01-11 16:20:00,4.06,1004.15,67.85,16,1,11,-0.27000000000000046,0.01999999999998181,1.1099999999999994,0.4946513923967515,0.1406295367683364,2.148324153070205,1,0.11159821820833254
AWS_001,2020-01-11 16:30:00,3.93,1004.06,68.39,16,1,11,-0.12999999999999945,-0.09000000000003183,0.5400000000000063,0.4781073798496542,0.1259232568376315,1.8943706078796805,1,0.13321931435314754
AWS_001,2020-01-11 16:40:00,3.79,1004.02,68.99,16,1,11,-0.14000000000000012,-0.03999999999996362,0.5999999999999943,0.4196069589509031,0.10132456076125036,1.6718223589839556,1,0.15515690515323466
AWS_001,2020-01-11 16:50:00,3.58,1004.03,69.87,16,1,11,-0.20999999999999996,0.009999999999990905,0.8800000000000097,0.36686055479798074,0.08140434026537413,1.588026028333789,1,0.14650260923168346
AWS_001,2020-01-11 17:00:00,3.34,1004.04,70.8,17,1,11,-0.2400000000000002,0.009999999999990905,0.9299999999999926,0.3511932041863474,0.054924189702386085,1.448511880056853,1,0.1420429427891411
AWS_001,2020-01-11 17:10:00,3.18,1004.06,71.4,17,1,11,-0.1599999999999997,0.01999999999998181,0.6000000000000085,0.34290912304379617,0.046904157043399015,1.3882795107612176,1,0.15788877290304132
AWS_001,2020-01-11 17:20:00,2.92,1003.99,72.6,17,1,11,-0.26000000000000023,-0.06999999999993634,1.1999999999999886,0.38171542628856053,0.026583201744196167,1.5677170237853217,1,0.11907489966477847
AWS_001,2020-01-11 17:30:00,2.69,1003.98,73.5,17,1,11,-0.22999999999999998,-0.009999999999990905,0.9000000000000057,0.4089009660051957,0.030331500926977454,1.6794483221184788,1,0.1361781709951978
AWS_001,2020-01-11 17:40:00,2.64,1003.96,73.7,17,1,11,-0.04999999999999982,-0.01999999999998181,0.20000000000000284,0.37311749713279435,0.0389871767202508,1.5384461858208804,1,0.15936807066623443
AWS_001,2020-01-11 17:50:00,2.45,1003.97,74.6,17,1,11,-0.18999999999999995,0.009999999999990905,0.8999999999999915,0.3409398773977109,0.04049691282986326,1.451436070471949,1,0.14868047818379965
AWS_001,2020-01-11 18:00:00,2.33,1003.95,75.0,18,1,11,-0.1200000000000001,-0.01999999999998181,0.4000000000000057,0.3104459158478748,0.03937003872172225,1.3201010062367478,1,0.16121744228322538
AWS_001,2020-01-11 18:10:00,2.3,1004.04,75.0,18,1,11,-0.03000000000000025,0.08999999999991815,0.0,0.2388932816132612,0.03188520998303425,0.9626352718800024,1,0.15954843448971262
AWS_001,2020-01-11 18:20:00,2.17,1004.02,75.5,18,1,11,-0.1299999999999999,-0.01999999999998181,0.5,0.20327321515622185,0.03559026012260617,0.7918333157937869,1,0.16817675796840909
AWS_001,2020-01-11 18:30:00,1.96,1003.95,76.5,18,1,11,-0.20999999999999996,-0.06999999999993634,1.0,0.2328447265166407,0.0386867757206642,0.9311283477594051,1,0.1475020131300282
AWS_001,2020-01-11 18:40:00,1.94,1003.9,76.4,18,1,11,-0.020000000000000018,-0.05000000000006821,-0.09999999999999432,0.20740459654164922,0.0511533636801747,0.7899367063260962,1,0.16992798037909657
AWS_001,2020-01-11 18:50:00,1.81,1003.81,77.0,18,1,11,-0.1299999999999999,-0.09000000000003183,0.5999999999999943,0.21248529360860033,0.08360621956224917,0.8485281374247122,1,0.16322523719111848
AWS_001,2020-01-11 19:00:00,1.85,1003.82,76.8,19,1,11,0.040000000000000036,0.010000000000104592,-0.20000000000000284,0.1910759011490713,0.0977070448660119,0.7823042886253055,1,0.1726785811867832
AWS_001,2020-01-11 19:10:00,1.88,1003.77,76.5,19,1,11,0.029999999999999805,-0.05000000000006821,-0.29999999999999716,0.12786711852515756,0.09537644686746918,0.5167204273121191,1,0.1723096787975446
AWS_001,2020-01-11 19:20:00,1.67,1003.76,77.7,19,1,11,-0.20999999999999996,-0.009999999999990905,1.2000000000000028,0.10496030995852595,0.07503332560263237,0.48751068364539485,1,0.14292794414563448
AWS_001,2020-01-11 19:30:00,1.51,1003.67,78.4,19,1,11,-0.15999999999999992,-0.09000000000003183,0.7000000000000028,0.15895492023396654,0.07626707427385919,0.7737355275987432,1,0.15892576019322635
AWS_001,2020-01-11 19:40:00,1.47,1003.58,78.8,19,1,11,-0.040000000000000036,-0.08999999999991815,0.3999999999999915,0.17713460042177914,0.09268225262881342,0.9244818368516718,1,0.16981796479604888
AWS_001,2020-01-11 19:50:00,1.45,1003.54,78.9,19,1,11,-0.020000000000000018,-0.04000000000007731,0.10000000000000853,0.19208505060670605,0.11242775437129722,1.025182910510162,1,0.17646559994102357
AWS_001,2020-01-11 20:00:00,1.48,1003.64,78.6,20,1,11,0.030000000000000027,0.10000000000002274,-0.30000000000001137,0.16848343143044717,0.09316651734064334,0.913783344126053,1,0.165802786386765
AWS_001,2020-01-11 20:10:00,1.53,1003.66,78.2,20,1,11,0.050000000000000044,0.01999999999998181,-0.3999999999999915,0.07960318251537263,0.07652886135508764,0.4412104562099149,1,0.16526966662411563
AWS_001,2020-01-11 20:20:00,1.5,1003.72,78.0,20,1,11,-0.030000000000000027,0.06000000000005912,-0.20000000000000284,0.028982753490789246,0.06503844981035274,0.348807492277589,1,0.15166769182078355
AWS_001,2020-01-11 20:30:00,1.4,1003.68,78.4,20,1,11,-0.10000000000000009,-0.04000000000007731,0.4000000000000057,0.0444597195962114,0.06623191542132029,0.348807492277589,1,0.15981114932326057
AWS_001,2020-01-11 20:40:00,1.34,1003.64,78.7,20,1,11,-0.05999999999999983,-0.03999999999996362,0.29999999999999716,0.06985699678562018,0.060221811831253684,0.3326659986667931,1,0.16557428880278352
AWS_001,2020-01-11 20:50:00,1.29,1003.41,78.8,20,1,11,-0.050000000000000044,-0.2300000000000182,0.09999999999999432,0.09563820714845962,0.10949885823092043,0.30822070015218034,1,0.14089285853869737
AWS_001,2020-01-11 21:00:00,1.28,1003.36,78.7,21,1,11,-0.010000000000000009,-0.049999999999954525,-0.09999999999999432,0.1062073443783601,0.15289429885118186,0.3204163957555446,1,0.16577337959395194
AWS_001,2020-01-11 21:10:00,1.35,1003.23,78.1,21,1,11,0.07000000000000006,-0.12999999999999545,-0.6000000000000085,0.08124038404575826,0.2003663310594024,0.3391164991596578,1,0.12527170857372394
AWS_001,2020-01-11 21:20:00,1.34,1003.12,77.9,21,1,11,-0.010000000000000009,-0.11000000000001364,-0.19999999999998863,0.043665394382368924,0.22123893559593083,0.36696957185707046,1,0.14117151991338983
AWS_001,2020-01-11 21:30:00,1.16,1003.02,78.7,21,1,11,-0.18000000000000016,-0.10000000000002274,0.7999999999999972,0.07146094504389168,0.2222311108399923,0.38166302764216054,1,0.13682190837904085
AWS_001,2020-01-11 21:40:00,0.87,1002.96,80.0,21,1,11,-0.2899999999999999,-0.05999999999994543,1.2999999999999972,0.18207141456004583,0.1818424225167671,0.7348469228365824,1,0.12707130775609093
AWS_001,2020-01-11 21:50:00,0.72,1002.82,80.9,21,1,11,-0.15000000000000002,-0.13999999999998636,0.9000000000000057,0.26495282598963155,0.1938814069514933,1.1657615536646084,1,0.12387829245291365
AWS_001,2020-01-11 22:00:00,0.65,1002.71,81.2,22,1,11,-0.06999999999999995,-0.11000000000001364,0.29999999999999716,0.3098870762066198,0.19106717831615286,1.4320148975025861,1,0.14834520433190823
AWS_001,2020-01-11 22:10:00,0.6,1002.63,81.6,22,1,11,-0.050000000000000044,-0.08000000000004093,0.3999999999999915,0.2987975903515321,0.18896207723010175,1.476143624449494,1,0.15303391945453232
AWS_001,2020-01-11 22:20:00,0.6,1002.59,81.6,22,1,11,0.0,-0.03999999999996362,0.0,0.21759289204048754,0.175888221983089,1.1307814407169046,1,0.1600551972313487
AWS_001,2020-01-11 22:30:00,0.6,1002.56,81.5,22,1,11,0.0,-0.030000000000086402,-0.09999999999999432,0.10726913193710129,0.1535469525372824,0.6186005711846579,1,0.16711938965211048
AWS_001,2020-01-11 22:40:00,0.6,1002.43,81.3,22,1,11,0.0,-0.12999999999999545,-0.20000000000000284,0.04915960401119304,0.13321661546058483,0.2738612787587986,1,0.13754011339954386
AWS_001,2020-01-11 22:50:00,0.48,1002.34,81.9,22,1,11,-0.12,-0.08999999999991815,0.6000000000000085,0.05671566508942299,0.13559744332368706,0.24832774043618236,1,0.14868533338365908
AWS_001,2020-01-11 23:00:00,0.5,1002.33,81.9,23,1,11,0.020000000000000018,-0.009999999999990905,0.0,0.05715476066378481,0.13084341775631836,0.23380903889753268,1,0.1579033786803617
AWS_001,2020-01-11 23:10:00,0.39,1002.36,82.3,23,1,11,-0.10999999999999999,0.029999999999972715,0.3999999999999915,0.08681397736846888,0.11432410056848222,0.35637059362911455,1,0.15723360077056192
AWS_001,2020-01-11 23:20:00,0.32,1002.28,82.8,23,1,11,-0.07,-0.08000000000004093,0.5,0.11214573851257585,0.09933109602831566,0.5431390245633672,1,0.16219714692571896
AWS_001,2020-01-11 23:30:00,0.27,1002.18,83.0,23,1,11,-0.04999999999999999,-0.10000000000002274,0.20000000000000284,0.12290918056243275,0.08414273570801355,0.632455532036639,1,0.16645832601815175
AWS_001,2020-01-11 23:40:00,0.09,1001.95,83.7,23,1,11,-0.18000000000000002,-0.2299999999999045,0.7000000000000028,0.15197587527803574,0.15607690403633664,0.704272674469138,1,0.12802285056151919
AWS_001,2020-01-11 23:50:00,-0.13,1001.85,84.9,23,1,11,-0.22,-0.10000000000002274,1.2000000000000028,0.22662744758712278,0.21160497782751994,1.0751744044591711,1,0.11963702382912078
AWS_001,2020-01-12 00:00:00,-0.24,1001.69,85.4,0,1,12,-0.10999999999999999,-0.15999999999996817,0.5,0.2562550812501393,0.26286244814137905,1.2319361455331397,1,0.11113675797935557
AWS_001,2020-01-12 00:10:00,-0.09,1001.64,85.3,0,1,12,0.15,-0.05000000000006821,-0.10000000000000853,0.2271269835719923,0.25825697792038493,1.1651895410924562,1,0.13672518093366748
AWS_001,2020-01-12 00:20:00,0.15,1001.49,83.7,0,1,12,0.24,-0.14999999999997726,-1.5999999999999943,0.19270876126038183,0.24625190350483886,0.9973297682668987,1,0.10209974083060236
AWS_001,2020-01-12 00:30:00,0.11,1001.3,83.6,0,1,12,-0.039999999999999994,-0.19000000000005457,-0.10000000000000853,0.157024414237117,0.23653047720856882,0.8571269839827417,1,0.1288653749800775
AWS_001,2020-01-12 00:40:00,0.08,1001.25,84.1,0,1,12,-0.03,-0.049999999999954525,0.5,0.15569200364772423,0.23355227819518082,0.8024961059124915,1,0.150293620369227
AWS_001,2020-01-12 00:50:00,0.07,1001.15,83.5,0,1,12,-0.009999999999999995,-0.10000000000002274,-0.5999999999999943,0.14868310820840094,0.22018174307862645,0.8640987597903848,1,0.1439710051498876
AWS_001,2020-01-12 01:00:00,0.02,1001.01,83.7,1,1,12,-0.05,-0.13999999999998636,0.20000000000000284,0.08382521498041573,0.22826884731254615,0.6765106552532347,1,0.1278151385184516
AWS_001,2020-01-12 01:10:00,0.08,1000.89,83.2,1,1,12,0.06,-0.12000000000000455,-0.5,0.043243496619115536,0.21414169760969837,0.2943920288849912,1,0.12597138243276612
AWS_001,2020-01-12 01:20:00,0.04,1000.72,83.4,1,1,12,-0.04,-0.16999999999995907,0.20000000000000284,0.03204163957280183,0.22294991961641547,0.3060501048374294,1,0.11662432334209694
AWS_001,2020-01-12 01:30:00,0.14,1000.76,83.2,1,1,12,0.1,0.03999999999996362,-0.20000000000000284,0.041190613815692945,0.21219487896328973,0.3430257521979599,1,0.13226748868812305
AWS_001,2020-01-12 01:40:00,0.35,1000.8,82.2,1,1,12,0.20999999999999996,0.03999999999996362,-1.0,0.12143585412272388,0.16485347026773314,0.5253570214665353,1,0.13249818614906755
AWS_001,2020-01-12 01:50:00,0.56,1000.72,81.3,1,1,12,0.21000000000000008,-0.07999999999992724,-0.9000000000000057,0.21358058588392104,0.11395905694734464,0.9048020041261626,1,0.1399634119439055
AWS_001,2020-01-12 02:00:00,0.67,1000.71,80.6,2,1,12,0.10999999999999999,-0.009999999999990905,-0.7000000000000028,0.26394443859745104,0.06918574030125801,1.1600287352779357,1,0.14712588902007728
AWS_001,2020-01-12 02:10:00,0.66,1000.67,80.7,2,1,12,-0.010000000000000009,-0.04000000000007731,0.10000000000000853,0.27045640437328844,0.04472135949285774,1.2263767773419774,1,0.1523989278206893
AWS_001,2020-01-12 02:20:00,0.53,1000.52,81.3,2,1,12,-0.13,-0.14999999999997726,0.5999999999999943,0.20481699148230972,0.09729679677170194,0.9894442884789162,1,0.13377498280198974
AWS_001,2020-01-12 02:30:00,0.51,1000.26,81.6,2,1,12,-0.020000000000000018,-0.2599999999999909,0.29999999999999716,0.11707547423151374,0.19612920910262863,0.5913261931202607,1,0.12698210343470512
AWS_001,2020-01-12 02:40:00,0.46,1000.25,81.7,2,1,12,-0.04999999999999999,-0.009999999999990905,0.10000000000000853,0.0840832920375264,0.21867022354340784,0.45607017004338024,1,0.15326289036804958
AWS_001,2020-01-12 02:50:00,0.41,1000.26,82.1,2,1,12,-0.050000000000000044,0.009999999999990905,0.3999999999999915,0.10545141061108135,0.21584716815129618,0.588784057758121,1,0.1516155576401927
AWS_001,2020-01-12 03:00:00,0.23,1000.16,82.5,3,1,12,-0.17999999999999997,-0.10000000000002274,0.4000000000000057,0.1432014897496894,0.19674009928553324,0.6252999280374048,1,0.15104224134549887
AWS_001,2020-01-12 03:10:00,0.05,1000.01,83.4,3,1,12,-0.18,-0.14999999999997726,0.9000000000000057,0.1880159567692577,0.16645319663024385,0.7615773105888713,1,0.12164611614664123
AWS_001,2020-01-12 03:20:00,0.01,999.88,83.6,3,1,12,-0.04,-0.12999999999999545,0.19999999999998863,0.21470134295463159,0.15857700548916198,0.8518607084908895,1,0.147648948128684
AWS_001,2020-01-12 03:30:00,-0.04,999.73,84.1,3,1,12,-0.05,-0.14999999999997726,0.5,0.21341665039663232,0.2140482811683574,0.9402127418856309,1,0.13997464570654145
AWS_001,2020-01-12 03:40:00,-0.04,999.64,84.2,3,1,12,0.0,-0.09000000000003183,0.10000000000000853,0.1804069473898242,0.2421294419778971,0.8518607084910826,1,0.1591861813688344
AWS_001,2020-01-12 03:50:00,0.02,999.7,84.0,3,1,12,0.06,0.06000000000005912,-0.20000000000000284,0.10028293307693001,0.2017589320793631,0.6345602151656293,1,0.15878914485027446
AWS_001,2020-01-12 04:00:00,0.11,999.58,83.3,4,1,12,0.09,-0.12000000000000455,-0.7000000000000028,0.057067211834039726,0.160083311669671,0.3829708431083263,1,0.1428833198050185
AWS_001,2020-01-12 04:10:00,-0.13,999.55,84.3,4,1,12,-0.24,-0.030000000000086402,1.0,0.07985403350182053,0.1194989540101286,0.38686776380459237,1,0.135832734389996
AWS_001,2020-01-12 04:20:00,0.07,999.57,84.1,4,1,12,0.2,0.020000000000095497,-0.20000000000000284,0.08658329322975827,0.0741395082051078,0.35777087640630184,1,0.15553077183599529
AWS_001,2020-01-12 04:30:00,0.27,999.52,83.3,4,1,12,0.2,-0.05000000000006821,-0.7999999999999972,0.13696714934554877,0.06562519849405277,0.45018514710188395,1,0.15348433596282002
AWS_001,2020-01-12 04:40:00,0.3,999.51,82.8,4,1,12,0.02999999999999997,-0.009999999999990905,-0.5,0.16058227382408982,0.06853223094054138,0.5853773711641451,1,0.16839893796697974
AWS_001,2020-01-12 04:50:00,0.31,999.46,82.9,4,1,12,0.010000000000000009,-0.049999999999954525,0.10000000000000853,0.17248188310616966,0.044459719727441456,0.6188699378741053,1,0.16537626157801788
AWS_001,2020-01-12 05:00:00,0.46,999.37,82.5,5,1,12,0.15000000000000002,-0.09000000000003183,-0.4000000000000057,0.20944370763171555,0.07257180360664721,0.7332575718469637,1,0.16209923446933805
AWS_001,2020-01-12 05:10:00,0.45,999.29,82.3,5,1,12,-0.010000000000000009,-0.08000000000004093,-0.20000000000000284,0.1424078649508412,0.10481730143119453,0.6462713568391828,1,0.1740348394977938
AWS_001,2020-01-12 05:20:00,0.44,999.17,82.5,5,1,12,-0.010000000000000009,-0.12000000000000455,0.20000000000000284,0.08704405015006104,0.13779211399873187,0.36009258069369215,1,0.15817622216268662
AWS_001,2020-01-12 05:30:00,0.37,999.13,82.7,5,1,12,-0.07,-0.03999999999996362,0.20000000000000284,0.07194905605028501,0.15341664408121283,0.22286019534811524,1,0.17484287416427524
AWS_001,2020-01-12 05:40:00,0.28,999.11,83.1,5,1,12,-0.08999999999999997,-0.01999999999998181,0.3999999999999915,0.07713624310180167,0.14166862749175368,0.2943920288843108,1,0.1709029233462922
AWS_001,2020-01-12 05:50:00,0.24,999.02,83.3,5,1,12,-0.040000000000000036,-0.09000000000003183,0.20000000000000284,0.09416297927809217,0.12750163404085058,0.38815804341872057,1,0.1678210938471682
AWS_001,2020-01-12 06:00:00,0.26,998.92,83.3,6,1,12,0.020000000000000018,-0.10000000000002274,0.0,0.09273618495419315,0.1269120431012928,0.4273952113333855,1,0.16444943368206938
AWS_001,2020-01-12 06:10:00,0.39,998.85,83.0,6,1,12,0.13,-0.06999999999993634,-0.29999999999999716,0.08099382692438908,0.12691204310534268,0.3250640962498955,1,0.17332982129960228
AWS_001,2020-01-12 06:20:00,0.43,998.8,82.6,6,1,12,0.03999999999999998,-0.05000000000006821,-0.4000000000000057,0.07833687935145546,0.1367357549657149,0.2966479394907418,1,0.17548679983867127
AWS_001,2020-01-12 06:30:00,0.42,998.77,82.6,6,1,12,-0.010000000000000009,-0.029999999999972715,0.0,0.08594571930308599,0.13227496621389104,0.31885210783490747,1,0.17849772605603975
AWS_001,2020-01-12 06:40:00,0.45,998.64,82.8,6,1,12,0.030000000000000027,-0.12999999999999545,0.20000000000000284,0.09137833441171599,0.13048627011293323,0.3204163957583039,1,0.15652813267610505
AWS_001,2020-01-12 06:50:00,0.46,998.63,82.9,6,1,12,0.010000000000000009,-0.009999999999990905,0.10000000000000853,0.0735980072184542,0.1151375989366397,0.2658320271726373,1,0.17828766760587667
AWS_001,2020-01-12 07:00:00,0.62,998.69,82.5,7,1,12,0.15999999999999998,0.06000000000005912,-0.4000000000000057,0.08134289561191076,0.09011104273486063,0.19663841606018223,1,0.1557236646489224
AWS_001,2020-01-12 07:10:00,0.58,998.54,82.5,7,1,12,-0.040000000000000036,-0.15000000000009095,0.0,0.08477420991393295,0.09621157253755468,0.16431676726358171,1,0.1504911640921746
AWS_001,2020-01-12 07:20:00,0.46,998.55,83.1,7,1,12,-0.11999999999999994,0.009999999999990905,0.5999999999999943,0.08109665015604393,0.0866410219857221,0.2422120283360347,1,0.16294929613380227
AWS_001,2020-01-12 07:30:00,0.53,998.52,83.3,7,1,12,0.07,-0.029999999999972715,0.20000000000000284,0.0717402722780766,0.06774953892570013,0.32093613072391974,1,0.17467925354326586
AWS_001,2020-01-12 07:40:00,0.65,998.58,82.9,7,1,12,0.12,0.06000000000005912,-0.3999999999999915,0.08049844718916836,0.06410928189259749,0.32041639575826203,1,0.1655013422161173
AWS_001,2020-01-12 07:50:00,0.58,998.5,83.0,7,1,12,-0.07000000000000006,-0.08000000000004093,0.09999999999999432,0.06752777206356052,0.06772493404761654,0.3250640962498362,1,0.17278427228907522
AWS_001,2020-01-12 08:00:00,0.45,998.32,83.5,8,1,12,-0.12999999999999995,-0.17999999999994998,0.5,0.07730890418660478,0.09304120964722004,0.3449637662191973,1,0.14347190661851966
AWS_001,2020-01-12 08:10:00,0.28,998.3,84.5,8,1,12,-0.16999999999999998,-0.020000000000095497,1.0,0.12797135096001566,0.1207338672170554,0.5879342366888943,1,0.16570291328048486
AWS_001,2020-01-12 08:20:00,0.25,998.23,84.6,8,1,12,-0.030000000000000027,-0.06999999999993634,0.09999999999999432,0.16243973241337845,0.14260668530589676,0.7420691791679971,1,0.1829761106359757
AWS_001,2020-01-12 08:30:00,0.19,998.17,85.1,8,1,12,-0.06,-0.06000000000005912,0.5,0.1888915032495133,0.15849290213789033,0.9223159256302577,1,0.17777956196127365
AWS_001,2020-01-12 08:40:00,0.23,998.12,85.0,8,1,12,0.04000000000000001,-0.049999999999954525,-0.09999999999999432,0.1519210321181958,0.13441230113285593,0.8471520918178559,1,0.18390324972396777
AWS_001,2020-01-12 08:50:00,0.51,998.1,84.5,8,1,12,0.28,-0.01999999999998181,-0.5,0.12998717885439337,0.09201449177589113,0.5680375574479983,1,0.16505116347475207
AWS_001,2020-01-12 09:00:00,0.89,998.0,82.8,9,1,12,0.38,-0.10000000000002274,-1.7000000000000028,0.2689547669525997,0.10500793635500147,0.8328665359296351,1,0.12320485510345558
AWS_001,2020-01-12 09:10:00,1.0,997.92,82.5,9,1,12,0.10999999999999999,-0.08000000000004093,-0.29999999999999716,0.35577614684873465,0.11313708513031508,1.1373946837713218,1,0.17549197756444662
AWS_001,2020-01-12 09:20:00,1.08,997.78,82.6,9,1,12,0.08000000000000007,-0.13999999999998636,0.09999999999999432,0.3930903204097904,0.14611639207447835,1.2437845472606754,1,0.1528635382562359
AWS_001,2020-01-12 09:30:00,1.42,997.82,81.8,9,1,12,0.33999999999999986,0.04000000000007731,-0.7999999999999972,0.4246763473515808,0.14165686252479243,1.2569805089993191,1,0.12830576446606456
AWS_001,2020-01-12 09:40:00,1.79,997.83,80.4,9,1,12,0.3700000000000001,0.009999999999990905,-1.3999999999999915,0.44266239957770487,0.1230311615041381,1.3396516960279214,1,0.11693153429234315
AWS_001,2020-01-12 09:50:00,1.94,997.72,79.9,9,1,12,0.1499999999999999,-0.11000000000001364,-0.5,0.4366997442941413,0.10034938981027773,1.232341943889814,1,0.15463774699377625
AWS_001,2020-01-12 10:00:00,1.94,997.72,80.0,10,1,12,0.0,0.0,0.09999999999999432,0.4240951151175593,0.07600438607492835,1.2473972903623143,1,0.17302900677227379
AWS_001,2020-01-12 10:10:00,2.03,997.69,80.2,10,1,12,0.08999999999999986,-0.029999999999972715,0.20000000000000284,0.3728270376460331,0.05830951926153162,1.1143009766978276,1,0.17874359416753793
AWS_001,2020-01-12 10:20:00,2.39,997.64,79.2,10,1,12,0.3600000000000003,-0.05000000000006821,-1.0,0.31644378121017425,0.07447594714749506,0.8619744775820323,1,0.14723180627236204
AWS_001,2020-01-12 10:30:00,2.71,997.54,78.1,10,1,12,0.31999999999999984,-0.10000000000002274,-1.1000000000000085,0.34691017088952847,0.09633275682508742,0.8547904226588074,1,0.15539704290971895
AWS_001,2020-01-12 10:40:00,2.95,997.41,77.1,10,1,12,0.2400000000000002,-0.12999999999999545,-1.0,0.4304726084974631,0.12312595192943689,1.2384129628960585,1,0.14016977872622172
AWS_001,2020-01-12 10:50:00,3.32,997.33,75.5,10,1,12,0.36999999999999966,-0.07999999999992724,-1.5999999999999943,0.5378351668184407,0.15782902153741932,1.822909761892238,1,0.11763320055748977
AWS_001,2020-01-12 11:00:00,3.64,997.22,75.0,11,1,12,0.3200000000000003,-0.11000000000001364,-0.5,0.5929586832149144,0.18323936997087667,2.046867525432049,1,0.1185720078029745
AWS_001,2020-01-12 11:10:00,3.95,997.0,73.6,11,1,12,0.31000000000000005,-0.22000000000002728,-1.4000000000000057,0.5864469285450975,0.22949219313298935,2.0894177817439568,1,0.07443794971358286
AWS_001,2020-01-12 11:20:00,4.31,996.71,72.7,11,1,12,0.35999999999999943,-0.2899999999999636,-0.8999999999999915,0.6057722344247813,0.3023518921905912,2.0422210131783896,1,0.04172889412775738
AWS_001,2020-01-12 11:30:00,4.51,996.43,71.7,11,1,12,0.20000000000000018,-0.2800000000000864,-1.0,0.5937676313171719,0.38281414121470625,1.9785516588320162,1,0.04999588330394866
AWS_001,2020-01-12 11:40:00,4.48,996.25,71.6,11,1,12,-0.02999999999999936,-0.17999999999994998,-0.10000000000000853,0.48451006181504225,0.4339431606982811,1.6501515081955003,1,0.06815235820788967
AWS_001,2020-01-12 11:50:00,4.82,995.93,70.1,11,1,12,0.33999999999999986,-0.32000000000005,-1.5,0.42514703338965776,0.4808742039802117,1.7143511892256809,1,0.004835572415772149
AWS_001,2020-01-12 12:00:00,5.29,995.91,67.36,12,1,12,0.46999999999999975,-0.01999999999998181,-2.739999999999995,0.4569463863518768,0.4325929573207439,2.207819437061289,1,0.016931722495437063
AWS_001,2020-01-12 12:10:00,5.47,995.88,66.1,12,1,12,0.17999999999999972,-0.029999999999972715,-1.2600000000000051,0.47221464046206396,0.33868864766860485,2.641868025974258,1,0.08864780411610107
AWS_001,2020-01-12 12:20:00,5.53,995.97,65.43,12,1,12,0.0600000000000005,0.09000000000003183,-0.6699999999999875,0.4747911821703573,0.22489256708048047,2.7791059713508455,1,0.10628319236060735
AWS_001,2020-01-12 12:30:00,5.66,995.83,65.19,12,1,12,0.1299999999999999,-0.13999999999998636,-0.2400000000000091,0.4612772123861465,0.1489183223432114,2.6483655336825116,1,0.11193959122128211
AWS_001,2020-01-12 12:40:00,5.08,995.72,66.37,12,1,12,-0.5800000000000001,-0.11000000000001364,1.1800000000000068,0.3130122468318753,0.08869423166586608,1.8075996975723803,1,0.11660664077482213
AWS_001,2020-01-12 12:50:00,4.67,995.79,67.41,12,1,12,-0.41000000000000014,0.06999999999993634,1.039999999999992,0.36197605814022793,0.0892188324540952,0.9369098142280871,1,0.13878685514249467
AWS_001,2020-01-12 13:00:00,4.5,995.74,67.94,13,1,12,-0.16999999999999993,-0.049999999999954525,0.5300000000000011,0.48263512788309487,0.0932559206246467,1.0851113614111754,1,0.15513511253515117
AWS_001,2020-01-12 13:10:00,4.33,995.67,68.48,13,1,12,-0.16999999999999993,-0.07000000000005002,0.5400000000000063,0.5517034227433452,0.10557777574880683,1.3526221448223386,1,0.14201609932737858
AWS_001,2020-01-12 13:20:00,4.29,995.72,68.91,13,1,12,-0.040000000000000036,0.05000000000006821,0.4299999999999926,0.5279678020486149,0.05683308953421566,1.3915123666946083,1,0.15626723286870897
AWS_001,2020-01-12 13:30:00,4.19,995.65,68.83,13,1,12,-0.09999999999999964,-0.07000000000005002,-0.0799999999999983,0.32674148802996106,0.05009990086255291,0.9752333054185638,1,0.17310324376432762
AWS_001,2020-01-12 13:40:00,4.13,995.59,68.3,13,1,12,-0.0600000000000005,-0.05999999999994543,-0.5300000000000011,0.20143650778022335,0.0711805221490706,0.5667950834864587,1,0.1732063426974274
AWS_001,2020-01-12 13:50:00,4.13,995.46,65.69,13,1,12,0.0,-0.12999999999999545,-2.6099999999999994,0.14288690166242518,0.10225784436509797,1.1977771078116464,1,0.11240570510625059
AWS_001,2020-01-12 14:00:00,3.96,995.64,66.37,14,1,12,-0.16999999999999993,0.17999999999994998,0.6800000000000068,0.13242608000950254,0.08975893679423985,1.3779937106765703,1,0.13559399255663002
AWS_001,2020-01-12 14:10:00,3.77,995.77,67.43,14,1,12,-0.18999999999999995,0.12999999999999545,1.0600000000000023,0.1853015560287571,0.10796604435745312,1.3347721403535902,1,0.14076843709094572
AWS_001,2020-01-12 14:20:00,3.67,995.95,68.09,14,1,12,-0.10000000000000009,0.18000000000006366,0.6599999999999966,0.21426618958670748,0.16729215980927067,1.208377700333819,1,0.1418320811769399
AWS_001,2020-01-12 14:30:00,3.65,995.94,67.74,14,1,12,-0.020000000000000018,-0.009999999999990905,-0.3500000000000085,0.2192487172140408,0.19725617877848967,1.0282217659616537,1,0.1699665117435139
AWS_001,2020-01-12 14:40:00,3.6,995.92,68.14,14,1,12,-0.04999999999999982,-0.020000000000095497,0.4000000000000057,0.20723577554723693,0.1980908883959476,0.9977908932556742,1,0.1707635578522932
AWS_001,2020-01-12 14:50:00,3.42,995.83,68.65,14,1,12,-0.18000000000000016,-0.08999999999991815,0.5100000000000051,0.17971273373542293,0.12122980958196228,0.785306734126332,1,0.16511681445278542
AWS_001,2020-01-12 15:00:00,3.33,995.96,69.38,15,1,12,-0.08999999999999986,0.12999999999999545,0.7299999999999898,0.16573070526204203,0.07713624351652017,0.6937266512570889,1,0.15656390260633068
AWS_001,2020-01-12 15:10:00,3.21,995.86,69.94,15,1,12,-0.1200000000000001,-0.10000000000002274,0.5600000000000023,0.18889150324983545,0.05291502682246112,0.8483552714898099,1,0.16065861081659333
AWS_001,2020-01-12 15:20:00,3.25,996.08,69.71,15,1,12,0.040000000000000036,0.22000000000002728,-0.23000000000000398,0.18209887424138332,0.08773064874933421,0.8887669360775403,1,0.14936662979006865
AWS_001,2020-01-12 15:30:00,3.6,996.07,68.85,15,1,12,0.3500000000000001,-0.009999999999990905,-0.8599999999999994,0.16963686706210243,0.10462631948832261,0.6843804984544305,1,0.14141254895206667
AWS_001,2020-01-12 15:40:00,3.53,995.99,69.24,15,1,12,-0.07000000000000028,-0.08000000000004093,0.39000000000000057,0.155048379546444,0.10406728622788927,0.4924530434448989,1,0.17504378795496978
AWS_001,2020-01-12 15:50:00,3.21,996.02,70.0,15,1,12,-0.31999999999999984,0.029999999999972715,0.7600000000000051,0.16991174179548746,0.08115828194982402,0.4449269602959993,1,0.15596070466379797
AWS_001,2020-01-12 16:00:00,2.93,996.12,72.2,16,1,12,-0.2799999999999998,0.10000000000002274,2.200000000000003,0.24400136611633905,0.09223159289887636,1.1685204319987044,1,0.10998000670644387
AWS_001,2020-01-12 16:10:00,2.8,996.03,72.1,16,1,12,-0.13000000000000034,-0.09000000000003183,-0.10000000000000853,0.3168595903550494,0.04708149029350027,1.4490824683221404,1,0.15054382982134706
AWS_001,2020-01-12 16:20:00,2.72,995.94,71.9,16,1,12,-0.07999999999999963,-0.08999999999991815,-0.19999999999998863,0.3753087617770626,0.06242328674934091,1.5292318333067545,1,0.15282685645117222
AWS_001,2020-01-12 16:30:00,2.59,995.96,72.1,16,1,12,-0.13000000000000034,0.01999999999998181,0.19999999999998863,0.34880749227421065,0.06387487817744829,1.2940118495074222,1,0.16054791388823814
AWS_001,2020-01-12 16:40:00,2.46,995.86,72.7,16,1,12,-0.1299999999999999,-0.10000000000002274,0.6000000000000085,0.26448062310866566,0.08908797185454861,0.9373722135127874,1,0.16394818901432612
AWS_001,2020-01-12 16:50:00,2.44,995.81,73.4,16,1,12,-0.020000000000000018,-0.05000000000006821,0.7000000000000028,0.1945935935908692,0.11236844187608919,0.5585696017502544,1,0.17423033873005989
AWS_001,2020-01-12 17:00:00,2.49,995.83,73.6,17,1,12,0.050000000000000266,0.020000000000095497,0.19999999999998863,0.14841383583279788,0.08549853837160007,0.7257180352355882,1,0.1811791645498253
AWS_001,2020-01-12 17:10:00,2.62,995.82,73.4,17,1,12,0.1299999999999999,-0.009999999999990905,-0.19999999999998863,0.10875047892585671,0.06449806248387961,0.7286974680892127,1,0.1715832257838802
AWS_001,2020-01-12 17:20:00,2.6,995.67,73.4,17,1,12,-0.020000000000000018,-0.15000000000009095,0.0,0.0789092305538598,0.0935414350157686,0.5796550698473506,1,0.15569894210933177
AWS_001,2020-01-12 17:30:00,2.53,995.72,73.9,17,1,12,-0.07000000000000028,0.05000000000006821,0.5,0.0739369100422902,0.07341661981710539,0.39496835316245804,1,0.1665677805016565
AWS_001,2020-01-12 17:40:00,2.52,995.9,74.5,17,1,12,-0.009999999999999787,0.17999999999994998,0.5999999999999943,0.0674289749781368,0.08280499219214246,0.4381780460041288,1,0.15295177260736564
AWS_001,2020-01-12 17:50:00,2.67,996.19,74.4,17,1,12,0.1499999999999999,0.2900000000000773,-0.09999999999999432,0.06911343332959298,0.18360283239750025,0.4885352256150418,1,0.12047621637722616
AWS_001,2020-01-12 18:00:00,2.74,996.34,74.3,18,1,12,0.07000000000000028,0.14999999999997726,-0.10000000000000853,0.08382521498097202,0.2682536114634674,0.49564772436357585,1,0.14914632805592276
AWS_001,2020-01-12 18:10:00,2.81,996.28,74.6,18,1,12,0.06999999999999984,-0.06000000000005912,0.29999999999999716,0.11640446726797513,0.2917990176967515,0.4535048695073508,1,0.15212696964654876
AWS_001,2020-01-12 18:20:00,2.94,996.29,74.9,18,1,12,0.1299999999999999,0.009999999999990905,0.30000000000001137,0.16339114623078752,0.2514756450646417,0.33266599866381397,1,0.1618918054089974
AWS_001,2020-01-12 18:30:00,3.0,996.27,75.0,18,1,12,0.06000000000000005,-0.01999999999998181,0.09999999999999432,0.17674840876213807,0.16017698563173827,0.2786873995484463,1,0.18369253421538356
AWS_001,2020-01-12 18:40:00,3.19,996.3,75.9,18,1,12,0.18999999999999995,0.029999999999972715,0.9000000000000057,0.19072668053164504,0.049564773026108594,0.58223706512083,1,0.15094598951717114
AWS_001,2020-01-12 18:50:00,3.38,996.2,75.9,18,1,12,0.18999999999999995,-0.09999999999990905,0.0,0.23966643486303962,0.04604345836750195,0.6663332499587838,1,0.15977804325443812
AWS_001,2020-01-12 19:00:00,3.39,996.22,76.2,19,1,12,0.010000000000000231,0.01999999999998181,0.29999999999999716,0.24011802653410239,0.04049691418764545,0.6615638039278167,1,0.17773195006610715
AWS_001,2020-01-12 19:10:00,3.47,996.37,76.3,19,1,12,0.08000000000000007,0.14999999999997726,0.09999999999999432,0.2210354421051917,0.06090976981163539,0.6033241251606763,1,0.16589830362885166
AWS_001,2020-01-12 19:20:00,3.38,996.43,78.3,19,1,12,-0.0900000000000003,0.05999999999994543,2.0,0.17428903197459458,0.08841191506145973,1.096661600799357,1,0.1461039512979287
AWS_001,2020-01-12 19:30:00,3.22,996.47,80.2,19,1,12,-0.1599999999999997,0.04000000000007731,1.9000000000000057,0.10907184176790598,0.11052903113824933,1.7534727447748333,1,0.13645145388301033
AWS_001,2020-01-12 19:40:00,3.47,996.49,78.8,19,1,12,0.25,0.01999999999998181,-1.4000000000000057,0.09137833441236949,0.1258040807124673,1.7451838489593001,1,0.13991030203048466
AWS_001,2020-01-12 19:50:00,3.65,996.49,77.7,19,1,12,0.17999999999999972,0.0,-1.0999999999999943,0.14127986409952797,0.10438710036793697,1.5328622464750479,1,0.168392023134049
AWS_001,2020-01-12 20:00:00,3.86,996.43,76.2,20,1,12,0.20999999999999996,-0.06000000000005912,-1.5,0.22193842990039322,0.046332134882104845,1.5328622464750479,1,0.13935847335317875
AWS_001,2020-01-12 20:10:00,3.94,996.65,75.7,20,1,12,0.08000000000000007,0.22000000000002728,-0.5,0.28083209693098793,0.08140434092888559,1.672622691065886,1,0.13358588845778868
AWS_001,2020-01-12 20:20:00,4.0,996.81,75.8,20,1,12,0.06000000000000005,0.15999999999996817,0.09999999999999432,0.3027870538843998,0.1451436072348823,1.831938863609166,1,0.1527349005230102
AWS_001,2020-01-12 20:30:00,4.12,996.53,75.5,20,1,12,0.1200000000000001,-0.2799999999999727,-0.29999999999999716,0.23974986965586062,0.13995237304530536,1.331790774359086,1,0.12014167265683878
AWS_001,2020-01-12 20:40:00,4.21,996.6,75.7,20,1,12,0.08999999999999986,0.07000000000005002,0.20000000000000284,0.19805723078614212,0.13501851744884383,0.8173126696687709,1,0.18123537163550857
AWS_001,2020-01-12 20:50:00,4.16,996.67,76.0,20,1,12,-0.04999999999999982,0.06999999999993634,0.29999999999999716,0.13658940905750874,0.12957623259555223,0.24832774043114497,1,0.17593958169848117
AWS_001,2020-01-12 21:00:00,4.08,996.6,76.3,21,1,12,-0.08000000000000007,-0.06999999999993634,0.29999999999999716,0.10074720839812186,0.09500877180511434,0.2804757862412441,1,0.17427397272472384
AWS_001,2020-01-12 21:10:00,4.03,996.4,76.6,21,1,12,-0.04999999999999982,-0.20000000000004547,0.29999999999999716,0.07924645102473248,0.13702797787499765,0.40702170294433626,1,0.15202170552474364
AWS_001,2020-01-12 21:20:00,3.95,996.38,76.9,21,1,12,-0.08000000000000007,-0.01999999999998181,0.30000000000001137,0.09325592027684676,0.1173030266227916,0.5354126134746815,1,0.18447750746438718
AWS_001,2020-01-12 21:30:00,3.82,996.44,77.4,21,1,12,-0.13000000000000034,0.06000000000005912,0.5,0.14246637030078088,0.12292274018698508,0.6177917664293759,1,0.17481260818642674
AWS_001,2020-01-12 21:40:00,3.8,996.74,77.7,21,1,12,-0.020000000000000018,0.2999999999999545,0.29999999999999716,0.14389811210254272,0.15210741836417438,0.6493586579603607,1,0.1388870260854565
AWS_001,2020-01-12 21:50:00,3.79,996.86,77.8,21,1,12,-0.009999999999999787,0.12000000000000455,0.09999999999999432,0.12608198390996617,0.19788885783261564,0.6112828041653187,1,0.16690242186486692
AWS_001,2020-01-12 22:00:00,3.6,996.9,78.4,22,1,12,-0.18999999999999995,0.03999999999996362,0.6000000000000085,0.14824529222430344,0.24033310228427351,0.6501281924885078,1,0.16174445562806772
AWS_001,2020-01-12 22:10:00,3.54,996.84,78.9,22,1,12,-0.06000000000000005,-0.05999999999994543,0.5,0.15205262246998072,0.22650974972217647,0.7120393247580304,1,0.17342710140615353
AWS_001,2020-01-12 22:20:00,3.56,996.74,79.4,22,1,12,0.020000000000000018,-0.10000000000002274,0.5,0.1314153720079784,0.16669333135535078,0.7737355275988799,1,0.17679843346556368
AWS_001,2020-01-12 22:30:00,3.62,996.66,79.4,22,1,12,0.06000000000000005,-0.08000000000004093,0.0,0.11461529857161488,0.09099450560977206,0.7563068160490082,1,0.18792947241909708
AWS_001,2020-01-12 22:40:00,3.5,996.5,79.9,22,1,12,-0.1200000000000001,-0.15999999999996817,0.5,0.10166939887034875,0.15059880494786318,0.7659416862065961,1,0.157668215183712
AWS_001,2020-01-12 22:50:00,3.45,996.47,80.3,22,1,12,-0.04999999999999982,-0.029999999999972715,0.3999999999999915,0.0631664467893258,0.175698605721934,0.6794605703564895,1,0.17592160393142198
AWS_001,2020-01-12 23:00:00,3.46,996.72,80.5,23,1,12,0.009999999999999787,0.25,0.20000000000000284,0.06462713568350595,0.144187378272353,0.6088240030331497,1,0.14202848790563544
AWS_001,2020-01-12 23:10:00,3.38,997.07,81.0,23,1,12,-0.08000000000000007,0.35000000000002274,0.5,0.08526429498908883,0.21593208821103219,0.6369196704997073,1,0.1214972619492019
AWS_001,2020-01-12 23:20:00,3.34,997.19,81.5,23,1,12,-0.040000000000000036,0.12000000000000455,0.5,0.09806460455562592,0.29795413525928915,0.7527726527110343,1,0.14537394581612612
AWS_001,2020-01-12 23:30:00,3.38,997.28,81.4,23,1,12,0.040000000000000036,0.08999999999991815,-0.09999999999999432,0.060800219297707944,0.35493191842465965,0.6377042156593866,1,0.13732051455004313
AWS_001,2020-01-12 23:40:00,3.25,997.29,81.8,23,1,12,-0.1299999999999999,0.009999999999990905,0.3999999999999915,0.0771146332847884,0.3354797560430526,0.5913261931200764,1,0.13949161354467604
AWS_001,2020-01-12 23:50:00,3.0,997.36,82.5,23,1,12,-0.25,0.07000000000005002,0.7000000000000028,0.16277796738700176,0.2338731851080375,0.6833739825332487,1,0.15420859762806338
AWS_001,2020-01-13 00:00:00,2.71,997.35,83.2,0,1,13,-0.29000000000000004,-0.009999999999990905,0.7000000000000028,0.2697158999144059,0.10984838055733903,0.809938269254836,1,0.15179853430710716
AWS_001,2020-01-13 00:10:00,2.51,997.27,84.2,0,1,13,-0.20000000000000018,-0.08000000000004093,1.0,0.3579618229177952,0.06164414038597062,1.1003029885765034,1,0.14236471458850453
AWS_001,2020-01-13 00:20:00,2.41,997.25,84.9,0,1,13,-0.09999999999999964,-0.01999999999998181,0.7000000000000028,0.39697187137960244,0.04472136003948183,1.3667479650630265,1,0.14755260999805164
AWS_001,2020-01-13 00:30:00,2.47,997.31,85.1,0,1,13,0.06000000000000005,0.05999999999994543,0.19999999999998863,0.3352461782033462,0.04370354726686645,1.3347908700132796,1,0.1484399073850895
AWS_001,2020-01-13 00:40:00,2.75,997.28,85.3,0,1,13,0.2799999999999998,-0.029999999999972715,0.20000000000000284,0.22148739618003646,0.04457203955842987,1.1313708499003978,1,0.15121909180298
AWS_001,2020-01-13 00:50:00,3.0,997.2,84.2,0,1,13,0.25,-0.07999999999992724,-1.0999999999999943,0.22148739618003646,0.05125101668051605,0.7782458908796867,1,0.14468887282755483
AWS_001,2020-01-13 01:00:00,3.09,997.09,84.3,1,1,13,0.08999999999999986,-0.11000000000001364,0.09999999999999432,0.288980968231385,0.07916228086292672,0.4926120853888875,1,0.16511107289801752
AWS_001,2020-01-13 01:10:00,3.13,997.1,84.3,1,1,13,0.040000000000000036,0.009999999999990905,0.0,0.3149867722089617,0.09268225312956473,0.475043857629162,1,0.1686964046137963
AWS_001,2020-01-13 01:20:00,3.14,997.12,84.4,1,1,13,0.010000000000000231,0.01999999999998181,0.10000000000000853,0.26780589986025227,0.09521904595279723,0.4732863826527206,1,0.1695383681426515
AWS_001,2020-01-13 01:30:00,3.21,997.13,84.5,1,1,13,0.06999999999999984,0.009999999999990905,0.09999999999999432,0.16378848148338152,0.07312090475787,0.40496913463184325,1,0.17333532257241208
AWS_001,2020-01-13 01:40:00,3.44,997.2,84.0,1,1,13,0.22999999999999998,0.07000000000005002,-0.5,0.14985548594108075,0.04857983168089518,0.1722401424495995,1,0.14713542490445458
AWS_001,2020-01-13 01:50:00,3.49,997.21,83.8,1,1,13,0.050000000000000266,0.009999999999990905,-0.20000000000000284,0.1716974082506044,0.05115336462820238,0.26394443860599953,1,0.17131611162261817
AWS_001,2020-01-13 02:00:00,3.25,997.17,84.4,2,1,13,-0.2400000000000002,-0.04000000000007731,0.6000000000000085,0.15331883989465434,0.04505552181387698,0.2732520204335961,1,0.160491630993206
AWS_001,2020-01-13 02:10:00,3.3,997.21,84.7,2,1,13,0.04999999999999982,0.04000000000007731,0.29999999999999716,0.13546217184135698,0.04033195646525561,0.3346640106202031,1,0.16607974611944787
AWS_001,2020-01-13 02:20:00,3.3,997.23,84.4,2,1,13,0.0,0.01999999999998181,-0.29999999999999716,0.10980285363616593,0.03600925869887149,0.3346640106202031,1,0.1673605034137311
AWS_001,2020-01-13 02:30:00,3.18,997.27,85.0,2,1,13,-0.11999999999999966,0.03999999999996362,0.5999999999999943,0.11690451944490866,0.03331666317367317,0.4400757510600831,1,0.15201454900680966
AWS_001,2020-01-13 02:40:00,3.09,997.24,85.1,2,1,13,-0.0900000000000003,-0.029999999999972715,0.09999999999999432,0.13496913227342844,0.03371448815563846,0.476095228574242,1,0.1722593197506737
AWS_001,2020-01-13 02:50:00,2.9,997.18,86.3,2,1,13,-0.18999999999999995,-0.06000000000005912,1.2000000000000028,0.1546609194333552,0.03777124186033455,0.7082843120324636,1,0.15017019297903
AWS_001,2020-01-13 03:00:00,3.15,997.13,85.9,3,1,13,0.25,-0.049999999999954525,-0.3999999999999915,0.1496217453000621,0.049396356597458405,0.7257180352391621,1,0.16924679347522875
AWS_001,2020-01-13 03:10:00,3.4,997.07,86.2,3,1,13,0.25,-0.05999999999994543,0.29999999999999716,0.1729739864834328,0.07554248282995571,0.7626707459129892,1,0.16668559016339296
AWS_001,2020-01-13 03:20:00,3.96,997.05,84.7,3,1,13,0.56,-0.020000000000095497,-1.5,0.36991891003296384,0.08936815267509123,0.683130051067506,1,0.09722201185281859
AWS_001,2020-01-13 03:30:00,4.35,997.04,83.5,3,1,13,0.3899999999999997,-0.009999999999990905,-1.2000000000000028,0.5640833271778073,0.07985403379366404,1.0778064142838488,1,0.1068139473419249
AWS_001,2020-01-13 03:40:00,4.72,997.08,82.0,3,1,13,0.3700000000000001,0.04000000000007731,-1.5,0.7141335075927082,0.05344779428100255,1.7293544074802096,1,0.07011865982758081
AWS_001,2020-01-13 03:50:00,4.82,997.06,81.1,3,1,13,0.10000000000000053,-0.020000000000095497,-0.9000000000000057,0.688583086247898,0.031885211521899784,2.0755722102601637,1,0.11537721141849328
AWS_001,2020-01-13 04:00:00,4.31,997.03,81.9,4,1,13,-0.5100000000000007,-0.029999999999972715,0.8000000000000114,0.5225705693971127,0.018708288199827314,1.9428501400444333,1,0.10458135233870258
AWS_001,2020-01-13 04:10:00,3.76,997.06,84.0,4,1,13,-0.5499999999999998,0.029999999999972715,2.0999999999999943,0.4133279569543119,0.017511902068533123,1.4038043548409918,1,0.08059598592049766
AWS_001,2020-01-13 04:20:00,3.41,997.11,85.4,4,1,13,-0.34999999999999964,0.05000000000006821,1.4000000000000057,0.5481392767050067,0.028751812358791023,1.6017698544642995,1,0.11026275518805678
AWS_001,2020-01-13 04:30:00,3.34,997.13,86.1,4,1,13,-0.07000000000000028,0.01999999999998181,0.6999999999999886,0.6490916730324104,0.036560452865086496,2.056615342418396,1,0.11140559439836356
AWS_001,2020-01-13 04:40:00,3.24,997.03,86.0,4,1,13,-0.09999999999999964,-0.10000000000002274,-0.09999999999999432,0.6290204024248093,0.04147288327513633,2.1516660211731224,1,0.11605761609100423
AWS_001,2020-01-13 04:50:00,2.94,996.82,86.8,4,1,13,-0.30000000000000027,-0.2099999999999227,0.7999999999999972,0.4772001676445513,0.11081516163288677,1.800740588388928,1,0.11133762143520654
AWS_001,2020-01-13 05:00:00,2.89,996.79,87.5,5,1,13,-0.04999999999999982,-0.030000000000086402,0.7000000000000028,0.3220351947639323,0.1479188968600889,1.204436244336591,1,0.1787389603766822
AWS_001,2020-01-13 05:10:00,3.02,996.86,87.3,5,1,13,0.1299999999999999,0.07000000000005002,-0.20000000000000284,0.21899771688301115,0.1514815721976042,0.8183316361181563,1,0.17860823767454737
AWS_001,2020-01-13 05:20:00,3.24,996.88,86.9,5,1,13,0.2200000000000002,0.01999999999998181,-0.3999999999999915,0.1855172947911781,0.1328783907037448,0.6121002096649768,1,0.17724716075252195
AWS_001,2020-01-13 05:30:00,3.45,996.88,86.0,5,1,13,0.20999999999999996,0.0,-0.9000000000000057,0.21559220765132275,0.08310635785924769,0.6348228099282781,1,0.17719459505070412
AWS_001,2020-01-13 05:40:00,3.44,996.82,85.9,5,1,13,-0.010000000000000231,-0.05999999999994543,-0.09999999999999432,0.2488908730079093,0.03710345963852174,0.6592925501413571,1,0.1781917557933318
AWS_001,2020-01-13 05:50:00,3.38,996.72,86.0,5,1,13,-0.06000000000000005,-0.10000000000002274,0.09999999999999432,0.23432171616528105,0.06252999320907489,0.7211102550963903,1,0.18247763944512257
AWS_001,2020-01-13 06:00:00,3.35,996.65,86.3,6,1,13,-0.029999999999999805,-0.07000000000005002,0.29999999999999716,0.1624397324137356,0.09558591275779499,0.5727128425355145,1,0.1931424990264453
AWS_001,2020-01-13 06:10:00,3.24,996.69,86.4,6,1,13,-0.10999999999999988,0.04000000000007731,0.10000000000000853,0.09295160030887593,0.09993331135393002,0.3728270376529251,1,0.18160556758068214
AWS_001,2020-01-13 06:20:00,3.2,996.71,87.0,6,1,13,-0.040000000000000036,0.01999999999998181,0.5999999999999943,0.10327955589877108,0.08689073628366747,0.4082482904700609,1,0.18289276065531052
AWS_001,2020-01-13 06:30:00,3.2,996.74,86.9,6,1,13,0.0,0.029999999999972715,-0.09999999999999432,0.10206207261586181,0.057067212293348754,0.45350486951275926,1,0.18421669511492067
AWS_001,2020-01-13 06:40:00,3.18,996.74,86.7,6,1,13,-0.020000000000000018,0.0,-0.20000000000000284,0.0854205283678548,0.034302575983918206,0.38340579026035754,1,0.1790216717590935
AWS_001,2020-01-13 06:50:00,3.19,996.69,86.7,6,1,13,0.009999999999999787,-0.049999999999954525,0.0,0.06377042156550385,0.03444802924997863,0.27325202043512903,1,0.17818772323703713
AWS_001,2020-01-13 07:00:00,3.06,996.65,86.8,7,1,13,-0.1299999999999999,-0.04000000000007731,0.09999999999999432,0.06145459028127912,0.03444802924997863,0.2073644135459184,1,0.17133792019271632
AWS_001,2020-01-13 07:10:00,3.04,996.62,87.2,7,1,13,-0.020000000000000018,-0.029999999999972715,0.4000000000000057,0.0742293742393919,0.04875106890503649,0.19407902172042593,1,0.18105098345386494
AWS_001,2020-01-13 07:20:00,3.15,996.57,86.9,7,1,13,0.10999999999999988,-0.049999999999954525,-0.29999999999999716,0.06947421584039634,0.06794605742598814,0.18618986726444473,1,0.18299545638903097
AWS_001,2020-01-13 07:30:00,3.32,996.49,86.2,7,1,13,0.16999999999999993,-0.08000000000004093,-0.7000000000000028,0.10132456102366731,0.08869423160707614,0.32710854468393313,1,0.17314580495429277
AWS_001,2020-01-13 07:40:00,3.33,996.55,86.1,7,1,13,0.010000000000000231,0.05999999999994543,-0.10000000000000853,0.12416387021448723,0.07259476602474971,0.4230839160322723,1,0.19096102042542046
AWS_001,2020-01-13 07:50:00,3.34,996.46,86.3,7,1,13,0.009999999999999787,-0.08999999999991815,0.20000000000000284,0.14023789311965998,0.07312090481822622,0.4445971959783864,1,0.1899963263048146
AWS_001,2020-01-13 08:00:00,3.35,996.48,86.3,8,1,13,0.010000000000000231,0.01999999999998181,0.0,0.12911235417254513,0.06177917708959691,0.44271887242938446,1,0.19836761151860927
AWS_001,2020-01-13 08:10:00,3.17,996.45,86.8,8,1,13,-0.18000000000000016,-0.029999999999972715,0.5,0.09114091653392782,0.04898979542344891,0.332665998671018,1,0.1833391845019
AWS_001,2020-01-13 08:20:00,3.14,996.45,87.4,8,1,13,-0.029999999999999805,0.0,0.6000000000000085,0.09396807968654913,0.03794733265901968,0.49564772436864685,1,0.18046064238726978
AWS_001,2020-01-13 08:30:00,3.2,996.45,87.3,8,1,13,0.06000000000000005,0.0,-0.10000000000000853,0.09523654760635082,0.039327683922432924,0.5549774770251666,1,0.18848762623580934
AWS_001,2020-01-13 08:40:00,3.26,996.47,87.0,8,1,13,0.05999999999999961,0.01999999999998181,-0.29999999999999716,0.08824209124132798,0.012649112863860243,0.4764451699883963,1,0.17245773753488514
AWS_001,2020-01-13 08:50:00,3.42,996.4,87.2,8,1,13,0.16000000000000014,-0.07000000000005002,0.20000000000000284,0.10930080817012953,0.02756809852704122,0.40496913463290546,1,0.16874827359942718
AWS_001,2020-01-13 09:00:00,3.95,996.34,85.9,9,1,13,0.5300000000000002,-0.05999999999994543,-1.2999999999999972,0.3071590250450864,0.04844240625135471,0.5501514942922229,1,0.10972955041640836
AWS_001,2020-01-13 09:10:00,4.26,996.28,84.5,9,1,13,0.3099999999999996,-0.06000000000005912,-1.4000000000000057,0.45932196405860687,0.07467708298977312,1.143241006964488,1,0.12800119958510675
AWS_001,2020-01-13 09:20:00,4.33,996.19,84.1,9,1,13,0.07000000000000028,-0.08999999999991815,-0.4000000000000057,0.5073328953129939,0.1070980861540657,1.4142135623748626,1,0.16722139569317346
AWS_001,2020-01-13 09:30:00,4.27,996.24,84.0,9,1,13,-0.0600000000000005,0.049999999999954525,-0.09999999999999432,0.4674505321421794,0.10411532095903964,1.4487926007558178,1,0.15778307380546958
AWS_001,2020-01-13 09:40:00,4.19,996.25,84.1,9,1,13,-0.07999999999999918,0.009999999999990905,0.09999999999999432,0.3449637662132267,0.07554248291943694,1.3048627003142121,1,0.18712001246852533
AWS_001,2020-01-13 09:50:00,3.88,996.23,84.6,9,1,13,-0.3100000000000005,-0.01999999999998181,0.5,0.186189867250299,0.05089204318364463,0.7118052168052242,1,0.18292424973679722
AWS_001,2020-01-13 10:00:00,3.86,996.21,85.0,10,1,13,-0.020000000000000018,-0.01999999999998181,0.4000000000000057,0.20759736671423207,0.031411251589330995,0.3868677638044714,1,0.18740565781677798
AWS_001,2020-01-13 10:10:00,3.92,996.24,85.0,10,1,13,0.06000000000000005,0.029999999999972715,0.0,0.21191979614942577,0.022509258684209325,0.4633213427752988,1,0.17744669677454628
AWS_001,2020-01-13 10:20:00,4.06,996.24,84.8,10,1,13,0.13999999999999968,0.0,-0.20000000000000284,0.17181385275935163,0.013784050918258708,0.44007575106014735,1,0.17999579812352856
AWS_001,2020-01-13 10:30:00,4.15,996.18,84.9,10,1,13,0.09000000000000075,-0.06000000000005912,0.10000000000000853,0.14282856857089668,0.025884359367653334,0.344480284880305,1,0.18297893405260895
AWS_001,2020-01-13 10:40:00,4.31,996.15,84.7,10,1,13,0.15999999999999925,-0.029999999999972715,-0.20000000000000284,0.17731328207444624,0.03656045304424773,0.16329931619959376,1,0.17868262491351056
AWS_001,2020-01-13 10:50:00,4.56,996.13,83.9,10,1,13,0.25,-0.01999999999998181,-0.7999999999999972,0.2602050473505149,0.04622409249580893,0.416733328006303,1,0.16376569142386876
AWS_001,2020-01-13 11:00:00,4.82,995.99,82.7,11,1,13,0.2600000000000007,-0.13999999999998636,-1.2000000000000028,0.335420134557678,0.09268225321478463,0.8914407813596263,1,0.14864926177666865
AWS_001,2020-01-13 11:10:00,4.99,995.78,81.5,11,1,13,0.16999999999999993,-0.21000000000003638,-1.2000000000000028,0.37317109570101864,0.16797817337036475,1.3794926603661803,1,0.13255542017830818
AWS_001,2020-01-13 11:20:00,5.0,995.76,80.9,11,1,13,0.009999999999999787,-0.01999999999998181,-0.5999999999999943,0.3577382655891116,0.188617779464426,1.6733200530693126,1,0.175885249104535
AWS_001,2020-01-13 11:30:00,4.96,995.76,81.7,11,1,13,-0.040000000000000036,0.0,0.7999999999999972,0.28125907392777894,0.18562507031969278,1.4841383583312977,1,0.182142223431838
AWS_001,2020-01-13 11:40:00,5.03,995.59,82.0,11,1,13,0.07000000000000028,-0.16999999999995907,0.29999999999999716,0.1790716802476515,0.19253571114468063,1.0553040636092175,1,0.17523065419082068
AWS_001,2020-01-13 11:50:00,5.15,995.48,81.2,11,1,13,0.1200000000000001,-0.11000000000001364,-0.7999999999999972,0.10684880283242044,0.17546129696985663,0.634560215164749,1,0.17340089741638226
AWS_001,2020-01-13 12:00:00,5.18,995.33,80.9,12,1,13,0.02999999999999936,-0.14999999999997726,-0.29999999999999716,0.09108603991130611,0.18402898341309099,0.44572039068209546,1,0.1749070822308496
AWS_001,2020-01-13 12:10:00,5.24,995.2,81.1,12,1,13,0.0600000000000005,-0.12999999999999545,0.19999999999998863,0.11201190412954252,0.2281227741171151,0.4516635916288866,1,0.1793264936054405
AWS_001,2020-01-13 12:20:00,5.26,995.13,80.9,12,1,13,0.019999999999999574,-0.07000000000005002,-0.19999999999998863,0.11877148928395083,0.24022905751076917,0.4516635916288866,1,0.18930935929961656
AWS_001,2020-01-13 12:30:00,5.27,994.97,80.8,12,1,13,0.009999999999999787,-0.15999999999996817,-0.10000000000000853,0.09064583093959622,0.22957932559621663,0.4415880433198365,1,0.17627148737207804
AWS_001,2020-01-13 12:40:00,5.28,994.86,80.5,12,1,13,0.010000000000000675,-0.11000000000001364,-0.29999999999999716,0.052915026221906795,0.22798391772905197,0.24494897428431037,1,0.17781849930253885
AWS_001,2020-01-13 12:50:00,5.22,994.68,80.8,12,1,13,-0.0600000000000005,-0.18000000000006366,0.29999999999999716,0.0371034589591361,0.23827854864664025,0.1966384160574271,1,0.15690691342833185
AWS_001,2020-01-13 13:00:00,5.25,994.59,80.7,13,1,13,0.03000000000000025,-0.08999999999991815,-0.09999999999999432,0.021602468996224037,0.24238399303662064,0.20000000000723253,1,0.16738065291130938
AWS_001,2020-01-13 13:10:00,5.24,994.62,80.4,13,1,13,-0.009999999999999787,0.029999999999972715,-0.29999999999999716,0.021602468996224037,0.21535242452438738,0.19407902171412575,1,0.1708318784227365
AWS_001,2020-01-13 13:20:00,5.26,994.44,80.4,13,1,13,0.019999999999999574,-0.17999999999994998,0.0,0.021602468996224037,0.1922151574416159,0.18973665961751146,1,0.1567739253912735
AWS_001,2020-01-13 13:30:00,5.26,994.22,80.6,13,1,13,0.0,-0.22000000000002728,0.19999999999998863,0.02041241452481178,0.21839566559851117,0.1632993161941139,1,0.14364246981056455
AWS_001,2020-01-13 13:40:00,5.39,994.1,80.3,13,1,13,0.1299999999999999,-0.12000000000000455,-0.29999999999999716,0.06066300355296411,0.23515243301774552,0.19663841605711985,1,0.16720022082620678
AWS_001,2020-01-13 13:50:00,5.34,993.97,80.4,13,1,13,-0.04999999999999982,-0.12999999999999545,0.10000000000000853,0.06066300355297185,0.26763158773955065,0.15055453055098444,1,0.1625847455572259
AWS_001,2020-01-13 14:00:00,5.27,993.84,80.9,14,1,13,-0.07000000000000028,-0.12999999999999545,0.5,0.05853773711662165,0.2921928588413997,0.21908902300839916,1,0.15516603937110074
AWS_001,2020-01-13 14:10:00,5.33,993.73,80.9,14,1,13,0.0600000000000005,-0.11000000000001364,0.0,0.0534477938434824,0.2593838855702283,0.2639444386030435,1,0.17090069689550214
AWS_001,2020-01-13 14:20:00,5.28,993.57,80.9,14,1,13,-0.04999999999999982,-0.15999999999996817,0.0,0.05036533199270645,0.240229057559021,0.273252020430791,1,0.15951821325616755
AWS_001,2020-01-13 14:30:00,5.11,993.39,81.5,14,1,13,-0.16999999999999993,-0.18000000000006366,0.5999999999999943,0.09688481133146881,0.2606658143379479,0.43089055068493554,1,0.15628777195943316
AWS_001,2020-01-13 14:40:00,5.02,993.26,81.9,14,1,13,-0.09000000000000075,-0.12999999999999545,0.4000000000000057,0.13003845585081647,0.27119488705837475,0.5307227776058537,1,0.17137910606142348
AWS_001,2020-01-13 14:50:00,4.9,993.19,82.2,14,1,13,-0.11999999999999922,-0.06999999999993634,0.29999999999999716,0.17010780895281635,0.26043553284560783,0.5741660619279005,1,0.1787920071254604
AWS_001,2020-01-13 15:00:00,4.83,993.23,82.4,15,1,13,-0.07000000000000028,0.03999999999996362,0.20000000000000284,0.20093946020312783,0.21463923244237815,0.6439461675248132,1,0.18206278526792946
AWS_001,2020-01-13 15:10:00,4.72,993.12,82.7,15,1,13,-0.11000000000000032,-0.11000000000001364,0.29999999999999716,0.202451640316199,0.16231656345444936,0.6531972647447449,1,0.18487489668085516
AWS_001,2020-01-13 15:20:00,4.56,992.94,83.4,15,1,13,-0.16000000000000014,-0.17999999999994998,0.7000000000000028,0.20006665555937592,0.15091940489294323,0.6595452979163143,1,0.17044835741884634
AWS_001,2020-01-13 15:30:00,4.49,992.77,83.7,15,1,13,-0.0699999999999994,-0.17000000000007276,0.29999999999999716,0.20314198646933868,0.1919114381899523,0.7026141662892419,1,0.17495528820893524
AWS_001,2020-01-13 15:40:00,4.41,992.69,83.8,15,1,13,-0.08000000000000007,-0.07999999999992724,0.09999999999999432,0.19549083524990157,0.2260088496266725,0.6889605697501467,1,0.18344399789907967
AWS_001,2020-01-13 15:50:00,4.33,992.6,84.4,15,1,13,-0.08000000000000007,-0.09000000000003183,0.6000000000000085,0.18906788904173977,0.2487904073265987,0.7402702209355222,1,0.1722282374433552
AWS_001,2020-01-13 16:00:00,4.26,992.48,84.8,16,1,13,-0.07000000000000028,-0.12000000000000455,0.3999999999999915,0.16606223732894604,0.23269436344619343,0.7402702209356331,1,0.17178468610678527
AWS_001,2020-01-13 16:10:00,4.21,992.45,84.9,16,1,13,-0.04999999999999982,-0.029999999999972715,0.10000000000000853,0.13500617269847814,0.1851215819796862,0.6218252702093332,1,0.1829212419479132
AWS_001,2020-01-13 16:20:00,4.14,992.36,85.3,16,1,13,-0.07000000000000028,-0.09000000000003183,0.3999999999999915,0.12971764207958802,0.1556170517095942,0.6369196705009511,1,0.1795960172157826
AWS_001,2020-01-13 16:30:00,4.13,992.27,85.1,16,1,13,-0.009999999999999787,-0.09000000000003183,-0.20000000000000284,0.10966616007996843,0.1534600929146868,0.5419102016673369,1,0.17959168922020086
AWS_001,2020-01-13 16:40:00,4.13,992.19,84.7,16,1,13,0.0,-0.07999999999992724,-0.3999999999999915,0.08246211251245215,0.1490525638333448,0.3141125063909325,1,0.17888831602004474
AWS_001,2020-01-13 16:50:00,4.19,992.06,84.3,16,1,13,0.0600000000000005,-0.13000000000010914,-0.4000000000000057,0.052788887719688184,0.16067565710662648,0.3449637662197607,1,0.1621569426085837
AWS_001,2020-01-13 17:00:00,4.19,991.93,84.3,17,1,13,0.0,-0.12999999999999545,0.0,0.035637059362616026,0.19235384093214583,0.4131182236008869,1,0.16149554860952886
AWS_001,2020-01-13 17:10:00,4.27,991.86,84.2,17,1,13,0.07999999999999918,-0.06999999999993634,-0.09999999999999432,0.05431390245614003,0.1958996344801769,0.4636809247795666,1,0.17212180001075372
AWS_001,2020-01-13 17:20:00,4.33,991.9,84.0,17,1,13,0.0600000000000005,0.03999999999996362,-0.20000000000000284,0.07941452428040668,0.16718253534366476,0.3983298465731733,1,0.17431931991491834
AWS_001,2020-01-13 17:30:00,4.34,991.82,84.1,17,1,13,0.009999999999999787,-0.07999999999992724,0.09999999999999432,0.08495096624927234,0.13928388322074928,0.24221202833661554,1,0.18389854582370413
AWS_001,2020-01-13 17:40:00,4.43,991.95,83.9,17,1,13,0.08999999999999986,0.12999999999999545,-0.19999999999998863,0.09389710680679914,0.08318653812749775,0.1632993161984386,1,0.1592456472909693
AWS_001,2020-01-13 17:50:00,4.47,992.09,83.5,17,1,13,0.040000000000000036,0.13999999999998636,-0.4000000000000057,0.10245324136741474,0.0935414353405431,0.28284271248196,1,0.16138648447121673
AWS_001,2020-01-13 18:00:00,4.48,992.11,83.4,18,1,13,0.010000000000000675,0.01999999999998181,-0.09999999999999432,0.0854790422658808,0.12045746189057333,0.32710854468217015,1,0.1799477198966683
AWS_001,2020-01-13 18:10:00,4.54,992.11,83.0,18,1,13,0.05999999999999961,0.0,-0.4000000000000057,0.08280499179816707,0.12420413355101599,0.4230839160308528,1,0.1802338404971549
AWS_001,2020-01-13 18:20:00,4.59,992.27,82.3,18,1,13,0.04999999999999982,0.15999999999996817,-0.7000000000000028,0.08689073598508694,0.1547147917628934,0.65012819249018,1,0.15216667499849973
AWS_001,2020-01-13 18:30:00,4.61,992.28,81.9,18,1,13,0.020000000000000462,0.009999999999990905,-0.3999999999999915,0.07155417528021986,0.12389511742775919,0.76419892698415,1,0.17596711569686807
AWS_001,2020-01-13 18:40:00,4.69,992.08,81.5,18,1,13,0.08000000000000007,-0.1999999999999318,-0.4000000000000057,0.08382521498153994,0.09244818434555266,0.8246211251256896,1,0.1501614554892453
AWS_001,2020-01-13 18:50:00,4.64,991.92,81.7,18,1,13,-0.05000000000000071,-0.16000000000008185,0.20000000000000284,0.07413950813637006,0.13377842422906328,0.7563068160498299,1,0.16081944128485165
AWS_001,2020-01-13 19:00:00,4.6,991.71,82.0,19,1,13,-0.040000000000000036,-0.2099999999999227,0.29999999999999716,0.05036533199239304,0.21793730013511065,0.5316640543331816,1,0.1475571404459114
AWS_001,2020-01-13 19:10:00,4.6,991.78,82.2,19,1,13,0.0,0.06999999999993634,0.20000000000000284,0.03763863263595684,0.2434474620754738,0.30110906108906976,1,0.15534298211314973
AWS_001,2020-01-13 19:20:00,4.6,991.83,82.1,19,1,13,0.0,0.05000000000006821,-0.10000000000000853,0.03614784456512732,0.2125715568745413,0.2607680962143587,1,0.15842931049548198
AWS_001,2020-01-13 19:30:00,4.57,991.74,82.3,19,1,13,-0.02999999999999936,-0.09000000000003183,0.20000000000000284,0.04226897995817057,0.13750151560395393,0.3076794869177236,1,0.17042538003632757
AWS_001,2020-01-13 19:40:00,4.46,991.54,83.2,19,1,13,-0.11000000000000032,-0.20000000000004547,0.9000000000000057,0.062102066525213655,0.128010416742876,0.508920426003321,1,0.14213495375297397
AWS_001,2020-01-13 19:50:00,4.4,991.47,83.6,19,1,13,-0.05999999999999961,-0.06999999999993634,0.3999999999999915,0.08681397736942953,0.14190372368533619,0.6653319973292997,1,0.18141078791692422
AWS_001,2020-01-13 20:00:00,4.41,991.43,83.8,20,1,13,0.009999999999999787,-0.04000000000007731,0.20000000000000284,0.09416297927900365,0.1722111111294517,0.7580677190530668,1,0.1830161385473375
AWS_001,2020-01-13 20:10:00,4.46,991.28,83.9,20,1,13,0.04999999999999982,-0.14999999999997726,0.10000000000000853,0.0831063575588343,0.20409964918551218,0.7765307463351188,1,0.16136833124797917
AWS_001,2020-01-13 20:20:00,4.38,991.1,84.2,20,1,13,-0.08000000000000007,-0.17999999999994998,0.29999999999999716,0.06860515043854125,0.21960570757469083,0.6752777206482703,1,0.15144883213019505
AWS_001,2020-01-13 20:30:00,4.34,991.08,84.5,20,1,13,-0.040000000000000036,-0.01999999999998181,0.29999999999999716,0.04665476038618995,0.19520928974040896,0.45460605657067216,1,0.17452118985507636
AWS_001,2020-01-13 20:40:00,4.27,991.09,85.0,20,1,13,-0.07000000000000028,0.009999999999990905,0.5,0.06531972647440515,0.17792320478801094,0.5163977794983794,1,0.17162330165873962
AWS_001,2020-01-13 20:50:00,4.21,991.12,85.3,20,1,13,-0.05999999999999961,0.029999999999972715,0.29999999999999716,0.0922496612461134,0.14179797883917225,0.6024948132592517,1,0.17867577182822303
AWS_001,2020-01-13 21:00:00,4.18,990.83,85.4,21,1,13,-0.03000000000000025,-0.2899999999999636,0.10000000000000853,0.10652073350614531,0.14459137873437747,0.611282804167658,1,0.12926274186814662
AWS_001,2020-01-13 21:10:00,4.05,990.53,86.0,21,1,13,-0.1299999999999999,-0.3000000000000682,0.5999999999999943,0.1192336641502032,0.23591665224417976,0.650128192490697,1,0.11137011657034485
AWS_001,2020-01-13 21:20:00,4.06,990.46,86.3,21,1,13,0.009999999999999787,-0.06999999999993634,0.29999999999999716,0.11467344941185766,0.29606868596258573,0.65548963887415,1,0.15128163043061188
AWS_001,2020-01-13 21:30:00,3.97,990.47,86.6,21,1,13,-0.08999999999999941,0.009999999999990905,0.29999999999999716,0.11413442367085062,0.30652895481892267,0.628225012771303,1,0.1415571345530045
AWS_001,2020-01-13 21:40:00,3.82,990.15,87.2,21,1,13,-0.15000000000000036,-0.32000000000005,0.6000000000000085,0.1427468621955425,0.33672936731336145,0.7257180352393483,1,0.08291221243698821
AWS_001,2020-01-13 21:50:00,3.71,990.11,87.7,21,1,13,-0.10999999999999988,-0.03999999999996362,0.5,0.17236588989705004,0.2657630526370134,0.8286535263135194,1,0.14502012202029807
AWS_001,2020-01-13 22:00:00,3.59,990.02,88.1,22,1,13,-0.1200000000000001,-0.09000000000003183,0.3999999999999915,0.1923191791441075,0.2208166663746938,0.8232051182251096,1,0.15154312451708601
AWS_001,2020-01-13 22:10:00,3.57,989.91,88.3,22,1,13,-0.020000000000000018,-0.11000000000001364,0.20000000000000284,0.2004661234888803,0.23088236575571963,0.809114742587338,1,0.1559554798936782
AWS_001,2020-01-13 22:20:00,3.73,989.82,88.0,22,1,13,0.16000000000000014,-0.08999999999991815,-0.29999999999999716,0.1491866839455052,0.22715633416608907,0.6410928169973731,1,0.14651401581299744
AWS_001,2020-01-13 22:30:00,3.9,989.86,87.1,22,1,13,0.16999999999999993,0.03999999999996362,-0.9000000000000057,0.12806248474861295,0.13585531575856996,0.492612085390044,1,0.13989685043437539
AWS_001,2020-01-13 22:40:00,3.98,989.89,86.7,22,1,13,0.08000000000000007,0.029999999999972715,-0.3999999999999915,0.16451950239001104,0.10894953030556269,0.6252999280390343,1,0.1632469957177401
AWS_001,2020-01-13 22:50:00,4.03,989.78,86.3,22,1,13,0.050000000000000266,-0.11000000000001364,-0.4000000000000057,0.19859506539688512,0.08318653830142433,0.8304617189685399,1,0.16314058596571795
AWS_001,2020-01-13 23:00:00,3.95,989.8,86.4,23,1,13,-0.08000000000000007,0.01999999999998181,0.10000000000000853,0.17549928774783194,0.05163977945102445,0.840634680864436,1,0.15869170128465898
AWS_001,2020-01-13 23:10:00,3.78,989.81,87.1,23,1,13,-0.17000000000000037,0.009999999999990905,0.6999999999999886,0.11743083070470961,0.04082483094858414,0.6218252702101774,1,0.14736060072030321
AWS_001,2020-01-13 23:20:00,3.91,989.87,86.7,23,1,13,0.13000000000000034,0.06000000000005912,-0.3999999999999915,0.08549853799919505,0.04415880608892439,0.33714487490077594,1,0.14407538031620187
AWS_001,2020-01-13 23:30:00,4.07,989.86,85.5,23,1,13,0.16000000000000014,-0.009999999999990905,-1.2000000000000028,0.10211105065891744,0.04415880608892439,0.5431390245646753,1,0.13715861913530736
AWS_001,2020-01-13 23:40:00,4.07,989.85,85.4,23,1,13,0.0,-0.009999999999990905,-0.09999999999999432,0.11285684147037262,0.03656045434561924,0.6683312551958264,1,0.16414891929145692
AWS_001,2020-01-13 23:50:00,4.22,989.78,84.9,23,1,13,0.14999999999999947,-0.07000000000005002,-0.5,0.15310127367204954,0.03656045434561924,0.8579044235839137,1,0.14936783482417837
AWS_001,2020-01-14 00:00:00,4.38,989.64,84.0,0,1,14,0.16000000000000014,-0.13999999999998636,-0.9000000000000057,0.21367420683525265,0.086120072122161,1.1454256850641393,1,0.13624226071429668
AWS_001,2020-01-14 00:10:00,4.47,989.73,83.8,0,1,14,0.08999999999999986,0.09000000000003183,-0.20000000000000284,0.21096603202098776,0.09064583179887528,1.0709808588412724,1,0.152529641878424
AWS_001,2020-01-14 00:20:00,4.54,989.64,83.5,0,1,14,0.07000000000000028,-0.09000000000003183,-0.29999999999999716,0.20232811635234002,0.09757048814252274,0.8612007121866516,1,0.16068307525110287
AWS_001,2020-01-14 00:30:00,4.45,989.52,84.0,0,1,14,-0.08999999999999986,-0.12000000000000455,0.5,0.17694631954359138,0.11758684800523109,0.7257180352386713,1,0.1517036734908902
AWS_001,2020-01-14 00:40:00,4.29,989.31,84.7,0,1,14,-0.16000000000000014,-0.21000000000003638,0.7000000000000028,0.11956866925198827,0.1690759202992033,0.5394441583741104,1,0.1298190395909682
AWS_001,2020-01-14 00:50:00,4.07,989.06,85.4,0,1,14,-0.21999999999999975,-0.25,0.7000000000000028,0.16836468354940137,0.2531929438721433,0.694742158408899,1,0.10813689745704519
AWS_001,2020-01-14 01:00:00,3.89,989.0,86.1,1,1,14,-0.18000000000000016,-0.05999999999994543,0.6999999999999886,0.25641762809919927,0.3037542869295378,1.0107752800058034,1,0.12778855911058584
AWS_001,2020-01-14 01:10:00,3.89,988.89,86.1,1,1,14,0.0,-0.11000000000001364,0.0,0.28088550455066386,0.30190506261062816,1.0875047892634702,1,0.1326429565841975
AWS_001,2020-01-14 01:20:00,3.87,988.51,86.0,1,1,14,-0.020000000000000018,-0.37999999999999545,-0.09999999999999432,0.2438578821089762,0.34879315766280866,0.8704405015112642,1,0.088888373883861
AWS_001,2020-01-14 01:30:00,3.9,988.24,86.5,1,1,14,0.029999999999999805,-0.2699999999999818,0.5,0.1665833124895889,0.3914460373646935,0.6449806198675321,1,0.07630085428629857
AWS_001,2020-01-14 01:40:00,4.12,988.14,85.6,1,1,14,0.2200000000000002,-0.10000000000002274,-0.9000000000000057,0.10875047892616045,0.3988483423196292,0.393700393706656,1,0.08373048817749928
AWS_001,2020-01-14 01:50:00,4.13,987.97,85.4,1,1,14,0.009999999999999787,-0.16999999999995907,-0.19999999999998863,0.12307179476496538,0.41710510287000363,0.393700393706656,1,0.10762692011100172
AWS_001,2020-01-14 02:00:00,4.15,987.76,85.6,2,1,14,0.020000000000000462,-0.21000000000003638,0.19999999999998863,0.1357939615741633,0.4019660020983581,0.4082482904696644,1,0.1114426120749285
AWS_001,2020-01-14 02:10:00,4.21,987.66,85.3,2,1,14,0.05999999999999961,-0.10000000000002274,-0.29999999999999716,0.14193895401430429,0.31570028008492973,0.4457203906838208,1,0.1455965293261095
AWS_001,2020-01-14 02:20:00,4.22,987.51,85.5,2,1,14,0.009999999999999787,-0.14999999999997726,0.20000000000000284,0.11617515511794191,0.2846049897336661,0.4324349662141458,1,0.14307454872395797
AWS_001,2020-01-14 02:30:00,4.43,987.39,84.5,2,1,14,0.20999999999999996,-0.12000000000000455,-1.0,0.1154123043700966,0.28109903388289975,0.41673332800620844,1,0.12459922475135515
AWS_001,2020-01-14 02:40:00,4.65,987.46,83.2,2,1,14,0.22000000000000064,0.07000000000005002,-1.2999999999999972,0.2026244473568955,0.2164024033710847,0.9282600210452566,1,0.12154791281224236
AWS_001,2020-01-14 02:50:00,4.64,987.45,83.1,2,1,14,-0.010000000000000675,-0.009999999999990905,-0.10000000000000853,0.22375581929123511,0.1419037238857032,1.1395905697533484,1,0.1671806761005411
AWS_001,2020-01-14 03:00:00,4.6,987.44,83.2,3,1,14,-0.040000000000000036,-0.009999999999990905,0.10000000000000853,0.20449123860619536,0.09396808068011053,1.1111555546684608,1,0.17142012475351465
AWS_001,2020-01-14 03:10:00,4.92,987.44,81.4,3,1,14,0.3200000000000003,0.0,-1.7999999999999972,0.23517369467417526,0.03868677879953829,1.3963046467982068,1,0.10350579884308742
AWS_001,2020-01-14 03:20:00,4.97,987.53,80.6,3,1,14,0.04999999999999982,0.08999999999991815,-0.8000000000000114,0.20507722122826968,0.04535048901431112,1.4137420792598174,1,0.13990137505527916
AWS_001,2020-01-14 03:30:00,4.69,987.43,81.4,3,1,14,-0.27999999999999936,-0.10000000000002274,0.8000000000000114,0.15833508770971844,0.03656045478032279,1.151954860228016,1,0.12425628494241447
AWS_001,2020-01-14 03:40:00,4.49,987.33,82.4,3,1,14,-0.20000000000000018,-0.09999999999990905,1.0,0.18819316317738402,0.06377042303487085,1.0476958846294797,1,0.14127566057981028
AWS_001,2020-01-14 03:50:00,4.67,987.2,80.9,3,1,14,0.17999999999999972,-0.12999999999999545,-1.5,0.18608241901563335,0.11467345023135264,0.9751922887321779,1,0.12286091066917326
AWS_001,2020-01-14 04:00:00,4.74,987.04,79.7,4,1,14,0.07000000000000028,-0.16000000000008185,-1.2000000000000028,0.17603030042214596,0.18060084954276445,0.9070097390155606,1,0.13649145404587343
AWS_001,2020-01-14 04:10:00,4.47,987.02,80.6,4,1,14,-0.27000000000000046,-0.01999999999998181,0.8999999999999915,0.18313019048400256,0.20798237150427784,0.9070097390155254,1,0.13479289152032364
AWS_001,2020-01-14 04:20:00,4.47,986.9,80.6,4,1,14,0.0,-0.12000000000000455,0.0,0.12464616587245153,0.2023528276501534,0.9070097390155254,1,0.1587926793547555
AWS_001,2020-01-14 04:30:00,4.22,986.8,81.3,4,1,14,-0.25,-0.10000000000002274,0.7000000000000028,0.18231840280134085,0.19333046024740524,0.8975893641688285,1,0.14085392410220593
AWS_001,2020-01-14 04:40:00,3.98,986.71,82.0,4,1,14,-0.23999999999999977,-0.08999999999991815,0.7000000000000028,0.2840246468178908,0.17773575946956507,0.7713624310285685,1,0.14128170039952903
AWS_001,2020-01-14 04:50:00,3.97,986.68,82.1,4,1,14,-0.009999999999999787,-0.030000000000086402,0.09999999999999432,0.3061644438315598,0.15367715139888266,0.926822528859977,1,0.16660038540583022
AWS_001,2020-01-14 05:00:00,4.13,986.7,81.2,5,1,14,0.1599999999999997,0.020000000000095497,-0.8999999999999915,0.22455882673963884,0.13482086953751443,0.6511528238459345,1,0.15465151724693504
AWS_001,2020-01-14 05:10:00,4.02,986.64,81.4,5,1,14,-0.11000000000000032,-0.06000000000005912,0.20000000000000284,0.19177243458505558,0.09516652175909347,0.5537749241968876,1,0.1704264337208522
AWS_001,2020-01-14 05:20:00,4.13,986.56,81.0,5,1,14,0.11000000000000032,-0.08000000000004093,-0.4000000000000057,0.10014988766848364,0.0796031837585753,0.4472135955029032,1,0.1670495545368999
AWS_001,2020-01-14 05:30:00,4.47,986.59,79.4,5,1,14,0.33999999999999986,0.030000000000086402,-1.5999999999999943,0.18694027566760094,0.06121002258596094,0.9765585833267494,1,0.11334507060432975
AWS_001,2020-01-14 05:40:00,4.67,986.43,78.2,5,1,14,0.20000000000000018,-0.16000000000008185,-1.2000000000000028,0.27672489347126744,0.09859006135978537,1.4556785359419804,1,0.11916783932397385
AWS_001,2020-01-14 05:50:00,4.97,986.43,76.6,5,1,14,0.2999999999999998,0.0,-1.6000000000000085,0.3722588705010166,0.11016654150031968,1.9366637980476802,1,0.09778625921973977
AWS_001,2020-01-14 06:00:00,5.03,986.47,76.2,6,1,14,0.0600000000000005,0.04000000000007731,-0.3999999999999915,0.4206859477884904,0.08899438296863411,2.1872356983190966,1,0.13269728584278728
AWS_001,2020-01-14 06:10:00,5.22,986.53,75.1,6,1,14,0.1899999999999995,0.05999999999994543,-1.1000000000000085,0.4041987959738508,0.06823977481553582,2.201590334281325,1,0.11033277359577581
AWS_001,2020-01-14 06:20:00,5.43,986.45,73.9,6,1,14,0.20999999999999996,-0.07999999999992724,-1.1999999999999886,0.3514398952880209,0.0640832807143718,2.004661234889102,1,0.11704299672850854
AWS_001,2020-01-14 06:30:00,5.75,986.57,72.2,6,1,14,0.3200000000000003,0.12000000000000455,-1.7000000000000028,0.3783340675470988,0.05761944290336868,2.1210060505964097,1,0.0679240601549691
AWS_001,2020-01-14 06:40:00,6.0,986.54,70.6,6,1,14,0.25,-0.030000000000086402,-1.6000000000000085,0.4092920717532624,0.0560059538524086,2.3477648945325376,1,0.08865107236747566
AWS_001,2020-01-14 06:50:00,6.01,986.46,70.4,6,1,14,0.009999999999999787,-0.07999999999992724,-0.19999999999998863,0.4109825624850199,0.049665550101156024,2.39137338503748,1,0.1290098656285953
AWS_001,2020-01-14 07:00:00,6.13,986.5,69.86,7,1,14,0.1200000000000001,0.03999999999996362,-0.5400000000000063,0.36263847929689236,0.047081491764653996,2.1146630937334896,1,0.12114744625177082
AWS_001,2020-01-14 07:10:00,6.18,986.61,69.62,7,1,14,0.04999999999999982,0.11000000000001364,-0.23999999999999488,0.28111682031989943,0.06306081879116686,1.6442586982177625,1,0.1384003763760278
AWS_001,2020-01-14 07:20:00,6.07,986.55,69.87,7,1,14,-0.10999999999999943,-0.06000000000005912,0.25,0.15068731421979747,0.052694087584812664,0.944155707496287,1,0.1526612920182963
AWS_001,2020-01-14 07:30:00,6.07,986.48,69.56,7,1,14,0.0,-0.06999999999993634,-0.3100000000000023,0.06918574034278084,0.05465040591423263,0.4226464243284564,1,0.15290354092969488
AWS_001,2020-01-14 07:40:00,5.92,986.46,69.79,7,1,14,-0.15000000000000036,-0.01999999999998181,0.23000000000000398,0.09114091653466085,0.0593295895830907,0.29785902705403383,1,0.14405726856036444
AWS_001,2020-01-14 07:50:00,5.81,986.57,70.1,7,1,14,-0.11000000000000032,0.11000000000001364,0.30999999999998806,0.13870832707559305,0.05776388894910896,0.1942163741746634,1,0.13161368302865195
AWS_001,2020-01-14 08:00:00,5.74,986.56,70.3,8,1,14,-0.0699999999999994,-0.010000000000104592,0.20000000000000284,0.17026450011704272,0.05706721358530647,0.28380744645666617,1,0.1613315647005425
AWS_001,2020-01-14 08:10:00,5.65,986.54,70.4,8,1,14,-0.08999999999999986,-0.01999999999998181,0.10000000000000853,0.173858179752259,0.04546060785498928,0.3207906898030501,1,0.15558244573982077
AWS_001,2020-01-14 08:20:00,5.6,986.52,70.4,8,1,14,-0.05000000000000071,-0.01999999999998181,0.0,0.1752046422523246,0.04400757737720668,0.3485063366200965,1,0.15885572473756493
AWS_001,2020-01-14 08:30:00,5.49,986.61,70.9,8,1,14,-0.10999999999999943,0.09000000000003183,0.5,0.15406708495574367,0.05085928495691065,0.3684426685358267,1,0.14225522405064772
AWS_001,2020-01-14 08:40:00,5.42,986.5,71.4,8,1,14,-0.07000000000000028,-0.11000000000001364,0.5,0.14743360087427965,0.03898717993874264,0.4792355022998618,1,0.14257615445761795
AWS_001,2020-01-14 08:50:00,5.32,986.42,71.8,8,1,14,-0.09999999999999964,-0.08000000000004093,0.3999999999999915,0.15552063100036762,0.06379655319767281,0.6186005711804174,1,0.1541209250655302
AWS_001,2020-01-14 09:00:00,5.3,986.45,72.0,9,1,14,-0.020000000000000462,0.030000000000086402,0.20000000000000284,0.14375905768593833,0.06742897646271213,0.6920982589186401,1,0.16549016846346737
AWS_001,2020-01-14 09:10:00,5.34,986.58,71.8,9,1,14,0.040000000000000036,0.12999999999999545,-0.20000000000000284,0.11634718160207598,0.07312090581169829,0.6210206652479416,1,0.16199589015845045
AWS_001,2020-01-14 09:20:00,5.43,986.74,71.4,9,1,14,0.08999999999999986,0.15999999999996817,-0.3999999999999915,0.07447594690062762,0.11832159650537022,0.3987480407455482,1,0.1376549309837698
AWS_001,2020-01-14 09:30:00,5.64,986.79,70.6,9,1,14,0.20999999999999996,0.049999999999954525,-0.8000000000000114,0.12528633870756314,0.15401298711208658,0.501996015918842,1,0.13353156811108507
AWS_001,2020-01-14 09:40:00,5.87,986.69,69.64,9,1,14,0.23000000000000043,-0.09999999999990905,-0.9599999999999937,0.22703891002810458,0.15380723931416485,0.9157874571454363,1,0.13211471588686352
AWS_001,2020-01-14 09:50:00,6.19,986.76,68.04,9,1,14,0.3200000000000003,0.06999999999993634,-1.5999999999999943,0.3476444543880379,0.129833227121172,1.5174188610920538,1,0.08740008536424565
AWS_001,2020-01-14 10:00:00,6.42,986.79,67.17,10,1,14,0.22999999999999954,0.029999999999972715,-0.8700000000000045,0.4275862486096793,0.08018728201716477,1.8566825253654646,1,0.10930551405570232
AWS_001,2020-01-14 10:10:00,6.58,986.89,66.46,10,1,14,0.16000000000000014,0.10000000000002274,-0.710000000000008,0.45110604813810085,0.06683312699034497,1.9683673437641196,1,0.10250597176153703
AWS_001,2020-01-14 10:20:00,6.78,986.93,65.5,10,1,14,0.20000000000000018,0.03999999999996362,-0.9599999999999937,0.43329743441057283,0.08773064950689935,1.9340984118351248,1,0.09745396080304425
AWS_001,2020-01-14 10:30:00,7.08,986.88,64.29,10,1,14,0.2999999999999998,-0.049999999999954525,-1.2099999999999937,0.42884340576345004,0.09157874678500082,1.8884279176065821,1,0.10053367132460578
AWS_001,2020-01-14 10:40:00,7.16,986.68,63.72,10,1,14,0.08000000000000007,-0.20000000000004547,-0.5700000000000074,0.37822832610316814,0.09453394555787187,1.6734714418423986,1,0.10863922408057208
AWS_001,2020-01-14 10:50:00,7.32,986.8,62.44,10,1,14,0.16000000000000014,0.12000000000000455,-1.2800000000000011,0.35298725189466296,0.09064583202031216,1.7752295626185701,1,0.10365055118941258
AWS_001,2020-01-14 11:00:00,7.24,986.95,62.37,11,1,14,-0.08000000000000007,0.15000000000009095,-0.07000000000000028,0.28723973726979135,0.10014988864521225,1.6403170425239406,1,0.12119454209159591
AWS_001,2020-01-14 11:10:00,7.08,986.94,63.03,11,1,14,-0.16000000000000014,-0.009999999999990905,0.6600000000000037,0.18665476152553873,0.10557777636515185,1.2061080659131849,1,0.13612010812309022
AWS_001,2020-01-14 11:20:00,7.01,986.76,63.29,11,1,14,-0.07000000000000028,-0.18000000000006366,0.259999999999998,0.11531117320894853,0.1069111790034447,0.743155434612419,1,0.13901669307075276
AWS_001,2020-01-14 11:30:00,7.04,986.67,63.0,11,1,14,0.03000000000000025,-0.09000000000003183,-0.28999999999999915,0.12106472098354593,0.12247448794074321,0.5118886597628934,1,0.15646509197702446
AWS_001,2020-01-14 11:40:00,7.18,986.63,62.73,11,1,14,0.13999999999999968,-0.03999999999996362,-0.2700000000000031,0.12194260945279668,0.13347908773705142,0.361054012571194,1,0.15117885102986456
AWS_001,2020-01-14 11:50:00,7.38,986.66,62.25,11,1,14,0.20000000000000018,0.029999999999972715,-0.4799999999999969,0.14024977718398599,0.14358505097470323,0.40558188650432686,1,0.1363660562056841
AWS_001,2020-01-14 12:00:00,7.63,986.63,61.76,12,1,14,0.25,-0.029999999999972715,-0.490000000000002,0.2414125100324352,0.12012493578521581,0.571092520227986,1,0.12809963019060627
AWS_001,2020-01-14 12:10:00,7.99,986.43,61.1,12,1,14,0.3600000000000003,-0.20000000000004547,-0.6599999999999966,0.38123046398056165,0.10899541365788082,0.8210907379781526,1,0.07664123878749296
AWS_001,2020-01-14 12:20:00,8.69,986.4,59.98,12,1,14,0.6999999999999993,-0.029999999999972715,-1.1200000000000045,0.6104888751376611,0.1214907412076981,1.123506415940679,1,0.04554633838069433
AWS_001,2020-01-14 12:30:00,9.84,986.61,57.6,12,1,14,1.1500000000000004,0.21000000000003638,-2.3799999999999955,0.9971442556956682,0.11384199664149398,1.8808154259946315,-1,-0.058336351895163174
AWS_001,2020-01-14 12:40:00,10.34,986.59,57.48,12,1,14,0.5,-0.01999999999998181,-0.12000000000000455,1.2134702303724738,0.11003029976361897,2.0724904503178982,1,0.007050789302845084
AWS_001,2020-01-14 12:50:00,10.49,986.42,58.88,12,1,14,0.15000000000000036,-0.17000000000007276,1.4000000000000057,1.2291731638247367,0.10708252362813044,1.7869601748943846,-1,-0.00834469993665976
AWS_001,2020-01-14 13:00:00,10.71,986.26,59.46,13,1,14,0.22000000000000064,-0.15999999999996817,0.5799999999999983,1.0967527828398407,0.13044794696479325,1.4017940885373845,1,0.017587729345645786
AWS_001,2020-01-14 13:10:00,10.81,986.21,59.01,13,1,14,0.09999999999999964,-0.049999999999954525,-0.45000000000000284,0.7910162240225886,0.1642863360146348,1.0035487033480213,1,0.06841598135149785
AWS_001,2020-01-14 13:20:00,10.69,986.16,58.33,13,1,14,-0.120000000000001,-0.05000000000006821,-0.6799999999999997,0.35642671055954794,0.19501282060833303,0.7994748276158208,1,0.1034428698545572
AWS_001,2020-01-14 13:30:00,10.49,986.16,58.34,13,1,14,-0.1999999999999993,0.0,0.010000000000005116,0.1762290176644313,0.17169740884053727,0.6898308971465981,1,0.10949015899067333
AWS_001,2020-01-14 13:40:00,10.58,986.2,58.19,13,1,14,0.08999999999999986,0.04000000000007731,-0.15000000000000568,0.12967909109402326,0.09792854641705705,0.4965245881707601,1,0.10903999001804643
AWS_001,2020-01-14 13:50:00,10.72,986.25,57.88,13,1,14,0.14000000000000057,0.049999999999954525,-0.30999999999999517,0.11360751149010172,0.042739523516019236,0.5846965024620754,1,0.10143219360144279
AWS_001,2020-01-14 14:00:00,10.74,986.3,57.74,14,1,14,0.019999999999999574,0.049999999999954525,-0.14000000000000057,0.11651895411036696,0.054283209837796886,0.4455745354684128,1,0.10829374504457928
AWS_001,2020-01-14 14:10:00,10.47,986.29,58.49,14,1,14,-0.2699999999999996,-0.009999999999990905,0.75,0.11844830095997438,0.06250333487208394,0.2918504182930797,1,0.09297292514276123
AWS_001,2020-01-14 14:20:00,10.15,986.29,59.48,14,1,14,-0.3200000000000003,0.0,0.9899999999999949,0.21547621678575293,0.057067213615780335,0.6188914821339414,1,0.09265190500347309
AWS_001,2020-01-14 14:30:00,10.01,986.31,59.77,14,1,14,-0.14000000000000057,0.01999999999998181,0.29000000000000625,0.3025723054086369,0.04131182481526774,0.8462958505499579,1,0.11645222125721622
AWS_001,2020-01-14 14:40:00,9.95,986.41,59.26,14,1,14,-0.0600000000000005,0.10000000000002274,-0.5100000000000051,0.3516816742457491,0.05382069183085347,0.8573913925340672,1,0.1087745736089043
AWS_001,2020-01-14 14:50:00,9.93,986.55,58.24,14,1,14,-0.019999999999999574,0.13999999999998636,-1.019999999999996,0.32804979296892417,0.10438710106401886,0.7928177596342939,1,0.09752562142086518
AWS_001,2020-01-14 15:00:00,9.76,986.66,57.78,15,1,14,-0.16999999999999993,0.11000000000001364,-0.46000000000000085,0.24345430782855296,0.15523101129550518,0.7819121860274413,1,0.10376096469085205
AWS_001,2020-01-14 15:10:00,9.49,986.71,58.07,15,1,14,-0.2699999999999996,0.05000000000006821,0.28999999999999915,0.2296446530336348,0.17870832903641684,0.8360781462627606,1,0.10026207385987468
AWS_001,2020-01-14 15:20:00,9.13,986.77,58.81,15,1,14,-0.35999999999999943,0.05999999999994543,0.740000000000002,0.3415503867175824,0.17960141109138478,0.7633282386964647,1,0.0965937975628764
AWS_001,2020-01-14 15:30:00,8.75,986.72,58.78,15,1,14,-0.3800000000000008,-0.049999999999954525,-0.030000000000001137,0.4805170825963633,0.13381579452809814,0.5517970641380362,1,0.1111703925491343
AWS_001,2020-01-14 15:40:00,8.58,986.81,59.0,15,1,14,-0.16999999999999993,0.08999999999991815,0.21999999999999886,0.5459181867889273,0.09114091761869074,0.4854551129177646,1,0.09954137578389327
AWS_001,2020-01-14 15:50:00,8.54,986.9,58.98,15,1,14,-0.040000000000000924,0.09000000000003183,-0.020000000000003126,0.5049125336797458,0.08518607200513312,0.5155191557948184,1,0.11672419764041053
AWS_001,2020-01-14 16:00:00,8.54,986.79,58.57,16,1,14,0.0,-0.11000000000001364,-0.4099999999999966,0.39045699720569965,0.06918574176371489,0.34660736671072595,1,0.11910138758265265
AWS_001,2020-01-14 16:10:00,8.5,986.76,58.55,16,1,14,-0.03999999999999915,-0.029999999999972715,-0.020000000000003126,0.24030536129450925,0.06112828202471072,0.19301986078688588,1,0.13135384995397298
AWS_001,2020-01-14 16:20:00,8.47,986.95,58.62,16,1,14,-0.02999999999999936,0.19000000000005457,0.07000000000000028,0.0989275829426753,0.08704405127820775,0.20278066966923758,1,0.09956065561710031
AWS_001,2020-01-14 16:30:00,8.47,986.94,58.51,16,1,14,0.0,-0.009999999999990905,-0.10999999999999943,0.04412104562312671,0.08183316480785117,0.22367386971096792,1,0.13307282650753205
AWS_001,2020-01-14 16:40:00,8.53,986.92,58.2,16,1,14,0.05999999999999872,-0.020000000000095497,-0.30999999999999517,0.03311595788857212,0.08115828277037529,0.24959300202143034,1,0.12737374232010718
AWS_001,2020-01-14 16:50:00,8.74,986.92,57.31,16,1,14,0.21000000000000085,0.0,-0.8900000000000006,0.10147249216846409,0.08270429369462674,0.5043279356310846,1,0.11410188817930617
AWS_001,2020-01-14 17:00:00,8.78,986.91,57.06,17,1,14,0.03999999999999915,-0.009999999999990905,-0.25,0.1404872473460868,0.07014271305898136,0.6835617504350043,1,0.13505496476599155
AWS_001,2020-01-14 17:10:00,8.83,986.97,56.69,17,1,14,0.05000000000000071,0.06000000000005912,-0.37000000000000455,0.1646410236450286,0.022583183895041922,0.8158778503290742,1,0.11683356568421499
AWS_001,2020-01-14 17:20:00,8.86,987.07,56.6,17,1,14,0.02999999999999936,0.10000000000002274,-0.0899999999999963,0.16265505423098806,0.06024948294045937,0.7924329624584853,1,0.11680402537805734
AWS_001,2020-01-14 17:30:00,8.87,987.17,56.49,17,1,14,0.009999999999999787,0.09999999999990905,-0.10999999999999943,0.12671490309702577,0.10519822650965868,0.638041273474691,1,0.12217267761768263
AWS_001,2020-01-14 17:40:00,8.83,987.29,56.71,17,1,14,-0.03999999999999915,0.12000000000000455,0.21999999999999886,0.049564772438605964,0.15175638435771682,0.31093407659887545,1,0.11063671984241213
AWS_001,2020-01-14 17:50:00,8.81,987.37,56.81,17,1,14,-0.019999999999999574,0.08000000000004093,0.10000000000000142,0.03286335345372831,0.18022208575080112,0.1958230493507174,1,0.10464818645956253
AWS_001,2020-01-14 18:00:00,8.85,987.43,56.7,18,1,14,0.03999999999999915,0.05999999999994543,-0.10999999999999943,0.022286019538981638,0.17828815680776797,0.10930080812591696,1,0.10122363333445061
AWS_001,2020-01-14 18:10:00,8.92,987.37,56.72,18,1,14,0.07000000000000028,-0.05999999999994543,0.01999999999999602,0.03777124126756448,0.13779211464033012,0.11125046812027989,1,0.11016598910156916
AWS_001,2020-01-14 18:20:00,8.9,987.43,57.06,18,1,14,-0.019999999999999574,0.05999999999994543,0.3400000000000034,0.04179314138579301,0.09933109712611135,0.1856250701199227,1,0.10780401420866703
AWS_001,2020-01-14 18:30:00,8.87,987.46,57.25,18,1,14,-0.030000000000001137,0.030000000000086402,0.18999999999999773,0.04179314138579301,0.061454591819117145,0.22845130770129718,1,0.11210148953774446
AWS_001,2020-01-14 18:40:00,8.94,987.46,56.93,18,1,14,0.07000000000000028,0.0,-0.3200000000000003,0.04792355023257095,0.04098780536482009,0.2138613257630298,1,0.10998081060762405
AWS_001,2020-01-14 18:50:00,8.94,987.48,56.94,18,1,14,0.0,0.01999999999998181,0.00999999999999801,0.03723797345311381,0.03868677881472155,0.20800641013471996,1,0.10814031758507758
AWS_001,2020-01-14 19:00:00,8.96,987.47,57.06,19,1,14,0.02000000000000135,-0.009999999999990905,0.12000000000000455,0.03250640962788312,0.04037326080846505,0.17682382943813882,1,0.1067372351300212
AWS_001,2020-01-14 19:10:00,9.0,987.56,57.15,19,1,14,0.03999999999999915,0.08999999999991815,0.0899999999999963,0.04549725266683445,0.044121047750183245,0.12275992827686759,1,0.0982516874355005
AWS_001,2020-01-14 19:20:00,8.92,987.51,57.58,19,1,14,-0.08000000000000007,-0.049999999999954525,0.4299999999999997,0.043089055070825444,0.03898717978691802,0.2430980597562579,1,0.10504638504664854
AWS_001,2020-01-14 19:30:00,8.84,987.39,58.09,19,1,14,-0.08000000000000007,-0.12000000000000455,0.5100000000000051,0.05316640543516485,0.05636192734948858,0.45797015913412764,1,0.10157619753043062
AWS_001,2020-01-14 19:40:00,8.79,987.43,58.34,19,1,14,-0.05000000000000071,0.03999999999996362,0.25,0.0785917722595373,0.0595538987356034,0.5806088757997708,1,0.12194637011921705
AWS_001,2020-01-14 19:50:00,8.73,987.46,58.46,19,1,14,-0.05999999999999872,0.030000000000086402,0.11999999999999744,0.10424330514183161,0.05966573713601262,0.6045494189815682,1,0.12851005130683713
AWS_001,2020-01-14 20:00:00,8.69,987.55,58.67,20,1,14,-0.040000000000000924,0.08999999999991815,0.21000000000000085,0.11686174167318605,0.06801960639762707,0.5777686965021346,1,0.12809936858780646
AWS_001,2020-01-14 20:10:00,8.68,987.51,58.68,20,1,14,-0.009999999999999787,-0.03999999999996362,0.00999999999999801,0.09354143467052901,0.05924525456037081,0.4173567618452145,1,0.13029248514009717
AWS_001,2020-01-14 20:20:00,8.88,987.38,57.92,20,1,14,0.20000000000000107,-0.12999999999999545,-0.759999999999998,0.0818331636128484,0.06713171273586568,0.3083504499612222,1,0.08309056394466036
AWS_001,2020-01-14 20:30:00,8.97,987.4,57.81,20,1,14,0.08999999999999986,0.01999999999998181,-0.10999999999999943,0.11506519891010425,0.06534523845058741,0.3720035842003779,1,0.12292083410194443
AWS_001,2020-01-14 20:40:00,9.23,987.31,57.02,20,1,14,0.2599999999999998,-0.09000000000003183,-0.7899999999999991,0.2133229164128714,0.08871302152677134,0.6439772252632839,1,0.08730654985769581
AWS_001,2020-01-14 20:50:00,9.43,987.17,56.51,20,1,14,0.1999999999999993,-0.13999999999998636,-0.5100000000000051,0.2997332147097367,0.13779211463530747,0.8731876468764379,1,0.08411411972483646
AWS_001,2020-01-14 21:00:00,9.57,987.21,56.29,21,1,14,0.14000000000000057,0.04000000000007731,-0.21999999999999886,0.3417991613022309,0.12664912234083303,0.9209433569212498,1,0.10046892300119836
AWS_001,2020-01-14 21:10:00,9.61,987.19,56.3,21,1,14,0.03999999999999915,-0.01999999999998181,0.00999999999999801,0.3079231505861771,0.1003327805706201,0.7393713545915125,1,0.11759987484440604
AWS_001,2020-01-14 21:20:00,9.68,987.29,56.28,21,1,14,0.07000000000000028,0.09999999999990905,-0.01999999999999602,0.2700925767218696,0.08773064947450764,0.6123860438130475,1,0.1055528694693183
AWS_001,2020-01-14 21:30:00,9.73,987.35,56.24,21,1,14,0.05000000000000071,0.06000000000005912,-0.03999999999999915,0.18421907248418556,0.07312090574743799,0.2996664812590447,1,0.1117774123085904
AWS_001,2020-01-14 21:40:00,9.77,987.22,56.35,21,1,14,0.03999999999999915,-0.12999999999999545,0.10999999999999943,0.12335585380086019,0.06823977474696054,0.09579491978586144,1,0.09788248355805673
AWS_001,2020-01-14 21:50:00,9.85,987.07,56.5,21,1,14,0.08000000000000007,-0.14999999999997726,0.14999999999999858,0.1036178877749568,0.09516652172755932,0.09201449155855156,1,0.0882823502974418
AWS_001,2020-01-14 22:00:00,9.85,987.16,56.77,22,1,14,0.0,0.08999999999991815,0.2700000000000031,0.09516652072523488,0.09852241804700135,0.1995661961776731,1,0.10006506534632914
AWS_001,2020-01-14 22:10:00,9.93,987.31,56.82,22,1,14,0.08000000000000007,0.14999999999997726,0.04999999999999716,0.09174239296502987,0.10481730228151406,0.2504129921886541,1,0.08798574685123317
AWS_001,2020-01-14 22:20:00,9.92,987.42,56.82,22,1,14,-0.009999999999999787,0.11000000000001364,0.0,0.07960318251773989,0.12942179179190794,0.25539511870222925,1,0.09861678479947744
AWS_001,2020-01-14 22:30:00,9.89,987.49,56.79,22,1,14,-0.02999999999999936,0.07000000000005002,-0.030000000000001137,0.05879342367097253,0.15917495675198975,0.20027481117282364,1,0.09728073309546403
AWS_001,2020-01-14 22:40:00,9.8,987.59,57.25,22,1,14,-0.08999999999999986,0.10000000000002274,0.46000000000000085,0.04926120854135401,0.19879637871338315,0.24106015844679354,1,0.08348964540473819
AWS_001,2020-01-14 22:50:00,9.77,987.62,57.64,22,1,14,-0.030000000000001137,0.029999999999972715,0.39000000000000057,0.06511528238660358,0.17474743733479808,0.3556824426233294,1,0.10919741559678786
AWS_001,2020-01-14 23:00:00,9.61,987.72,58.02,23,1,14,-0.16000000000000014,0.10000000000002274,0.38000000000000256,0.12165525060713231,0.1481553245322189,0.5142243349524394,1,0.10302259611404063
AWS_001,2020-01-14 23:10:00,9.32,987.75,59.13,23,1,14,-0.28999999999999915,0.029999999999972715,1.1099999999999994,0.2235546167426277,0.12797135168853754,0.8837967337897826,1,0.07998059046111267
AWS_001,2020-01-14 23:20:00,9.34,987.66,59.65,23,1,14,0.019999999999999574,-0.09000000000003183,0.519999999999996,0.243426922641962,0.09410986586158307,1.1061283831414315,1,0.1034260002747237
AWS_001,2020-01-14 23:30:00,9.14,987.76,60.08,23,1,14,-0.1999999999999993,0.10000000000002274,0.4299999999999997,0.2692706197618407,0.07061633558832399,1.1532114579113604,1,0.08371819992567336
AWS_001,2020-01-14 23:40:00,8.98,987.94,60.89,23,1,14,-0.16000000000000014,0.18000000000006366,0.8100000000000023,0.29168476134390064,0.11107054898216259,1.2374611104966944,1,0.06834068155789175
AWS_001,2020-01-14 23:50:00,8.93,988.1,61.42,23,1,14,-0.05000000000000071,0.15999999999996817,0.5300000000000011,0.25479403446752336,0.16545895820471665,1.2251816191863396,1,0.08979714319392512
AWS_001,2020-01-15 00:00:00,9.23,988.1,61.15,0,1,15,0.3000000000000007,0.0,-0.2700000000000031,0.17235622027330266,0.18971030594757,0.9077150801099557,1,0.09742402459966626
AWS_001,2020-01-15 00:10:00,9.53,988.04,60.85,0,1,15,0.29999999999999893,-0.06000000000005912,-0.29999999999999716,0.22533678498394757,0.18532853759949633,0.6726266919021194,1,0.08786433714563258
AWS_001,2020-01-15 00:20:00,9.53,988.02,60.76,0,1,15,0.0,-0.01999999999998181,-0.09000000000000341,0.26089589239178185,0.1287892342084725,0.4510173684674383,1,0.12574095659301582
AWS_001,2020-01-15 00:30:00,9.12,988.11,61.03,0,1,15,-0.41000000000000014,0.09000000000003183,0.2700000000000031,0.2622975409725324,0.06585337384878319,0.240970260943926,1,0.07273016585632713
AWS_001,2020-01-15 00:40:00,8.97,988.19,61.54,0,1,15,-0.14999999999999858,0.08000000000004093,0.509999999999998,0.2641527335972577,0.05988878732071018,0.3091116303097957,1,0.0933755223143855
AWS_001,2020-01-15 00:50:00,8.96,988.33,61.41,0,1,15,-0.009999999999999787,0.13999999999998636,-0.13000000000000256,0.25781130050272066,0.1140906080545619,0.30722413098492896,1,0.1033862682496881
AWS_001,2020-01-15 01:00:00,8.93,988.49,61.49,1,1,15,-0.030000000000001137,0.15999999999996817,0.0800000000000054,0.2840187787222883,0.18282961151146443,0.34246167667756816,1,0.10224207192619023
AWS_001,2020-01-15 01:10:00,8.85,988.5,61.54,1,1,15,-0.08000000000000007,0.009999999999990905,0.04999999999999716,0.2464142853006386,0.19966638887019594,0.32488459488390314,1,0.11713847347991047
AWS_001,2020-01-15 01:20:00,8.75,988.45,61.7,1,1,15,-0.09999999999999964,-0.049999999999954525,0.1600000000000037,0.12441864812082766,0.1646511469043156,0.227281030135898,1,0.12463879597286254
AWS_001,2020-01-15 01:30:00,8.96,988.46,61.63,1,1,15,0.21000000000000085,0.009999999999990905,-0.07000000000000028,0.08710147339097675,0.12094075757515933,0.10225784400080551,1,0.10176503067505427
AWS_001,2020-01-15 01:40:00,9.15,988.55,60.89,1,1,15,0.1899999999999995,0.08999999999991815,-0.740000000000002,0.13336666250184567,0.0742069190985867,0.2896664748631267,1,0.09347167249497468
AWS_001,2020-01-15 01:50:00,9.01,988.55,61.14,1,1,15,-0.14000000000000057,0.0,0.25,0.1368819442690737,0.04289522321865403,0.3156844415862211,1,0.11593495220554673
AWS_001,2020-01-15 02:00:00,8.86,988.6,61.43,2,1,15,-0.15000000000000036,0.05000000000006821,0.28999999999999915,0.14099645385687648,0.05845226121727778,0.3131400112722716,1,0.12021964006376668
AWS_001,2020-01-15 02:10:00,8.58,988.66,62.06,2,1,15,-0.27999999999999936,0.05999999999994543,0.6300000000000026,0.20166804407295427,0.08068457209655239,0.4179354016986145,1,0.09884826461583934
AWS_001,2020-01-15 02:20:00,8.74,988.82,61.23,2,1,15,0.16000000000000014,0.16000000000008185,-0.8300000000000054,0.20304350929512016,0.12355835398829619,0.411323068474895,1,0.0919376466748057
AWS_001,2020-01-15 02:30:00,8.82,988.87,60.65,2,1,15,0.08000000000000007,0.049999999999954525,-0.5799999999999983,0.20049937655815572,0.1386722761505261,0.48763374233076434,1,0.11860916267476818
AWS_001,2020-01-15 02:40:00,9.35,988.8,58.94,2,1,15,0.5299999999999994,-0.07000000000005002,-1.7100000000000009,0.2647010892816238,0.1309452818504611,1.067397145705062,1,0.05002959731140677
AWS_001,2020-01-15 02:50:00,9.27,988.76,59.33,2,1,15,-0.08000000000000007,-0.03999999999996362,0.39000000000000057,0.30572318634163376,0.10245324220560761,1.231919910813658,1,0.12771786276301128
AWS_001,2020-01-15 03:00:00,9.27,988.75,58.79,3,1,15,0.0,-0.009999999999990905,-0.5399999999999991,0.33001515116766944,0.07174027347398305,1.3452831176592028,1,0.13337597104724846
AWS_001,2020-01-15 03:10:00,9.19,988.77,58.76,3,1,15,-0.08000000000000007,0.01999999999998181,-0.030000000000001137,0.2592810572851283,0.04505552320436072,1.0609366930493696,1,0.12614341192928902
AWS_001,2020-01-15 03:20:00,9.32,988.76,57.59,3,1,15,0.13000000000000078,-0.009999999999990905,-1.1699999999999946,0.19551641022405591,0.04505552320576491,0.9923910519505442,1,0.10988756611239286
AWS_001,2020-01-15 03:30:00,9.28,988.81,57.32,3,1,15,-0.040000000000000924,0.049999999999954525,-0.2700000000000031,0.0544058820371526,0.02428991913267368,0.8053011858871102,1,0.11228828854580014
AWS_001,2020-01-15 03:40:00,9.07,988.88,57.38,3,1,15,-0.20999999999999908,0.07000000000005002,0.060000000000002274,0.09048020041370237,0.049564774164413426,0.8668736932166256,1,0.10641562578813385
AWS_001,2020-01-15 03:50:00,8.99,988.82,57.29,3,1,15,-0.08000000000000007,-0.05999999999994543,-0.09000000000000341,0.13094528119371193,0.04875107011997298,0.7203540795961608,1,0.129615981265432
AWS_001,2020-01-15 04:00:00,8.81,988.78,57.91,4,1,15,-0.17999999999999972,-0.04000000000007731,0.6199999999999974,0.1925616784311662,0.04412104755985725,0.5646739472097264,1,0.12471525743724943
AWS_001,2020-01-15 04:10:00,8.64,988.78,58.53,4,1,15,-0.16999999999999993,0.0,0.6200000000000045,0.2643797773410208,0.042778501272151104,0.48054136137352954,1,0.12290455372920456
AWS_001,2020-01-15 04:20:00,8.71,988.76,58.28,4,1,15,0.07000000000000028,-0.01999999999998181,-0.25,0.2414677342149052,0.042778501272151104,0.5368333074528756,1,0.13281996020320913
AWS_001,2020-01-15 04:30:00,8.9,988.73,57.6,4,1,15,0.1899999999999995,-0.029999999999972715,-0.6799999999999997,0.16476245527084005,0.05231316123048895,0.499175987661153,1,0.11836851573763135
AWS_001,2020-01-15 04:40:00,9.17,988.74,56.88,4,1,15,0.2699999999999996,0.009999999999990905,-0.7199999999999989,0.19359752064582372,0.032506412263189906,0.6173950653005233,1,0.09027645981121529
AWS_001,2020-01-15 04:50:00,9.8,988.72,54.87,4,1,15,0.6300000000000008,-0.01999999999998181,-2.010000000000005,0.4309408312056546,0.025625511476580085,1.3419798806206213,1,0.0149754048881936
AWS_001,2020-01-15 05:00:00,10.14,988.73,53.52,5,1,15,0.33999999999999986,0.009999999999990905,-1.3499999999999943,0.613829509446152,0.02250926117276742,2.0051899328135407,1,0.024503058092408048
AWS_001,2020-01-15 05:10:00,10.34,988.81,52.8,5,1,15,0.1999999999999993,0.07999999999992724,-0.720000000000006,0.6778790452582655,0.0331159604794793,2.2583039358457078,1,0.03143438274989463
AWS_001,2020-01-15 05:20:00,10.46,988.85,52.41,5,1,15,0.120000000000001,0.04000000000007731,-0.39000000000000057,0.6402629668089093,0.05354126295002898,2.1649665124405457,1,0.04608644013868857
AWS_001,2020-01-15 05:30:00,10.66,988.95,51.88,5,1,15,0.1999999999999993,0.10000000000002274,-0.529999999999994,0.5398425696444307,0.08944272005667749,1.8598888855668478,1,0.05769508624191677
AWS_001,2020-01-15 05:40:00,10.84,989.0,51.38,5,1,15,0.17999999999999972,0.049999999999954525,-0.5,0.3719498174041624,0.11413442441801688,1.2504079334312825,1,0.08349815709522052
AWS_001,2020-01-15 05:50:00,10.99,989.02,50.94,5,1,15,0.15000000000000036,0.01999999999998181,-0.44000000000000483,0.3185226313262616,0.11500724688722061,0.9483406560869976,1,0.09442665367517072
AWS_001,2020-01-15 06:00:00,11.05,989.03,50.85,6,1,15,0.0600000000000005,0.009999999999990905,-0.0899999999999963,0.2869610891166567,0.0928798516144738,0.7935237866549804,1,0.10451747739270628
AWS_001,2020-01-15 06:10:00,11.05,989.09,50.87,6,1,15,0.0,0.06000000000005912,0.01999999999999602,0.23978462558518415,0.08221922018999392,0.639544108450498,1,0.10208068072075777
AWS_001,2020-01-15 06:20:00,11.03,989.21,50.86,6,1,15,-0.02000000000000135,0.12000000000000455,-0.00999999999999801,0.156928858617637,0.0905538523082958,0.41952353925248226,1,0.09788521682159834
AWS_001,2020-01-15 06:30:00,10.95,989.36,51.36,6,1,15,-0.08000000000000007,0.14999999999997726,0.5,0.08093207028348719,0.1407716833516237,0.25508168623706595,1,0.07987063446584014
AWS_001,2020-01-15 06:40:00,10.78,989.53,52.39,6,1,15,-0.16999999999999993,0.16999999999995907,1.0300000000000011,0.10310189135205276,0.2038299949283402,0.6091770404846526,1,0.05802409126192154
AWS_001,2020-01-15 06:50:00,10.71,989.59,53.1,6,1,15,-0.06999999999999851,0.06000000000005912,0.7100000000000009,0.14838014242826844,0.2305139189533512,0.956021268933826,1,0.07971574595842384
AWS_001,2020-01-15 07:00:00,10.76,989.73,53.69,7,1,15,0.049999999999998934,0.13999999999998636,0.5899999999999963,0.14805404418779836,0.24235648707985694,1.1993456549249863,1,0.07960233366640157
AWS_001,2020-01-15 07:10:00,10.64,989.67,54.15,7,1,15,-0.11999999999999922,-0.06000000000005912,0.46000000000000085,0.1485148701882184,0.19654516061643548,1.299960255798009,1,0.08624060148949236
AWS_001,2020-01-15 07:20:00,10.46,989.89,55.44,7,1,15,-0.17999999999999972,0.22000000000002728,1.2899999999999991,0.16256280837576392,0.18093276880352918,1.4189961240215545,1,0.0594924262794696
AWS_001,2020-01-15 07:30:00,10.17,989.93,57.31,7,1,15,-0.2900000000000009,0.03999999999996362,1.8700000000000045,0.2345776346265864,0.16033298732847764,1.7792882472088187,1,0.06853573246095745
AWS_001,2020-01-15 07:40:00,10.22,989.98,55.78,7,1,15,0.05000000000000071,0.05000000000006821,-1.5300000000000011,0.25295585912762786,0.15702441474086448,1.5581966071891422,1,0.07940763915246418
AWS_001,2020-01-15 07:50:00,10.09,990.09,56.13,7,1,15,-0.13000000000000078,0.11000000000001364,0.3500000000000014,0.2726169473828085,0.15702441473749182,1.3275491202422787,1,0.09934754962296799
AWS_001,2020-01-15 08:00:00,9.91,989.99,56.28,8,1,15,-0.17999999999999972,-0.10000000000002274,0.14999999999999858,0.26255793011633805,0.14195069621679332,1.044785464416642,1,0.11981278432985015
AWS_001,2020-01-15 08:10:00,9.64,989.96,56.33,8,1,15,-0.2699999999999996,-0.029999999999972715,0.04999999999999716,0.28095669891811104,0.06772493501273458,0.6345838531325174,1,0.11897809742046594
AWS_001,2020-01-15 08:20:00,9.36,990.01,56.56,8,1,15,-0.28000000000000114,0.049999999999954525,0.23000000000000398,0.33784118556941406,0.05465040550835189,0.515806811370908,1,0.11592973769534487
AWS_001,2020-01-15 08:30:00,9.33,990.19,55.6,8,1,15,-0.02999999999999936,0.18000000000006366,-0.9600000000000009,0.3747754883486061,0.08755950446227947,0.3603146772703728,1,0.07958112998396794
AWS_001,2020-01-15 08:40:00,9.16,990.24,55.94,8,1,15,-0.16999999999999993,0.049999999999954525,0.3399999999999963,0.3632859296297097,0.11419282006529047,0.3357975580462169,1,0.12310039973509507
AWS_001,2020-01-15 08:50:00,9.0,990.3,56.16,8,1,15,-0.16000000000000014,0.05999999999994543,0.21999999999999886,0.32918080138465217,0.1457051823169584,0.33584222484643783,1,0.13003017144513024
AWS_001,2020-01-15 09:00:00,8.74,990.37,57.04,9,1,15,-0.2599999999999998,0.07000000000005002,0.8800000000000026,0.31277787645584404,0.16216247044213095,0.5000966573139084,1,0.11025220120692253
AWS_001,2020-01-15 09:10:00,8.62,990.51,57.08,9,1,15,-0.120000000000001,0.13999999999998636,0.03999999999999915,0.30618621784824784,0.16935170548916198,0.6011211746866152,1,0.11358761594287653
AWS_001,2020-01-15 09:20:00,8.47,990.55,57.23,9,1,15,-0.14999999999999858,0.03999999999996362,0.14999999999999858,0.3317629675941393,0.1453272175160446,0.6927746146162398,1,0.13309045285013138
AWS_001,2020-01-15 09:30:00,8.62,990.61,56.8,9,1,15,0.14999999999999858,0.06000000000005912,-0.4299999999999997,0.26110661934707974,0.1481890689291391,0.5328570790153744,1,0.12824181097378412
AWS_001,2020-01-15 09:40:00,8.85,990.6,55.72,9,1,15,0.23000000000000043,-0.009999999999990905,-1.0799999999999983,0.18875027593849159,0.12727922120024027,0.5996804704647087,1,0.11294061760226548
AWS_001,2020-01-15 09:50:00,8.89,990.6,55.62,9,1,15,0.040000000000000924,0.0,-0.10000000000000142,0.1586715685523255,0.0916515147103919,0.7202337583428883,1,0.144779808721825
AWS_001,2020-01-15 10:00:00,8.99,990.59,55.14,10,1,15,0.09999999999999964,-0.009999999999990905,-0.4799999999999969,0.1993990972903139,0.03881580625106668,0.8786751390530333,1,0.1293259952039325
AWS_001,2020-01-15 10:10:00,8.99,990.64,54.9,10,1,15,0.0,0.049999999999954525,-0.240000000000002,0.21169947252382,0.029268871086056046,0.9238271844107647,1,0.11588186887016616
AWS_001,2020-01-15 10:20:00,9.07,990.69,54.58,10,1,15,0.08000000000000007,0.05000000000006821,-0.3200000000000003,0.15879756505334544,0.03763863459748152,0.7847547387492451,1,0.11320626477061357
AWS_001,2020-01-15 10:30:00,9.38,990.67,53.9,10,1,15,0.3100000000000005,-0.020000000000095497,-0.6799999999999997,0.18935856639423776,0.0416733345706417,0.6805194094629313,1,0.09697946841282179
AWS_001,2020-01-15 10:40:00,9.74,990.8,52.72,10,1,15,0.35999999999999943,0.12999999999999545,-1.1799999999999997,0.3230892549542495,0.07661592619782183,1.0349428325542822,1,0.06470756077327022
AWS_001,2020-01-15 10:50:00,9.68,990.76,52.61,10,1,15,-0.0600000000000005,-0.03999999999996362,-0.10999999999999943,0.34324432503233304,0.07730890513701945,1.0975199314766524,1,0.12220408954461504
AWS_001,2020-01-15 11:00:00,9.44,990.71,53.35,11,1,15,-0.2400000000000002,-0.049999999999954525,0.740000000000002,0.3070287717249111,0.059132620551072906,0.9510134944652499,1,0.10668721234380768
AWS_001,2020-01-15 11:10:00,9.33,990.77,53.75,11,1,15,-0.10999999999999943,0.05999999999994543,0.3999999999999986,0.24503061033316872,0.05085928443234043,0.7497399549098519,1,0.11010768233151796
AWS_001,2020-01-15 11:20:00,9.38,990.71,54.05,11,1,15,0.05000000000000071,-0.05999999999994543,0.29999999999999716,0.17371432487539892,0.04802777126756393,0.6138295094363256,1,0.12443085777672624
AWS_001,2020-01-15 11:30:00,9.54,990.58,53.67,11,1,15,0.15999999999999837,-0.12999999999999545,-0.37999999999999545,0.16521702898586937,0.07782459002854138,0.5824917738945486,1,0.1033781169905425
AWS_001,2020-01-15 11:40:00,9.86,990.47,53.26,11,1,15,0.3200000000000003,-0.11000000000001364,-0.4100000000000037,0.20083990307436175,0.11775681217570683,0.5000166663771031,1,0.08788792291759834
AWS_001,2020-01-15 11:50:00,10.34,990.26,52.17,11,1,15,0.4800000000000004,-0.21000000000003638,-1.0899999999999963,0.3877327258137071,0.19200694470460017,0.6556142158222024,1,0.03705666824651843
AWS_001,2020-01-15 12:00:00,11.11,990.23,50.53,12,1,15,0.7699999999999996,-0.029999999999972715,-1.6400000000000006,0.6899178695083553,0.22571368327098335,1.3354512345974632,-1,-0.0045678469364096586
AWS_001,2020-01-15 12:10:00,11.86,990.12,47.94,12,1,15,0.75,-0.11000000000001364,-2.5900000000000034,0.9690080839017701,0.22810085521624632,2.3335952233954376,-1,-0.060274862566188636
AWS_001,2020-01-15 12:20:00,12.15,990.02,47.31,12,1,15,0.2900000000000009,-0.10000000000002274,-0.6299999999999955,1.0699906541649558,0.21080796984876884,2.7054365020553246,-1,-0.019885343791066212
AWS_001,2020-01-15 12:30:00,12.45,989.86,46.83,12,1,15,0.29999999999999893,-0.15999999999996817,-0.480000000000004,1.038243709347852,0.21080796985214048,2.7020634090732742,-1,-0.028300576684001655
AWS_001,2020-01-15 12:40:00,12.66,989.69,46.46,12,1,15,0.21000000000000085,-0.16999999999995907,-0.36999999999999744,0.8817123491633138,0.22163032318417636,2.291741695738279,-1,-0.014463689658146595
AWS_001,2020-01-15 12:50:00,12.91,989.52,46.32,12,1,15,0.25,-0.17000000000007276,-0.14000000000000057,0.6455695160092793,0.26889898999970785,1.5689582531045214,1,0.015385884898922786
AWS_001,2020-01-15 13:00:00,12.9,989.43,46.18,13,1,15,-0.009999999999999787,-0.09000000000003183,-0.14000000000000057,0.4213035327019504,0.27478476454211515,0.6754850109250159,1,0.06028210311620863
AWS_001,2020-01-15 13:10:00,12.98,989.51,46.11,13,1,15,0.08000000000000007,0.08000000000004093,-0.07000000000000028,0.3241450292700635,0.23007969668286696,0.4574166590584513,1,0.07209679034027261
AWS_001,2020-01-15 13:20:00,12.84,989.56,46.59,13,1,15,-0.14000000000000057,0.049999999999954525,0.480000000000004,0.19879637823788207,0.15527395196855776,0.2691282221992451,1,0.07499517086187935
AWS_001,2020-01-15 13:30:00,13.13,989.49,46.33,13,1,15,0.2900000000000009,-0.06999999999993634,-0.2600000000000051,0.15526321736707024,0.08778762342918885,0.17634246978746998,1,0.05890001610504558
AWS_001,2020-01-15 13:40:00,13.48,989.46,45.61,13,1,15,0.34999999999999964,-0.029999999999972715,-0.7199999999999989,0.23740261161267315,0.04593473806545355,0.3284509095496541,1,0.04311050237872316
AWS_001,2020-01-15 13:50:00,13.58,989.38,44.26,13,1,15,0.09999999999999964,-0.08000000000004093,-1.3500000000000014,0.3103814857029857,0.06306081848577748,0.8414432046492877,1,0.06644249497990373
AWS_001,2020-01-15 14:00:00,13.24,989.29,45.07,14,1,15,-0.33999999999999986,-0.09000000000003183,0.8100000000000023,0.2852659577783458,0.09786044567845702,0.8748580837200717,1,0.05148852899532674
AWS_001,2020-01-15 14:10:00,13.09,989.38,45.51,14,1,15,-0.15000000000000036,0.09000000000003183,0.4399999999999977,0.2708258973347977,0.09584710130543757,0.847217012724779,1,0.07013122375059211
AWS_001,2020-01-15 14:20:00,13.15,989.48,45.62,14,1,15,0.0600000000000005,0.10000000000002274,0.10999999999999943,0.20351085147284487,0.07737355380764374,0.6896375859707303,1,0.08029406975363584
AWS_001,2020-01-15 14:30:00,13.2,989.45,45.58,14,1,15,0.049999999999998934,-0.029999999999972715,-0.03999999999999915,0.19514097468378255,0.07089899032361636,0.5388413495486996,1,0.0866014970116269
AWS_001,2020-01-15 14:40:00,13.17,989.35,45.74,14,1,15,-0.02999999999999936,-0.10000000000002274,0.1600000000000037,0.1747474367972222,0.06853223204547951,0.5573030294643512,1,0.08222813208135338
AWS_001,2020-01-15 14:50:00,13.07,989.34,46.17,14,1,15,-0.09999999999999964,-0.009999999999990905,0.4299999999999997,0.06470445631633269,0.07139094360784316,0.3557948847069888,1,0.07721149249955189
AWS_001,2020-01-15 15:00:00,13.16,989.34,46.46,15,1,15,0.08999999999999986,0.0,0.28999999999999915,0.049799598397220264,0.06066300489132701,0.3815582087315896,1,0.07423349770647047
AWS_001,2020-01-15 15:10:00,12.93,989.47,46.9,15,1,15,-0.23000000000000043,0.12999999999999545,0.4399999999999977,0.09973297682907513,0.06833739944026014,0.5295438288287282,1,0.059148693278853304
AWS_001,2020-01-15 15:20:00,12.59,989.54,47.56,15,1,15,-0.33999999999999986,0.06999999999993634,0.6600000000000037,0.23237900077355134,0.08408329300241828,0.7429782410345361,1,0.06358147778941958
AWS_001,2020-01-15 15:30:00,12.36,989.63,48.13,15,1,15,-0.23000000000000043,0.09000000000003183,0.5700000000000003,0.33334666640076405,0.12243365616429029,0.8931218655094127,1,0.07726483350939978
AWS_001,2020-01-15 15:40:00,12.01,989.7,49.0,15,1,15,-0.34999999999999964,0.07000000000005002,0.8699999999999974,0.44813688385040584,0.1486831087504609,1.0732753607460919,1,0.05850063301291919
AWS_001,2020-01-15 15:50:00,11.82,989.72,49.48,15,1,15,-0.1899999999999995,0.01999999999998181,0.4799999999999969,0.5192077297836908,0.1461049856332991,1.1786164204912617,1,0.07533372406850497
AWS_001,2020-01-15 16:00:00,11.53,989.85,50.36,16,1,15,-0.2900000000000009,0.12999999999999545,0.8800000000000026,0.5176356504986024,0.13585531578054957,1.2821609363305428,1,0.04380070970509775
AWS_001,2020-01-15 16:10:00,11.17,990.05,51.74,16,1,15,-0.35999999999999943,0.1999999999999318,1.3800000000000026,0.5243917110968545,0.1799351739504976,1.5204790911592594,1,0.029598898348966785
AWS_001,2020-01-15 16:20:00,10.68,990.23,53.43,16,1,15,-0.4900000000000002,0.18000000000006366,1.6899999999999977,0.6050041322176185,0.2328661994002479,1.9455658988204598,1,0.0034187168071334595
AWS_001,2020-01-15 16:30:00,10.37,990.26,54.61,16,1,15,-0.3100000000000005,0.029999999999972715,1.1799999999999997,0.64583795697298,0.24814646244055433,2.238773473724778,1,0.030025357447512446
AWS_001,2020-01-15 16:40:00,10.13,990.34,55.37,16,1,15,-0.23999999999999844,0.08000000000004093,0.759999999999998,0.6668433099314558,0.247285260688402,2.3593000374378708,1,0.03808292324806983
AWS_001,2020-01-15 16:50:00,9.59,990.46,57.33,16,1,15,-0.5400000000000009,0.12000000000000455,1.9600000000000009,0.7053060801290286,0.21756991248519258,2.521734852567792,1,1.1251570016801438e-05
AWS_001,2020-01-15 17:00:00,9.11,990.61,58.93,17,1,15,-0.4800000000000004,0.14999999999997726,1.6000000000000014,0.7431756185453585,0.1941906283797165,2.6047629450660694,1,0.011001884142714302
AWS_001,2020-01-15 17:10:00,8.93,990.8,59.2,17,1,15,-0.17999999999999972,0.18999999999994088,0.2700000000000031,0.7050224582713035,0.22126906731144977,2.372967902576152,1,0.043600029430274856
AWS_001,2020-01-15 17:20:00,8.97,990.9,58.9,17,1,15,0.040000000000000924,0.10000000000002274,-0.30000000000000426,0.6193760301035941,0.25459117583705465,1.9869675387359818,1,0.07018816870467881
AWS_001,2020-01-15 17:30:00,8.93,991.05,58.78,17,1,15,-0.040000000000000924,0.14999999999997726,-0.11999999999999744,0.4875517066597848,0.271121129409689,1.4863209612970292,1,0.08067463063917601
AWS_001,2020-01-15 17:40:00,9.15,991.34,57.83,17,1,15,0.22000000000000064,0.2900000000000773,-0.9500000000000028,0.2515286597325536,0.3143882951758447,0.739046683228576,1,0.029484183543250997
AWS_001,2020-01-15 17:50:00,9.17,991.49,57.82,17,1,15,0.019999999999999574,0.14999999999997726,-0.00999999999999801,0.11219031449661258,0.332951448124269,0.5982195806373052,1,0.09138946211181143
AWS_001,2020-01-15 18:00:00,8.98,991.59,58.77,18,1,15,-0.1899999999999995,0.10000000000002274,0.9500000000000028,0.10925505327831285,0.3250076924309845,0.5826834475006062,1,0.08119508612218346
AWS_001,2020-01-15 18:10:00,8.96,991.65,59.21,18,1,15,-0.019999999999999574,0.05999999999994543,0.4399999999999977,0.10481730137170751,0.30289712247588385,0.5849244965445191,1,0.11032097603989838
AWS_001,2020-01-15 18:20:00,9.05,991.62,58.98,18,1,15,0.08999999999999986,-0.029999999999972715,-0.23000000000000398,0.10119288512628685,0.22888133782081696,0.595273046585514,1,0.12489566613488695
AWS_001,2020-01-15 18:30:00,9.15,991.62,58.49,18,1,15,0.09999999999999964,0.0,-0.4899999999999949,0.09287985070429286,0.11754431845662289,0.5860261655061468,1,0.13448834870874526
AWS_001,2020-01-15 18:40:00,9.28,991.97,57.85,18,1,15,0.129999999999999,0.35000000000002274,-0.6400000000000006,0.12351787994802027,0.16317679614488118,0.5813776741423538,1,0.06613448258022525
AWS_001,2020-01-15 18:50:00,9.26,992.32,57.87,18,1,15,-0.019999999999999574,0.35000000000002274,0.01999999999999602,0.1385159437279868,0.2934450547064727,0.5695758655858278,1,0.061714366656098196
AWS_001,2020-01-15 19:00:00,9.22,992.58,58.11,19,1,15,-0.03999999999999915,0.2599999999999909,0.240000000000002,0.12643839079511504,0.41021945362159723,0.5772492240425982,1,0.0518761977151595
AWS_001,2020-01-15 19:10:00,9.19,992.86,58.34,19,1,15,-0.030000000000001137,0.2799999999999727,0.23000000000000398,0.08376554582202353,0.5121100143462693,0.4287967661465026,1,0.030941386396177162
AWS_001,2020-01-15 19:20:00,8.97,992.88,59.23,19,1,15,-0.21999999999999886,0.01999999999998181,0.8899999999999935,0.11232393630415709,0.5038419065452109,0.5147329404565574,1,0.05530829580702268
AWS_001,2020-01-15 19:30:00,8.69,992.88,60.15,19,1,15,-0.28000000000000114,0.0,0.9200000000000017,0.2304271396056763,0.37365313699803127,0.9167424211074084,1,0.07296211725178259
AWS_001,2020-01-15 19:40:00,8.41,992.99,61.12,19,1,15,-0.27999999999999936,0.11000000000001364,0.9699999999999989,0.3423253812775816,0.25190606738689586,1.2854830479855344,1,0.08247283516471299
AWS_001,2020-01-15 19:50:00,8.46,993.02,60.99,19,1,15,0.05000000000000071,0.029999999999972715,-0.12999999999999545,0.35607115393812844,0.1557455193091665,1.3015631627617903,1,0.1408499332695406
AWS_001,2020-01-15 20:00:00,8.29,993.0,61.68,20,1,15,-0.1700000000000017,-0.01999999999998181,0.6899999999999977,0.3512501482801362,0.07222649641236792,1.268690926372066,1,0.13083623755452017
AWS_001,2020-01-15 20:10:00,8.22,993.09,62.2,20,1,15,-0.06999999999999851,0.09000000000003183,0.5200000000000031,0.2789026114377641,0.08262364542625492,1.068283670189016,1,0.13250894574955163
AWS_001,2020-01-15 20:20:00,7.82,993.17,63.72,20,1,15,-0.40000000000000036,0.07999999999992724,1.519999999999996,0.2916676190462729,0.09813256399503817,1.2291894348145052,1,0.1034500861547823
AWS_001,2020-01-15 20:30:00,7.68,993.15,64.76,20,1,15,-0.14000000000000057,-0.01999999999998181,1.0400000000000063,0.32184882579679375,0.07823042960170513,1.5163168094629966,1,0.13291863174752078
AWS_001,2020-01-15 20:40:00,8.15,993.17,64.05,20,1,15,0.47000000000000064,0.01999999999998181,-0.710000000000008,0.2957476401710947,0.0758946646035379,1.4886906999083596,1,0.10463160491122736
AWS_001,2020-01-15 20:50:00,8.51,993.24,63.2,20,1,15,0.35999999999999943,0.07000000000005002,-0.8499999999999943,0.30824773586641613,0.08238122833193008,1.1583508391935975,1,0.10987980409260506
AWS_001,2020-01-15 21:00:00,8.71,993.18,62.81,21,1,15,0.20000000000000107,-0.06000000000005912,-0.39000000000000057,0.39290796208116957,0.048442406846633916,0.9146948489308413,1,0.1212779671098636
AWS_001,2020-01-15 21:10:00,8.66,993.04,63.15,21,1,15,-0.05000000000000071,-0.13999999999998636,0.3399999999999963,0.43976129888851884,0.06554896476073617,0.7138277103013286,1,0.11153940515197713
AWS_001,2020-01-15 21:20:00,8.45,993.08,64.28,21,1,15,-0.21000000000000085,0.04000000000007731,1.1300000000000026,0.38719504129072474,0.07229568992267506,0.7650729812643735,1,0.11219263432956916
AWS_001,2020-01-15 21:30:00,8.61,993.23,64.15,21,1,15,0.16000000000000014,0.14999999999997726,-0.12999999999999545,0.20275601100864918,0.0806639125087894,0.6250973257507175,1,0.12542529974810612
AWS_001,2020-01-15 21:40:00,8.69,993.42,64.0,21,1,15,0.08000000000000007,0.18999999999994088,-0.15000000000000568,0.1042592921525338,0.13511723347039434,0.6183014367286352,1,0.1243905960060478
AWS_001,2020-01-15 21:50:00,8.48,993.51,64.45,21,1,15,-0.20999999999999908,0.09000000000003183,0.45000000000000284,0.11027239001738809,0.18683325929856728,0.6659929929517373,1,0.13059029407202916
AWS_001,2020-01-15 22:00:00,7.96,993.66,66.2,22,1,15,-0.5200000000000005,0.14999999999997726,1.75,0.27001851788374837,0.24727852065860184,1.0037014828429505,1,0.06582476126604253
AWS_001,2020-01-15 22:10:00,7.89,993.7,66.66,22,1,15,-0.07000000000000028,0.04000000000007731,0.45999999999999375,0.33874277360084254,0.24278934650785272,1.1599770112642194,1,0.12330795167361047
AWS_001,2020-01-15 22:20:00,8.15,993.9,66.32,22,1,15,0.2600000000000007,0.1999999999999318,-0.3400000000000034,0.3425589973519704,0.23477648968605677,1.2194206274545598,1,0.09802968692677566
AWS_001,2020-01-15 22:30:00,8.63,994.03,65.0,22,1,15,0.4800000000000004,0.12999999999999545,-1.3199999999999932,0.34629467220868565,0.23018832892718571,1.1034204396610394,1,0.06630268647013826
AWS_001,2020-01-15 22:40:00,8.82,994.13,64.85,22,1,15,0.1899999999999995,0.10000000000002274,-0.15000000000000568,0.3781754442937692,0.23777440310677506,0.9213685473225057,1,0.10428860078725904
AWS_001,2020-01-15 22:50:00,9.05,994.19,64.52,22,1,15,0.23000000000000043,0.06000000000005912,-0.3299999999999983,0.48297688005410583,0.22097511195761327,0.9044869632348821,1,0.09012346385993197
AWS_001,2020-01-15 23:00:00,9.48,994.21,63.71,23,1,15,0.4299999999999997,0.01999999999998181,-0.8099999999999952,0.5836779934177351,0.1968417302560053,1.116040620524892,1,0.058231335112829075
AWS_001,2020-01-15 23:10:00,9.41,994.21,64.34,23,1,15,-0.07000000000000028,0.0,0.6300000000000026,0.5015044034371399,0.12432484373247973,0.8752599613798548,1,0.11737590720646957
AWS_001,2020-01-15 23:20:00,9.54,994.28,64.3,23,1,15,0.129999999999999,0.06999999999993634,-0.04000000000000625,0.37887992820970895,0.08573214159020387,0.4581557231565624,1,0.11514938476569464
AWS_001,2020-01-15 23:30:00,9.83,994.36,63.24,23,1,15,0.2900000000000009,0.08000000000004093,-1.0599999999999952,0.36269822166673343,0.07974960878248878,0.5842259836692126,1,0.08638812804336021
AWS_001,2020-01-15 23:40:00,9.87,994.43,62.96,23,1,15,0.03999999999999915,0.06999999999993634,-0.28000000000000114,0.30099833886622335,0.09674709349816742,0.6442282204266329,1,0.12429560771980808
AWS_001,2020-01-15 23:50:00,9.92,994.72,62.71,23,1,15,0.05000000000000071,0.2900000000000773,-0.25,0.2229573950337565,0.19260495000370978,0.6872748116005342,1,0.08110584168602064
AWS_001,2020-01-16 00:00:00,10.03,994.98,62.26,0,1,16,0.10999999999999943,0.2599999999999909,-0.45000000000000284,0.23922095783378433,0.29520614282965824,0.8521130597874936,1,0.05381250148854222
AWS_001,2020-01-16 00:10:00,10.11,995.21,62.02,0,1,16,0.08000000000000007,0.2300000000000182,-0.23999999999999488,0.19755168100252482,0.3730236812353075,0.812151463702123,1,0.058512727338691395
AWS_001,2020-01-16 00:20:00,10.03,995.3,62.36,0,1,16,-0.08000000000000007,0.08999999999991815,0.3399999999999963,0.10839741694460957,0.3951539785453722,0.46053953865002206,1,0.05888045094938055
AWS_001,2020-01-16 00:30:00,10.08,995.52,62.41,0,1,16,0.05000000000000071,0.22000000000002728,0.04999999999999716,0.09309493362656107,0.4009821277287315,0.33416562758591833,1,0.05147830638686002
AWS_001,2020-01-16 00:40:00,10.27,995.73,61.98,0,1,16,0.1899999999999995,0.21000000000003638,-0.4299999999999997,0.11604596790470384,0.3635748434025696,0.27040710048577415,1,0.04903941536135281
AWS_001,2020-01-16 00:50:00,10.45,995.91,61.42,0,1,16,0.17999999999999972,0.17999999999994998,-0.5599999999999952,0.16666333330084093,0.34510384922915927,0.3657184709486104,1,0.054563256408326155
AWS_001,2020-01-16 01:00:00,10.51,996.08,61.32,1,1,16,0.0600000000000005,0.17000000000007276,-0.10000000000000142,0.20222924285808463,0.3429723022110065,0.45984417649847337,1,0.06727755952023562
AWS_001,2020-01-16 01:10:00,10.52,996.14,61.42,1,1,16,0.009999999999999787,0.05999999999994543,0.10000000000000142,0.21753160689953413,0.3277193922886852,0.49704795207253033,1,0.07604906416902024
AWS_001,2020-01-16 01:20:00,10.53,996.26,61.57,1,1,16,0.009999999999999787,0.12000000000000455,0.14999999999999858,0.18162231874680887,0.2769115383658335,0.4241540600529649,1,0.08869359006670596
AWS_001,2020-01-16 01:30:00,10.48,996.41,61.89,1,1,16,-0.049999999999998934,0.14999999999997726,0.3200000000000003,0.09757048734277601,0.24326254694259636,0.2729835159724748,1,0.08983201311084432
AWS_001,2020-01-16 01:40:00,10.39,996.63,62.38,1,1,16,-0.08999999999999986,0.22000000000002728,0.490000000000002,0.05291502622420785,0.2552972125644886,0.40247567213361296,1,0.07498907616261252
AWS_001,2020-01-16 01:50:00,10.2,996.85,63.35,1,1,16,-0.19000000000000128,0.22000000000002728,0.9699999999999989,0.12734467663381813,0.2983119174197569,0.7696600981339782,1,0.05814517010029585
AWS_001,2020-01-16 02:00:00,10.14,997.06,63.81,2,1,16,-0.05999999999999872,0.2099999999999227,0.46000000000000085,0.1686020956778603,0.354367982102447,0.9798299172100562,1,0.06977305803024736
AWS_001,2020-01-16 02:10:00,10.11,997.21,64.17,2,1,16,-0.030000000000001137,0.15000000000009095,0.35999999999999943,0.18148461826546258,0.3706031121526573,1.0671535347175458,1,0.07732314425619546
AWS_001,2020-01-16 02:20:00,10.04,997.4,64.54,2,1,16,-0.07000000000000028,0.18999999999994088,0.37000000000000455,0.17177504669466387,0.3695763341110133,1.036564839583352,1,0.07061068702843387
AWS_001,2020-01-16 02:30:00,10.03,997.56,64.67,2,1,16,-0.009999999999999787,0.15999999999996817,0.12999999999999545,0.13287839051910422,0.3454513956153233,0.8553361912102622,1,0.08231891932357249
AWS_001,2020-01-16 02:40:00,10.09,997.73,64.39,2,1,16,0.0600000000000005,0.17000000000007276,-0.28000000000000114,0.06369196705192363,0.32578622857685174,0.497182059203956,1,0.08348423415856299
AWS_001,2020-01-16 02:50:00,9.83,997.86,64.6,2,1,16,-0.2599999999999998,0.12999999999999545,0.20999999999999375,0.11099549540531595,0.30607188708149186,0.324201583372261,1,0.07898755682922826
AWS_001,2020-01-16 03:00:00,9.45,998.04,65.89,3,1,16,-0.3800000000000008,0.17999999999994998,1.2900000000000063,0.25312052465231283,0.30500273232596764,0.604814020997059,1,0.06672885753654911
AWS_001,2020-01-16 03:10:00,9.36,998.09,66.52,3,1,16,-0.08999999999999986,0.05000000000006821,0.6299999999999955,0.31987497557678984,0.2703331279327318,0.8823925808060392,1,0.110988932827713
AWS_001,2020-01-16 03:20:00,9.15,998.17,68.27,3,1,16,-0.20999999999999908,0.07999999999992724,1.75,0.3858713084266646,0.23421500106315643,1.5031389379102416,1,0.08142659000574959
AWS_001,2020-01-16 03:30:00,9.17,998.39,68.61,3,1,16,0.019999999999999574,0.22000000000002728,0.3400000000000034,0.37685098735029754,0.23243637133923936,1.7851162427124108,1,0.0961009971594467
AWS_001,2020-01-16 03:40:00,9.2,998.51,67.83,3,1,16,0.02999999999999936,0.12000000000000455,-0.7800000000000011,0.2587663038345888,0.23796358275965318,1.555849178636122,1,0.1114382300194876
AWS_001,2020-01-16 03:50:00,9.08,998.55,69.35,3,1,16,-0.11999999999999922,0.03999999999996362,1.519999999999996,0.1403923074822975,0.22040114953974665,1.307574089677714,1,0.11744693367171088
AWS_001,2020-01-16 04:00:00,9.04,998.79,69.33,4,1,16,-0.040000000000000924,0.2400000000000091,-0.01999999999999602,0.11165422816384916,0.25850854283163616,1.0627966252597492,1,0.11636641337703457
AWS_001,2020-01-16 04:10:00,8.97,999.0,69.01,4,1,16,-0.06999999999999851,0.21000000000003638,-0.3199999999999932,0.08750238092108885,0.2931495637300493,0.6097103137259183,1,0.1120938218852679
AWS_001,2020-01-16 04:20:00,9.19,999.06,69.02,4,1,16,0.21999999999999886,0.05999999999994543,0.009999999999990905,0.09325592027780248,0.27594685487120085,0.5713988682731468,1,0.1089528206607393
AWS_001,2020-01-16 04:30:00,9.32,999.23,69.47,4,1,16,0.13000000000000078,0.17000000000007276,0.45000000000000284,0.12706953477077784,0.28980453190316974,0.6036030704560087,1,0.10902766629114863
AWS_001,2020-01-16 04:40:00,9.51,999.43,70.8,4,1,16,0.1899999999999995,0.1999999999999318,1.3299999999999983,0.20107212636315253,0.312217872715651,0.6652418106705432,1,0.07777659697478928
AWS_001,2020-01-16 04:50:00,9.31,999.59,72.7,4,1,16,-0.1999999999999993,0.16000000000008185,1.9000000000000057,0.1989639833408787,0.2939160878680581,1.4547955182766734,1,0.08301699670177687
AWS_001,2020-01-16 05:00:00,9.0,999.65,76.2,5,1,16,-0.3100000000000005,0.05999999999994543,3.5,0.20684938159653482,0.27266585174149177,2.8267083330259895,1,0.0494861329882158
AWS_001,2020-01-16 05:10:00,8.46,999.55,80.1,5,1,16,-0.5399999999999991,-0.10000000000002274,3.8999999999999915,0.36940041508756,0.22999275359192806,4.332834714902739,1,0.011847961550439434
AWS_001,2020-01-16 05:20:00,8.16,999.7,82.1,5,1,16,-0.3000000000000007,0.15000000000009095,2.0,0.5378103755043971,0.171551741573262,5.119728182888963,1,0.03287205219362377
AWS_001,2020-01-16 05:30:00,8.01,999.93,83.5,5,1,16,-0.15000000000000036,0.2299999999999045,1.4000000000000057,0.6217850646862059,0.16880955749618684,5.167462304329744,1,0.01783421126917739
AWS_001,2020-01-16 05:40:00,7.99,1000.02,83.8,5,1,16,-0.019999999999999574,0.09000000000003183,0.29999999999999716,0.5518484091367919,0.19120669453285546,4.436515148928282,1,0.06897600426186168
AWS_001,2020-01-16 05:50:00,7.83,1000.09,84.4,5,1,16,-0.16000000000000014,0.07000000000005002,0.6000000000000085,0.4279914329362058,0.21960570734802912,3.095426734179193,1,0.10617372002819292
AWS_001,2020-01-16 06:00:00,7.74,1000.28,84.3,6,1,16,-0.08999999999999986,0.18999999999994088,-0.10000000000000853,0.2560794147657497,0.26588844784706084,1.6585133905615692,1,0.13275083460337778
AWS_001,2020-01-16 06:10:00,7.55,1000.31,84.5,6,1,16,-0.1900000000000004,0.029999999999972715,0.20000000000000284,0.21835750502350276,0.22792542646720432,0.9025888691272631,1,0.1616325532368464
AWS_001,2020-01-16 06:20:00,7.46,1000.37,84.4,6,1,16,-0.08999999999999986,0.06000000000005912,-0.09999999999999432,0.22571368294090133,0.17783887847020655,0.4037325847711226,1,0.16590109393651498
AWS_001,2020-01-16 06:30:00,7.2,1000.49,85.7,6,1,16,-0.2599999999999998,0.12000000000000455,1.2999999999999972,0.28350778942867577,0.1757270611707506,0.6306081720631583,1,0.1272770746860417
AWS_001,2020-01-16 06:40:00,7.05,1000.47,86.7,6,1,16,-0.15000000000000036,-0.01999999999998181,1.0,0.3027485205029436,0.14638989045275186,0.9838699101031785,1,0.1520404688178762
AWS_001,2020-01-16 06:50:00,6.97,1000.54,86.3,6,1,16,-0.08000000000000007,0.06999999999993634,-0.4000000000000057,0.302748520502924,0.10526157905821186,1.055304063610711,1,0.1588053640005811
AWS_001,2020-01-16 07:00:00,6.71,1000.76,87.2,7,1,16,-0.2599999999999998,0.22000000000002728,0.9000000000000057,0.3144307024873604,0.156588633127762,1.1558546621469672,1,0.11431376805915838
AWS_001,2020-01-16 07:10:00,6.6,1000.9,88.0,7,1,16,-0.11000000000000032,0.13999999999998636,0.7999999999999972,0.3159377575831695,0.20014161658745194,1.2480651692415239,1,0.14848416497774236
AWS_001,2020-01-16 07:20:00,6.67,1000.99,87.5,7,1,16,0.07000000000000028,0.09000000000003183,-0.5,0.2407211388031186,0.22355461679181157,0.8366600265385601,1,0.15855836850534216
AWS_001,2020-01-16 07:30:00,6.59,1001.09,86.9,7,1,16,-0.08000000000000007,0.10000000000002274,-0.5999999999999943,0.19654516020496376,0.2481464621703671,0.603324125166248,1,0.15999011787908773
AWS_001,2020-01-16 07:40:00,6.39,1001.22,87.6,7,1,16,-0.20000000000000018,0.12999999999999545,0.6999999999999886,0.18971030546595355,0.24254209260680093,0.595818764397112,1,0.15542775527365604
AWS_001,2020-01-16 07:50:00,6.41,1001.37,88.0,7,1,16,0.020000000000000462,0.14999999999997726,0.4000000000000057,0.13302881893275628,0.22043139526314925,0.4366539438440025,1,0.1602947941225395
AWS_001,2020-01-16 08:00:00,6.26,1001.46,87.6,8,1,16,-0.15000000000000036,0.09000000000003183,-0.4000000000000057,0.15731073283993582,0.2183040693226782,0.4049691346360754,1,0.16662643927850623
AWS_001,2020-01-16 08:10:00,5.95,1001.47,88.8,8,1,16,-0.3099999999999996,0.009999999999990905,1.2000000000000028,0.2563136099910192,0.19966638846243015,0.6314005596090562,1,0.13683346115910355
AWS_001,2020-01-16 08:20:00,5.78,1001.65,88.7,8,1,16,-0.16999999999999993,0.17999999999994998,-0.09999999999999432,0.3063984334162771,0.19856149344780727,0.7257180352414688,1,0.13551564471035404
AWS_001,2020-01-16 08:30:00,5.52,1001.77,90.8,8,1,16,-0.2600000000000007,0.12000000000000455,2.0999999999999943,0.36140927861165956,0.19626512683638073,1.2040210407941732,1,0.10498829460986558
AWS_001,2020-01-16 08:40:00,5.7,1001.78,90.6,8,1,16,0.1800000000000006,0.009999999999990905,-0.20000000000000284,0.3414478974405761,0.1740881003330329,1.330288189331671,1,0.15437782988309806
AWS_001,2020-01-16 08:50:00,5.66,1001.9,89.7,8,1,16,-0.040000000000000036,0.12000000000000455,-0.8999999999999915,0.26141282804518057,0.17859637923658953,1.2307179476531103,1,0.15347255631114676
AWS_001,2020-01-16 09:00:00,5.72,1002.01,90.1,9,1,16,0.05999999999999961,0.11000000000001364,0.3999999999999915,0.14176271253955067,0.18906788906428723,0.888631907302284,1,0.16245012255704633
AWS_001,2020-01-16 09:10:00,5.99,1002.16,88.7,9,1,16,0.27000000000000046,0.14999999999997726,-1.3999999999999915,0.1549731159478051,0.1847611070375139,0.911409165345447,1,0.12047972765934906
AWS_001,2020-01-16 09:20:00,6.14,1002.16,87.3,9,1,16,0.14999999999999947,0.0,-1.4000000000000057,0.2303403279206163,0.17580291997747358,1.3246383154188048,1,0.15073847582124367
AWS_001,2020-01-16 09:30:00,6.11,1002.28,87.3,9,1,16,-0.02999999999999936,0.12000000000000455,0.0,0.21851010655478992,0.18659224708301653,1.4223220451109548,1,0.16942752070152528
AWS_001,2020-01-16 09:40:00,5.93,1002.31,88.2,9,1,16,-0.1800000000000006,0.029999999999972715,0.9000000000000057,0.19846914117797346,0.15731073285170794,1.1827933040089509,1,0.15975951112786602
AWS_001,2020-01-16 09:50:00,6.19,1002.4,87.3,9,1,16,0.2600000000000007,0.09000000000003183,-0.9000000000000057,0.17328204369350217,0.13813037320806112,1.120267825124064,1,0.14379689401501922
AWS_001,2020-01-16 10:00:00,6.23,1002.48,86.5,10,1,16,0.040000000000000036,0.08000000000004093,-0.7999999999999972,0.11634718160146454,0.12812754063143725,0.7791020472363607,1,0.17339851601892642
AWS_001,2020-01-16 10:10:00,6.26,1002.56,86.5,10,1,16,0.02999999999999936,0.07999999999992724,0.0,0.11826523862322383,0.1447411482638403,0.6337717780671217,1,0.18462243558578084
AWS_001,2020-01-16 10:20:00,6.44,1002.53,85.6,10,1,16,0.1800000000000006,-0.029999999999972715,-0.9000000000000057,0.16907591983074488,0.11587349423663033,0.8966604708626029,1,0.17285886368083292
AWS_001,2020-01-16 10:30:00,6.73,1002.57,84.2,10,1,16,0.29000000000000004,0.04000000000007731,-1.3999999999999915,0.2683033109497934,0.10212737145017856,1.3819068950815523,1,0.12936830383479786
AWS_001,2020-01-16 10:40:00,6.89,1002.52,83.4,10,1,16,0.15999999999999925,-0.05000000000006821,-0.7999999999999972,0.29118150124387254,0.06260990336096393,1.5038838607663527,1,0.15645014600442192
AWS_001,2020-01-16 10:50:00,7.06,1002.59,81.9,10,1,16,0.16999999999999993,0.07000000000005002,-1.5,0.3437101492051813,0.039707262120804526,1.8476110701857769,1,0.11935061379354961
AWS_001,2020-01-16 11:00:00,7.39,1002.53,80.3,11,1,16,0.33000000000000007,-0.06000000000005912,-1.6000000000000085,0.4122499241964738,0.027568097474407277,2.3054283766809633,1,0.0970598925007054
AWS_001,2020-01-16 11:10:00,8.33,1002.4,77.5,11,1,16,0.9400000000000004,-0.12999999999999545,-2.799999999999997,0.6641686532801963,0.06623191576095795,2.92489316044279,1,0.002440566893694318
AWS_001,2020-01-16 11:20:00,8.83,1002.35,75.0,11,1,16,0.5,-0.049999999999954525,-2.5,0.8508446783442513,0.09647106646943553,3.5571992728368143,1,0.01288509273297389
AWS_001,2020-01-16 11:30:00,9.04,1002.27,73.8,11,1,16,0.20999999999999908,-0.08000000000004093,-1.2000000000000028,0.9307989399793958,0.12290918056188642,3.8474666990115947,1,0.02234582584920164
AWS_001,2020-01-16 11:40:00,9.46,1002.23,72.2,11,1,16,0.4200000000000017,-0.03999999999996362,-1.5999999999999943,0.9512815916787236,0.14223220451203988,3.798640107547545,1,0.0014290235961794684
AWS_001,2020-01-16 11:50:00,9.64,1002.18,71.6,11,1,16,0.17999999999999972,-0.05000000000006821,-0.6000000000000085,0.8254312004442554,0.12754084313626168,3.321244746577383,1,0.051929003485793435
AWS_001,2020-01-16 12:00:00,9.63,1002.16,71.8,12,1,16,-0.009999999999999787,-0.01999999999998181,0.20000000000000284,0.5202595506093203,0.0948156105398217,2.2976074512414932,1,0.12841935519342662
AWS_001,2020-01-16 12:10:00,9.67,1002.03,71.9,12,1,16,0.03999999999999915,-0.12999999999999545,0.10000000000000853,0.35740266740316734,0.10875047893918466,1.3717385562367943,1,0.13979433115206635
AWS_001,2020-01-16 12:20:00,10.2,1001.95,70.8,12,1,16,0.5299999999999994,-0.07999999999992724,-1.1000000000000085,0.3742548151552897,0.12258330502297562,0.9928074670681384,1,0.1002008845728053
AWS_001,2020-01-16 12:30:00,10.78,1001.83,68.73,12,1,16,0.5800000000000001,-0.12000000000000455,-2.069999999999993,0.5002665955937353,0.15435888918778623,1.285774734028405,1,0.06060246952975057
AWS_001,2020-01-16 12:40:00,11.42,1001.78,67.18,12,1,16,0.6400000000000006,-0.05000000000006821,-1.5499999999999972,0.7403962902844495,0.16606223734563288,1.946378688744485,1,0.052847595260054
AWS_001,2020-01-16 12:50:00,11.84,1001.63,64.96,12,1,16,0.41999999999999993,-0.14999999999997726,-2.220000000000013,0.9173439921863225,0.18927933504055292,2.7886944376651948,1,0.0033789688030957388
AWS_001,2020-01-16 13:00:00,12.18,1001.56,63.42,13,1,16,0.33999999999999986,-0.07000000000005002,-1.539999999999992,0.9726612976778587,0.18062853228285258,3.2955510414290408,1,0.013347364781908566
AWS_001,2020-01-16 13:10:00,12.5,1001.42,61.48,13,1,16,0.3200000000000003,-0.13999999999998636,-1.9400000000000048,0.8708310207308201,0.19419062801604442,3.464088624731818,-1,-0.006482031443567515
AWS_001,2020-01-16 13:20:00,12.22,1001.28,61.0,13,1,16,-0.27999999999999936,-0.13999999999998636,-0.4799999999999969,0.6314955792934019,0.21020624795021778,3.092406290684022,1,0.035583162180751415
AWS_001,2020-01-16 13:30:00,12.32,1001.18,60.63,13,1,16,0.09999999999999964,-0.10000000000002274,-0.36999999999999744,0.3890501253058062,0.2246552915289932,2.582358740892006,1,0.08684845186200008
AWS_001,2020-01-16 13:40:00,12.81,1001.13,59.85,13,1,16,0.4900000000000002,-0.049999999999954525,-0.7800000000000011,0.32621567507884913,0.20392809193433495,1.922248683181756,1,0.06991067335781509
AWS_001,2020-01-16 13:50:00,12.85,1000.99,58.35,13,1,16,0.03999999999999915,-0.13999999999998636,-1.5,0.29305289624997166,0.20600970854456624,1.6911465538681343,1,0.07106348000139068
AWS_001,2020-01-16 14:00:00,12.6,1000.91,58.34,14,1,16,-0.25,-0.08000000000004093,-0.00999999999999801,0.25471552759991384,0.18669940193432324,1.346661303617062,1,0.09787333442727103
AWS_001,2020-01-16 14:10:00,12.48,1000.9,59.59,14,1,16,-0.11999999999999922,-0.009999999999990905,1.25,0.25562994086602775,0.155273951508461,1.1161839752744336,1,0.10184068950655845
AWS_001,2020-01-16 14:20:00,12.41,1000.92,59.47,14,1,16,-0.07000000000000028,0.01999999999998181,-0.12000000000000455,0.2157235885738312,0.12144957808818568,0.8919286219531818,1,0.12087032107290957
AWS_001,2020-01-16 14:30:00,12.33,1000.92,59.19,14,1,16,-0.08000000000000007,0.0,-0.28000000000000114,0.21335416565069687,0.08841191483619713,0.6452415568290455,1,0.12108158433216432
AWS_001,2020-01-16 14:40:00,12.22,1000.95,59.11,14,1,16,-0.10999999999999943,0.030000000000086402,-0.0799999999999983,0.2219384299015441,0.033115958167824124,0.543117544053866,1,0.11150393745133624
AWS_001,2020-01-16 14:50:00,12.22,1000.91,59.18,14,1,16,0.0,-0.04000000000007731,0.07000000000000028,0.15028861123569165,0.0172240147915246,0.43729471373340384,1,0.11621993513813489
AWS_001,2020-01-16 15:00:00,12.26,1001.04,58.9,15,1,16,0.03999999999999915,0.12999999999999545,-0.28000000000000114,0.10714476189007525,0.05176871660183602,0.2505992817080016,1,0.09564714844778266
AWS_001,2020-01-16 15:10:00,12.19,1001.08,59.14,15,1,16,-0.07000000000000028,0.04000000000007731,0.240000000000002,0.08328665359553793,0.0721110256356642,0.18316659081973352,1,0.10917832655399995
AWS_001,2020-01-16 15:20:00,11.9,1001.08,59.87,15,1,16,-0.28999999999999915,0.0,0.7299999999999969,0.1485485330359594,0.07916228069326783,0.33017672034719253,1,0.1095071733001517
AWS_001,2020-01-16 15:30:00,11.86,1001.14,59.8,15,1,16,-0.040000000000000924,0.05999999999994543,-0.07000000000000028,0.17870832847723908,0.08710147348981505,0.4010818702700063,1,0.12335195348590128
AWS_001,2020-01-16 15:40:00,12.04,1001.15,59.28,15,1,16,0.17999999999999972,0.009999999999990905,-0.519999999999996,0.17116269064000517,0.08710147348744171,0.38793899863161774,1,0.11891946039326695
AWS_001,2020-01-16 15:50:00,12.02,1001.15,59.4,15,1,16,-0.019999999999999574,0.0,0.11999999999999744,0.15693947878228856,0.04633213445530852,0.37759325557976137,1,0.1306737604249642
AWS_001,2020-01-16 16:00:00,11.95,1001.13,59.11,16,1,16,-0.07000000000000028,-0.01999999999998181,-0.28999999999999915,0.11826523862538145,0.033115958131982065,0.3287349489472372,1,0.11931014955902042
AWS_001,2020-01-16 16:10:00,11.48,1001.07,60.32,16,1,16,-0.46999999999999886,-0.05999999999994543,1.2100000000000009,0.20530465167755207,0.035777087868531905,0.44908796464922757,1,0.08387691002754655
AWS_001,2020-01-16 16:20:00,10.97,1000.93,61.68,16,1,16,-0.5099999999999998,-0.14000000000010004,1.3599999999999994,0.42071367935976,0.08619744785471357,0.9599253443157019,1,0.05174111634611478
AWS_001,2020-01-16 16:30:00,10.89,1000.83,61.91,16,1,16,-0.08000000000000007,-0.09999999999990905,0.22999999999999687,0.5286744429864935,0.1336662511031423,1.2459320473684785,1,0.10715518340266383
AWS_001,2020-01-16 16:40:00,10.83,1000.8,62.37,16,1,16,-0.0600000000000005,-0.030000000000086402,0.46000000000000085,0.5388753721103438,0.15280706795835047,1.3797016585697397,1,0.11633531335160441
AWS_001,2020-01-16 16:50:00,10.62,1000.78,63.31,16,1,16,-0.21000000000000085,-0.01999999999998181,0.9400000000000048,0.4955670153138131,0.1474675106098087,1.5048587973606626,1,0.10136487548814216
AWS_001,2020-01-16 17:00:00,10.29,1000.79,64.69,17,1,16,-0.33000000000000007,0.009999999999990905,1.3799999999999955,0.39490083143368654,0.11360751157448379,1.4936934089679448,1,0.08780040902727104
AWS_001,2020-01-16 17:10:00,10.08,1000.71,65.97,17,1,16,-0.20999999999999908,-0.07999999999992724,1.2800000000000011,0.3576963330354345,0.07229568926900315,1.7017451826467587,1,0.09999504702003664
AWS_001,2020-01-16 17:20:00,9.9,1000.78,67.79,17,1,16,-0.17999999999999972,0.06999999999993634,1.8200000000000074,0.40756594558465564,0.039707262398618604,2.259584032514687,1,0.07707650110280984
AWS_001,2020-01-16 17:30:00,9.73,1000.69,69.06,17,1,16,-0.16999999999999993,-0.08999999999991815,1.269999999999996,0.42338713568903436,0.04622409206760847,2.5838608063637296,1,0.08584818380202552
AWS_001,2020-01-16 17:40:00,9.57,1000.57,70.2,17,1,16,-0.16000000000000014,-0.12000000000000455,1.1400000000000006,0.38384458660628124,0.08438009256499532,2.6442667540668596,1,0.08612317379114032
AWS_001,2020-01-16 17:50:00,9.44,1000.58,71.1,17,1,16,-0.13000000000000078,0.009999999999990905,0.8999999999999915,0.3189200526781964,0.09479803103628563,2.4732711133228538,1,0.11397195512990649
AWS_001,2020-01-16 18:00:00,9.28,1000.58,71.8,18,1,16,-0.16000000000000014,0.0,0.7000000000000028,0.2964905844490108,0.08750238104641221,2.1782653649171957,1,0.12479532886853834
AWS_001,2020-01-16 18:10:00,9.05,1000.5,72.7,18,1,16,-0.22999999999999865,-0.08000000000004093,0.9000000000000057,0.3072946468785851,0.10053191875831512,1.8098222748836592,1,0.12660523770814353
AWS_001,2020-01-16 18:20:00,8.92,1000.43,73.4,18,1,16,-0.13000000000000078,-0.07000000000005002,0.7000000000000028,0.3094134235402319,0.08750238105314473,1.6032674969154501,1,0.14414349839387725
AWS_001,2020-01-16 18:30:00,8.77,1000.48,74.1,18,1,16,-0.15000000000000036,0.05000000000006821,0.6999999999999886,0.3104459158482737,0.06282250146569926,1.4607075910893088,1,0.14154993205176125
AWS_001,2020-01-16 18:40:00,8.53,1000.54,74.8,18,1,16,-0.2400000000000002,0.05999999999994543,0.7000000000000028,0.3330715638820865,0.05946988053182008,1.3963046467967852,1,0.1402562496007979
AWS_001,2020-01-16 18:50:00,8.14,1000.56,76.3,18,1,16,-0.3899999999999988,0.01999999999998181,1.5,0.4036541423878123,0.0557673741881547,1.5934239862635557,1,0.10875376603733256
AWS_001,2020-01-16 19:00:00,7.94,1000.66,77.4,19,1,16,-0.20000000000000018,0.10000000000002274,1.1000000000000085,0.4416974832018191,0.07909909411832416,1.7814787864768897,1,0.1210525932021786
AWS_001,2020-01-16 19:10:00,7.85,1000.64,77.7,19,1,16,-0.09000000000000075,-0.01999999999998181,0.29999999999999716,0.44620249513735855,0.089087971635053,1.7814787864770023,1,0.15411063900535832
AWS_001,2020-01-16 19:20:00,7.87,1000.63,78.0,19,1,16,0.020000000000000462,-0.009999999999990905,0.29999999999999716,0.38333623187326,0.06978538545398467,1.619156158827161,1,0.16388260728182275
AWS_001,2020-01-16 19:30:00,7.95,1000.65,77.6,19,1,16,0.08000000000000007,0.01999999999998181,-0.4000000000000057,0.25804392390982267,0.05046450920467086,1.211060141639623,1,0.15494580288534576
AWS_001,2020-01-16 19:40:00,7.57,1000.65,78.6,19,1,16,-0.3799999999999999,0.0,1.0,0.18597490870212807,0.03656045252772097,0.761577310587568,1,0.13637954229471344
AWS_001,2020-01-16 19:50:00,6.99,1000.66,80.6,19,1,16,-0.5800000000000001,0.009999999999990905,2.0,0.3721155734447053,0.011690452891819348,1.1940128419195408,1,0.07899432919783606
AWS_001,2020-01-16 20:00:00,6.33,1000.66,82.4,20,1,16,-0.6600000000000001,0.0,1.8000000000000114,0.6424224985682908,0.011690452891819348,1.9388140705086974,1,0.05694469676206093
AWS_001,2020-01-16 20:10:00,5.91,1000.63,84.7,20,1,16,-0.41999999999999993,-0.029999999999972715,2.299999999999997,0.8434848348765366,0.013662601832632529,2.804579588221684,1,0.024638706813741473
AWS_001,2020-01-16 20:20:00,6.22,1000.68,84.3,20,1,16,0.3099999999999996,0.049999999999954525,-0.4000000000000057,0.8119215889891553,0.016431677396533464,2.939841265556728,1,0.07618423452596468
AWS_001,2020-01-16 20:30:00,6.3,1000.68,83.8,20,1,16,0.08000000000000007,0.0,-0.5,0.6104643041707283,0.0189736665407411,2.3891421054437045,1,0.11980360363490478
AWS_001,2020-01-16 20:40:00,6.26,1000.65,84.2,20,1,16,-0.040000000000000036,-0.029999999999972715,0.4000000000000057,0.35489435047625967,0.0189736665407411,1.5564917817550676,1,0.15773898787152585
AWS_001,2020-01-16 20:50:00,6.37,1000.63,83.8,20,1,16,0.11000000000000032,-0.01999999999998181,-0.4000000000000057,0.1660622373287323,0.0225831800697523,0.794145242805939,1,0.17317135137807976
AWS_001,2020-01-16 21:00:00,6.21,1000.54,84.0,21,1,16,-0.16000000000000014,-0.09000000000003183,0.20000000000000284,0.15892346166196647,0.05167204294702991,0.34448028488061605,1,0.16818802570520613
AWS_001,2020-01-16 21:10:00,6.16,1000.53,84.5,21,1,16,-0.04999999999999982,-0.009999999999990905,0.5,0.07420691791622988,0.06735478222963744,0.28284271248301135,1,0.1684225500879326
AWS_001,2020-01-16 21:20:00,6.17,1000.47,84.2,21,1,16,0.009999999999999787,-0.05999999999994543,-0.29999999999999716,0.08117881497015536,0.08189424088209153,0.27141603981969614,1,0.17795494207134227
AWS_001,2020-01-16 21:30:00,5.78,1000.41,84.8,21,1,16,-0.3899999999999997,-0.06000000000005912,0.5999999999999943,0.20054093513948248,0.09174239309194147,0.35637059363086376,1,0.15992389065545798
AWS_001,2020-01-16 21:40:00,5.39,1000.42,86.7,21,1,16,-0.39000000000000057,0.009999999999990905,1.9000000000000057,0.3619208016494852,0.0834266146026404,1.0576703960457936,1,0.10985283598601014
AWS_001,2020-01-16 21:50:00,5.06,1000.41,87.6,21,1,16,-0.33000000000000007,-0.009999999999990905,0.8999999999999915,0.47969782155010976,0.05988878602198132,1.4859340496823064,1,0.13709006891999076
AWS_001,2020-01-16 22:00:00,4.74,1000.31,88.5,22,1,16,-0.3199999999999994,-0.10000000000002274,0.9000000000000057,0.5884216175497803,0.07314369436260579,1.8008331405229006,1,0.10638896909484935
AWS_001,2020-01-16 22:10:00,4.86,1000.2,89.1,22,1,16,0.1200000000000001,-0.10999999999989996,0.5999999999999943,0.5574106804381738,0.09818350179999592,1.9793096439598727,1,0.12411707400714045
AWS_001,2020-01-16 22:20:00,5.0,1000.04,88.4,22,1,16,0.13999999999999968,-0.16000000000008185,-0.6999999999999886,0.38379247864768157,0.15250136620140228,1.5689699381036133,1,0.12057481201479048
AWS_001,2020-01-16 22:30:00,5.24,999.94,87.5,22,1,16,0.2400000000000002,-0.09999999999990905,-0.9000000000000057,0.23936722137026878,0.19768662076026475,0.8617811013668383,1,0.13663112877140543
AWS_001,2020-01-16 22:40:00,5.31,999.87,86.7,22,1,16,0.0699999999999994,-0.07000000000005002,-0.7999999999999972,0.21778429695424656,0.21329947654750087,0.8617811013668383,1,0.1589942259178418
AWS_001,2020-01-16 22:50:00,5.02,999.76,87.0,22,1,16,-0.29000000000000004,-0.11000000000001364,0.29999999999999716,0.2174779682324661,0.20659138421079515,0.9437513796932946,1,0.15680156159736908
AWS_001,2020-01-16 23:00:00,4.72,999.69,89.0,23,1,16,-0.2999999999999998,-0.06999999999993634,2.0,0.2228676737435346,0.18661904162783255,1.0290772565781285,1,0.1247525422390598
AWS_001,2020-01-16 23:10:00,4.53,999.68,88.8,23,1,16,-0.1899999999999995,-0.010000000000104592,-0.20000000000000284,0.29933259094166426,0.14477568867908533,0.9674709297991062,1,0.15899103138570975
AWS_001,2020-01-16 23:20:00,4.55,999.57,89.5,23,1,16,0.019999999999999574,-0.10999999999989996,0.7000000000000028,0.3434384952212595,0.13526517179279413,1.1651895410932465,1,0.15555205707777447
AWS_001,2020-01-16 23:30:00,4.61,999.55,88.6,23,1,16,0.0600000000000005,-0.020000000000095497,-0.9000000000000057,0.3117049887310657,0.11944315259120009,1.1413442367108908,1,0.15110398536435327
AWS_001,2020-01-16 23:40:00,4.5,999.46,88.9,23,1,16,-0.11000000000000032,-0.08999999999991815,0.30000000000001137,0.19501282009094206,0.11052903103599988,0.8547904226612024,1,0.16656408206089363
AWS_001,2020-01-16 23:50:00,4.57,999.35,88.9,23,1,16,0.07000000000000028,-0.11000000000001364,0.0,0.07797435475728977,0.13038404824185199,0.3016620625911937,1,0.16182687976130522
AWS_001,2020-01-17 00:00:00,4.73,999.3,88.3,0,1,17,0.16000000000000014,-0.05000000000006821,-0.6000000000000085,0.08158839786686925,0.1432131280181326,0.3983298465761715,1,0.1525892639310022
AWS_001,2020-01-17 00:10:00,4.82,999.2,87.5,0,1,17,0.08999999999999986,-0.09999999999990905,-0.7999999999999972,0.12116104984614588,0.14652644825330163,0.6765106552548241,1,0.15393035196592247
AWS_001,2020-01-17 00:20:00,4.95,999.1,86.8,0,1,17,0.1299999999999999,-0.10000000000002274,-0.7000000000000028,0.1689575883661129,0.16512621447051165,0.847742099151112,1,0.15150647038823878
AWS_001,2020-01-17 00:30:00,4.97,999.05,86.7,0,1,17,0.019999999999999574,-0.05000000000006821,-0.09999999999999432,0.19407902170636088,0.15577761940150076,0.9954898291827703,1,0.16889182303878475
AWS_001,2020-01-17 00:40:00,4.76,998.84,87.4,0,1,17,-0.20999999999999996,-0.2099999999999227,0.7000000000000028,0.14913081505790549,0.18601075248758409,0.8579044235847254,1,0.12848109046497797
AWS_001,2020-01-17 00:50:00,4.74,998.68,87.5,0,1,17,-0.019999999999999574,-0.16000000000008185,0.09999999999999432,0.10684880283140469,0.23051391868829277,0.578503817336422,1,0.14633682594873088
AWS_001,2020-01-17 01:00:00,4.59,998.61,87.6,1,1,17,-0.15000000000000036,-0.06999999999993634,0.09999999999999432,0.1420915198026811,0.23980547681493117,0.3937003937083377,1,0.16406636448323386
AWS_001,2020-01-17 01:10:00,4.37,998.57,87.9,1,1,17,-0.21999999999999975,-0.03999999999996362,0.30000000000001137,0.22636254107035705,0.22675243485287808,0.4708148964006889,1,0.1550798359994079
AWS_001,2020-01-17 01:20:00,4.38,998.45,88.3,1,1,17,0.009999999999999787,-0.12000000000000455,0.3999999999999915,0.23501063805670716,0.21447610600331252,0.5354126134794321,1,0.15272505571782213
AWS_001,2020-01-17 01:30:00,4.45,998.27,88.5,1,1,17,0.07000000000000028,-0.18000000000006366,0.20000000000000284,0.17497618885573987,0.19544820297952095,0.45018514710392493,1,0.1486086050679809
AWS_001,2020-01-17 01:40:00,4.63,998.14,87.2,1,1,17,0.17999999999999972,-0.12999999999999545,-1.2999999999999972,0.1497553560527223,0.2103964512913833,0.49665548086472516,1,0.1291606718027184
AWS_001,2020-01-17 01:50:00,3.16,998.11,85.5,1,1,17,-1.4699999999999998,-0.029999999999972715,-1.7000000000000028,0.5510595854047493,0.21618664786974764,1.08627804912287,1,0.08384462302428874
AWS_001,2020-01-17 02:00:00,2.19,998.06,91.7,2,1,17,-0.9700000000000002,-0.05000000000006821,6.200000000000003,0.974713633159206,0.20441787279556498,2.0360910261265546,-1,-0.02411754032612523
AWS_001,2020-01-17 02:10:00,2.94,997.89,93.9,2,1,17,0.75,-0.16999999999995907,2.200000000000003,1.00053485696388,0.19064801787484761,3.0766323580618837,-1,-0.031985855706197164
AWS_001,2020-01-17 02:20:00,3.4,997.7,91.8,2,1,17,0.45999999999999996,-0.18999999999994088,-2.1000000000000085,0.9301487336261788,0.2027231282342681,3.2047880845187913,-1,-0.006836494863723841
AWS_001,2020-01-17 02:30:00,3.59,997.51,89.5,2,1,17,0.18999999999999995,-0.19000000000005457,-2.299999999999997,0.8052680713069228,0.25277789998850514,3.151296029679484,1,0.012219941222207376
AWS_001,2020-01-17 02:40:00,3.49,997.4,89.4,2,1,17,-0.09999999999999964,-0.11000000000001364,-0.09999999999999432,0.5166591397298171,0.29088944072288836,2.886520396603346,1,0.08820641168950316
AWS_001,2020-01-17 02:50:00,3.23,997.32,89.8,2,1,17,-0.26000000000000023,-0.07999999999992724,0.3999999999999915,0.5183049295537223,0.28952835219654094,1.776982460992237,1,0.10754721975098486
AWS_001,2020-01-17 03:00:00,3.13,997.19,90.8,3,1,17,-0.10000000000000009,-0.12999999999999545,1.0,0.2422945865395459,0.25717050127762237,1.7454703282135675,1,0.12385436550631501
AWS_001,2020-01-17 03:10:00,3.26,997.01,90.7,3,1,17,0.1299999999999999,-0.18000000000006366,-0.09999999999999432,0.17355114519849044,0.241888404150515,0.9330952077220187,1,0.1502148586756324
AWS_001,2020-01-17 03:20:00,3.53,996.83,89.6,3,1,17,0.27,-0.17999999999994998,-1.1000000000000085,0.18851171493139648,0.2541653006690921,0.6218252702115609,1,0.12754676154643646
AWS_001,2020-01-17 03:30:00,3.71,996.79,88.9,3,1,17,0.18000000000000016,-0.04000000000007731,-0.6999999999999886,0.22003787552686893,0.2541653006719476,0.7474400756406134,1,0.14912531686079494
AWS_001,2020-01-17 03:40:00,3.73,996.74,88.5,3,1,17,0.020000000000000018,-0.049999999999954525,-0.4000000000000057,0.25972421270721263,0.23528705886000695,0.9282600210466876,1,0.17002841443377387
AWS_001,2020-01-17 03:50:00,3.87,996.7,88.0,3,1,17,0.14000000000000012,-0.03999999999996362,-0.5,0.28999425281613944,0.18736773130638248,1.158303356929219,1,0.16377975621913643
AWS_001,2020-01-17 04:00:00,4.05,996.65,87.5,4,1,17,0.17999999999999972,-0.05000000000006821,-0.5,0.27367255373238436,0.12659647205193048,1.1535452599154121,1,0.16640031749337586
AWS_001,2020-01-17 04:10:00,4.21,996.57,86.4,4,1,17,0.16000000000000014,-0.07999999999992724,-1.0999999999999943,0.2475479751477525,0.09479803129224784,1.122051692216724,1,0.1683589839965004
AWS_001,2020-01-17 04:20:00,3.98,996.51,86.3,4,1,17,-0.22999999999999998,-0.06000000000005912,-0.10000000000000853,0.19346834366314034,0.10545141094772569,1.0770329614297993,1,0.16861018362474012
AWS_001,2020-01-17 04:30:00,3.65,996.45,88.1,4,1,17,-0.33000000000000007,-0.05999999999994543,1.7999999999999972,0.20782203925416112,0.11272385168289858,0.9223159256311596,1,0.1358111953490364
AWS_001,2020-01-17 04:40:00,3.65,996.32,88.6,4,1,17,0.0,-0.12999999999999545,0.5,0.22400148808975254,0.13837148094563703,0.9453394452115419,1,0.16823864030078978
AWS_001,2020-01-17 04:50:00,3.55,996.2,89.1,4,1,17,-0.10000000000000009,-0.12000000000000455,0.5,0.2670143566672376,0.16577092650238562,1.1500724614879398,1,0.16825616733196408
AWS_001,2020-01-17 05:00:00,3.93,996.14,87.7,5,1,17,0.38000000000000034,-0.06000000000005912,-1.3999999999999915,0.2530151510609928,0.17329166187251255,1.1471704319787337,1,0.12198877470694819
AWS_001,2020-01-17 05:10:00,4.0,996.07,86.9,5,1,17,0.06999999999999984,-0.06999999999993634,-0.7999999999999972,0.19825908974474252,0.1752046424677419,1.047695884631114,1,0.17373676884191885
AWS_001,2020-01-17 05:20:00,3.88,995.95,87.0,5,1,17,-0.1200000000000001,-0.12000000000000455,0.09999999999999432,0.1830482632160501,0.1783722701078625,0.8740709353401184,1,0.17755958254523302
AWS_001,2020-01-17 05:30:00,3.68,995.85,87.6,5,1,17,-0.19999999999999973,-0.10000000000002274,0.5999999999999943,0.17926702615487547,0.17034279187770462,0.8750238092034902,1,0.17243374478976614
AWS_001,2020-01-17 05:40:00,3.5,995.82,88.3,5,1,17,-0.18000000000000016,-0.029999999999972715,0.7000000000000028,0.209252638373834,0.1560448655966076,0.8286535263142057,1,0.18464829003667604
AWS_001,2020-01-17 05:50:00,3.02,995.76,88.7,5,1,17,-0.48,-0.06000000000005912,0.4000000000000057,0.3666287859216765,0.14932068425587858,0.7071067811909882,1,0.14904950748287016
AWS_001,2020-01-17 06:00:00,2.91,995.76,90.0,6,1,17,-0.10999999999999988,0.0,1.2999999999999972,0.44839342843800367,0.12122980964859939,1.1754431788364268,1,0.14483115845961347
AWS_001,2020-01-17 06:10:00,2.97,995.72,90.0,6,1,17,0.06000000000000005,-0.03999999999996362,0.0,0.41374710472264525,0.08294576590454696,1.2312595177323924,1,0.16732718884527403
AWS_001,2020-01-17 06:20:00,3.08,995.63,89.5,6,1,17,0.10999999999999988,-0.09000000000003183,-0.5,0.3174691586065638,0.07763160921180719,0.9786044485252565,1,0.17118820667675744
AWS_001,2020-01-17 06:30:00,3.24,995.53,88.9,6,1,17,0.16000000000000014,-0.10000000000002274,-0.5999999999999943,0.21771541057005175,0.1055777758312069,0.7089898917992404,1,0.17001018692875963
AWS_001,2020-01-17 06:40:00,3.2,995.48,88.3,6,1,17,-0.040000000000000036,-0.049999999999954525,-0.6000000000000085,0.12961481396692934,0.12060956326158724,0.7089898917992404,1,0.18473772101214764
AWS_001,2020-01-17 06:50:00,3.09,995.44,89.0,6,1,17,-0.11000000000000032,-0.03999999999996362,0.7000000000000028,0.12734467663137486,0.1307924567809788,0.6735478206285865,1,0.18351904251648182
AWS_001,2020-01-17 07:00:00,3.15,995.33,88.5,7,1,17,0.06000000000000005,-0.11000000000001364,-0.5,0.09662642840524058,0.13876839248074854,0.6314005596081087,1,0.17388444458266217
AWS_001,2020-01-17 07:10:00,3.05,995.23,88.1,7,1,17,-0.10000000000000009,-0.10000000000002274,-0.4000000000000057,0.07449832212666033,0.1428285688720474,0.5154286242277657,1,0.16896748168029824
AWS_001,2020-01-17 07:20:00,2.84,995.07,88.7,7,1,17,-0.20999999999999996,-0.15999999999996817,0.6000000000000085,0.14293355099375382,0.17351272793040973,0.34880749228375585,1,0.16101519841189793
AWS_001,2020-01-17 07:30:00,2.66,994.96,89.1,7,1,17,-0.17999999999999972,-0.11000000000001364,0.3999999999999915,0.20701851768946145,0.20605015592088977,0.39200340135423734,1,0.17138608313546144
AWS_001,2020-01-17 07:40:00,2.77,994.9,89.1,7,1,17,0.10999999999999988,-0.06000000000005912,0.0,0.19745041571578245,0.21342445991390924,0.39874804075589804,1,0.17690800788272526
AWS_001,2020-01-17 07:50:00,3.06,994.81,88.0,7,1,17,0.29000000000000004,-0.09000000000003183,-1.0999999999999943,0.1928125168819049,0.1996997748892645,0.47504385763135487,1,0.1491762368136444
AWS_001,2020-01-17 08:00:00,3.46,994.68,86.1,8,1,17,0.3999999999999999,-0.12999999999999545,-1.9000000000000057,0.2854937243904664,0.19364056072735458,1.125018518368988,1,0.10764324413802223
AWS_001,2020-01-17 08:10:00,3.46,994.59,84.9,8,1,17,0.0,-0.08999999999991815,-1.1999999999999886,0.3494233344617182,0.17874562957852216,1.7547079529101992,1,0.16218038892659437
AWS_001,2020-01-17 08:20:00,3.11,994.55,85.9,8,1,17,-0.3500000000000001,-0.04000000000007731,1.0,0.3353605025436804,0.1677398782673137,1.7915542600414907,1,0.15950988087699686
AWS_001,2020-01-17 08:30:00,2.86,994.48,86.5,8,1,17,-0.25,-0.06999999999993634,0.5999999999999943,0.291547594741727,0.16092441319481451,1.5306861206681177,1,0.16923749294666868
AWS_001,2020-01-17 08:40:00,3.15,994.34,86.0,8,1,17,0.29000000000000004,-0.13999999999998636,-0.5,0.23636130534915975,0.16208022734610067,1.0152175464758892,1,0.1550622640583454
AWS_001,2020-01-17 08:50:00,3.44,994.26,84.3,8,1,17,0.29000000000000004,-0.08000000000004093,-1.7000000000000028,0.24735938766572918,0.15807171399192416,0.8352644291913451,1,0.13868212027880833
AWS_001,2020-01-17 09:00:00,3.55,994.11,83.8,9,1,17,0.10999999999999988,-0.14999999999997726,-0.5,0.2649842762625093,0.18519359266855345,1.0652073350631006,1,0.1659479878241642
AWS_001,2020-01-17 09:10:00,3.46,994.06,83.0,9,1,17,-0.08999999999999986,-0.05000000000006821,-0.7999999999999972,0.2649842762625093,0.19585709101249765,1.4105554461530856,1,0.17301041537120404
AWS_001,2020-01-17 09:20:00,2.97,993.96,84.1,9,1,17,-0.48999999999999977,-0.09999999999990905,1.0999999999999943,0.28631567659903584,0.19333046001008322,1.3496913227371756,1,0.14044497537766076
AWS_001,2020-01-17 09:30:00,2.59,993.82,84.2,9,1,17,-0.38000000000000034,-0.13999999999998636,0.10000000000000853,0.3674053166005625,0.1910410080820295,0.9852241707712468,1,0.1489473617303958
AWS_001,2020-01-17 09:40:00,1.95,993.7,86.8,9,1,17,-0.6399999999999999,-0.12000000000000455,2.5999999999999943,0.6291157816064872,0.20295319683016694,1.2816655830098342,1,0.06685021926019119
AWS_001,2020-01-17 09:50:00,2.01,993.55,86.4,9,1,17,0.05999999999999983,-0.15000000000009095,-0.3999999999999915,0.6936209339398954,0.21704070302974937,1.5237016330870237,1,0.11139067132753372
AWS_001,2020-01-17 10:00:00,2.02,993.43,87.2,10,1,17,0.010000000000000231,-0.12000000000000455,0.7999999999999972,0.6202580108306779,0.2408042083788959,1.7325318659904223,1,0.11858840853658809
AWS_001,2020-01-17 10:10:00,2.35,993.34,86.2,10,1,17,0.33000000000000007,-0.08999999999991815,-1.0,0.40475918766547153,0.23678400869654065,1.3362883920293707,1,0.1398344915696888
AWS_001,2020-01-17 10:20:00,2.61,993.31,85.9,10,1,17,0.2599999999999998,-0.030000000000086402,-0.29999999999999716,0.3018443307395499,0.2038381713737864,1.04387100097308,1,0.16457660089718362
AWS_001,2020-01-17 10:30:00,3.22,993.22,83.1,10,1,17,0.6100000000000003,-0.08999999999991815,-2.8000000000000114,0.4916096012077231,0.17535677948161443,1.4610498508512573,1,0.07074207278954514
AWS_001,2020-01-17 10:40:00,3.5,993.14,81.2,10,1,17,0.2799999999999998,-0.08000000000004093,-1.8999999999999915,0.6228135087378138,0.1463443431701702,2.3280893453657403,1,0.09181307532853444
AWS_001,2020-01-17 10:50:00,3.84,993.06,80.3,10,1,17,0.33999999999999986,-0.08000000000004093,-0.9000000000000057,0.7076345572866937,0.1365283857378941,2.864553484693871,1,0.090488554543462
AWS_001,2020-01-17 11:00:00,3.96,992.99,80.2,11,1,17,0.1200000000000001,-0.06999999999993634,-0.09999999999999432,0.6534727742349825,0.13866025666970755,2.713976172826762,1,0.1229910419167099
AWS_001,2020-01-17 11:10:00,4.22,992.74,79.6,11,1,17,0.2599999999999998,-0.25,-0.6000000000000085,0.582354416714077,0.20006665584465855,2.3861405379128495,1,0.08519747201006905
AWS_001,2020-01-17 11:20:00,4.7,992.54,78.0,11,1,17,0.4800000000000004,-0.20000000000004547,-1.5999999999999943,0.5237811247710483,0.2587985061439887,1.6958773540571526,1,0.07580605286910047
AWS_001,2020-01-17 11:30:00,4.69,992.32,77.5,11,1,17,-0.009999999999999787,-0.2199999999999136,-0.5,0.4803505664266954,0.32276410392744637,1.4334108506182792,1,0.09999388782528656
AWS_001,2020-01-17 11:40:00,4.87,992.08,77.9,11,1,17,0.17999999999999972,-0.2400000000000091,0.4000000000000057,0.43178698451875724,0.38285332280932394,1.2576432986622295,1,0.0843068604289881
AWS_001,2020-01-17 11:50:00,5.32,991.83,76.3,11,1,17,0.4500000000000002,-0.25,-1.6000000000000085,0.4814838176579674,0.42786290653498366,1.426534261769799,1,0.03427363965572994
AWS_001,2020-01-17 12:00:00,5.67,991.71,74.9,12,1,17,0.34999999999999964,-0.12000000000000455,-1.3999999999999915,0.5130074723300984,0.40322037001010563,1.607067723112327,1,0.05963736790464913
AWS_001,2020-01-17 12:10:00,6.09,991.61,73.6,12,1,17,0.41999999999999993,-0.10000000000002274,-1.3000000000000114,0.5732596851920994,0.364458502612627,1.7951787283357301,1,0.056697343423357305
AWS_001,2020-01-17 12:20:00,6.29,991.52,72.7,12,1,17,0.20000000000000018,-0.09000000000003183,-0.8999999999999915,0.6458611821951906,0.3033644674787186,2.1075261959626426,1,0.0916465204438836
AWS_001,2020-01-17 12:30:00,6.65,991.45,72.2,12,1,17,0.3600000000000003,-0.06999999999993634,-0.5,0.6568942076163654,0.22995651791228858,2.2018174311240637,1,0.09468181197371067
AWS_001,2020-01-17 12:40:00,7.1,991.4,71.3,12,1,17,0.4499999999999993,-0.05000000000006821,-0.9000000000000057,0.6460546932471222,0.163054183627252,1.8428239199666863,1,0.09629524713926618
AWS_001,2020-01-17 12:50:00,7.66,991.38,69.72,12,1,17,0.5600000000000005,-0.01999999999998181,-1.5799999999999983,0.7202684684662164,0.12859497190493632,1.8006850548243243,1,0.0679095647432999
AWS_001,2020-01-17 13:00:00,8.14,991.24,68.43,13,1,17,0.4800000000000004,-0.13999999999998636,-1.289999999999992,0.7998854084596784,0.12675435613875666,1.9385329504552227,1,0.06675634385436535
AWS_001,2020-01-17 13:10:00,8.29,991.07,68.07,13,1,17,0.14999999999999858,-0.16999999999995907,-0.36000000000001364,0.8099074021146321,0.16280868159041878,1.9551027253489786,1,0.081549578764812
AWS_001,2020-01-17 13:20:00,8.19,990.91,69.08,13,1,17,-0.09999999999999964,-0.16000000000008185,1.0100000000000051,0.6694898555368616,0.21311186452756434,1.6373515199858981,1,0.09202225675578096
AWS_001,2020-01-17 13:30:00,8.17,990.7,69.43,13,1,17,-0.019999999999999574,-0.2099999999999227,0.3500000000000085,0.46055401420476677,0.27688746234502437,1.1404107447172853,1,0.10636846792475152
AWS_001,2020-01-17 13:40:00,8.28,990.52,69.24,13,1,17,0.10999999999999943,-0.18000000000006366,-0.19000000000001194,0.234044155378444,0.3255764121353541,0.6256117006577178,1,0.12194672157006509
AWS_001,2020-01-17 13:50:00,8.48,990.38,68.46,13,1,17,0.20000000000000107,-0.13999999999998636,-0.7800000000000011,0.1241638702152212,0.32964627528242485,0.5390640036208765,1,0.10778939733298215
AWS_001,2020-01-17 14:00:00,8.3,990.27,68.7,14,1,17,-0.17999999999999972,-0.11000000000001364,0.2400000000000091,0.11004544515861708,0.3099300998765665,0.5141984052870887,1,0.12670949399498793
AWS_001,2020-01-17 14:10:00,8.02,990.2,69.67,14,1,17,-0.28000000000000114,-0.06999999999993634,0.9699999999999989,0.15401298646592765,0.27045640464077597,0.4524010020618231,1,0.11277494089750723
AWS_001,2020-01-17 14:20:00,8.07,990.2,69.52,14,1,17,0.05000000000000071,0.0,-0.15000000000000568,0.16887865466112686,0.19944088550906347,0.4837354648978105,1,0.16166831098286483
AWS_001,2020-01-17 14:30:00,8.17,990.14,69.32,14,1,17,0.09999999999999964,-0.06000000000005912,-0.20000000000000284,0.16887865466112686,0.14138599699788199,0.47389520641863414,1,0.1650791441621226
AWS_001,2020-01-17 14:40:00,8.38,990.02,68.75,14,1,17,0.21000000000000085,-0.12000000000000455,-0.5699999999999932,0.18051777382523967,0.12106472159447536,0.4972725610767812,1,0.14331910934007563
AWS_001,2020-01-17 14:50:00,8.29,989.96,68.74,14,1,17,-0.09000000000000163,-0.05999999999994543,-0.010000000000005116,0.14180973168351588,0.11872938480249935,0.4382084739784764,1,0.1646540121165907
AWS_001,2020-01-17 15:00:00,8.14,989.92,68.7,15,1,17,-0.14999999999999858,-0.04000000000007731,-0.03999999999999204,0.13526517166963198,0.12307179537277671,0.4382084739784764,1,0.15885823413812583
AWS_001,2020-01-17 15:10:00,7.93,989.81,69.21,15,1,17,-0.21000000000000085,-0.11000000000001364,0.5099999999999909,0.15920636503234917,0.1440023153183573,0.35423156268159856,1,0.14763969583890685
AWS_001,2020-01-17 15:20:00,7.64,989.75,69.89,15,1,17,-0.29000000000000004,-0.05999999999994543,0.6800000000000068,0.2687315885168825,0.14137420846080076,0.4683339264526318,1,0.14397376574436882
AWS_001,2020-01-17 15:30:00,7.3,989.71,70.8,15,1,17,-0.33999999999999986,-0.03999999999996362,0.9099999999999966,0.4136504160118703,0.12351788056291402,0.8447820231672977,1,0.12741416128909216
AWS_001,2020-01-17 15:40:00,7.09,989.65,71.7,15,1,17,-0.20999999999999996,-0.06000000000005912,0.9000000000000057,0.4741905383564424,0.12099586832950553,1.207493271202851,1,0.12523069623155603
AWS_001,2020-01-17 15:50:00,7.0,989.64,71.8,15,1,17,-0.08999999999999986,-0.009999999999990905,0.09999999999999432,0.46271661593976965,0.10595596642047941,1.2931511899234205,1,0.1447047704854601
AWS_001,2020-01-17 16:00:00,6.88,989.78,72.4,16,1,17,-0.1200000000000001,0.13999999999998636,0.6000000000000085,0.4056435216624713,0.06918574145280633,1.2295961396602002,1,0.11724778547370235
AWS_001,2020-01-17 16:10:00,6.9,989.85,72.2,16,1,17,0.020000000000000462,0.07000000000005002,-0.20000000000000284,0.2907748269710572,0.08024961154817215,0.9491838599558998,1,0.15745664685346117
AWS_001,2020-01-17 16:20:00,6.59,990.0,73.4,16,1,17,-0.3100000000000005,0.14999999999997726,1.2000000000000028,0.23706539182265973,0.1373195791568327,0.861974477580979,1,0.10997618803935072
AWS_001,2020-01-17 16:30:00,6.17,990.11,74.6,16,1,17,-0.41999999999999993,0.11000000000001364,1.1999999999999886,0.33961252430774597,0.18882972970123302,1.1178849076125408,1,0.11095528648494668
AWS_001,2020-01-17 16:40:00,5.97,990.11,75.5,16,1,17,-0.20000000000000018,0.0,0.9000000000000057,0.42636838531954285,0.19044684337495918,1.4702607478498975,1,0.12321953911657624
AWS_001,2020-01-17 16:50:00,5.78,990.23,76.2,16,1,17,-0.1899999999999995,0.12000000000000455,0.7000000000000028,0.47679835010897476,0.17142539723450065,1.6489390528463317,1,0.11995124248382827
AWS_001,2020-01-17 17:00:00,5.68,990.22,76.6,17,1,17,-0.10000000000000053,-0.009999999999990905,0.3999999999999915,0.4776365424322354,0.1434805450789235,1.699117417956164,1,0.14246670680197232
AWS_001,2020-01-17 17:10:00,5.44,990.18,77.5,17,1,17,-0.23999999999999932,-0.04000000000007731,0.9000000000000057,0.4048415327836263,0.08658329409011327,1.4706007842609874,1,0.1332585577229825
AWS_001,2020-01-17 17:20:00,5.34,990.19,78.1,17,1,17,-0.10000000000000053,0.010000000000104592,0.5999999999999943,0.3138152322624072,0.05240865210169541,1.2828354012379548,1,0.15661673657980335
AWS_001,2020-01-17 17:30:00,5.13,990.21,79.0,17,1,17,-0.20999999999999996,0.01999999999998181,0.9000000000000057,0.30936494091373407,0.04335896848695048,1.2942179105556235,1,0.14212736900480805
AWS_001,2020-01-17 17:40:00,5.06,990.36,79.2,17,1,17,-0.07000000000000028,0.14999999999997726,0.20000000000000284,0.2885654171931848,0.06554896501415756,1.2307179476508303,1,0.15062637058319306
AWS_001,2020-01-17 17:50:00,4.97,990.45,79.6,17,1,17,-0.08999999999999986,0.09000000000003183,0.3999999999999915,0.2666833328122769,0.110529031543757,1.1448435118696723,1,0.1638707344731345
AWS_001,2020-01-17 18:00:00,4.79,990.47,80.4,18,1,17,-0.17999999999999972,0.01999999999998181,0.8000000000000114,0.23911642910205066,0.13341664119161487,1.0405126941418472,1,0.16568210709320141
AWS_001,2020-01-17 18:10:00,4.97,990.48,79.9,18,1,17,0.17999999999999972,0.009999999999990905,-0.5,0.18478816700889783,0.13114877104368025,0.7966596931378366,1,0.16255987367738312
AWS_001,2020-01-17 18:20:00,5.05,990.58,79.1,18,1,17,0.08000000000000007,0.10000000000002274,-0.8000000000000114,0.11726039399489016,0.12660963685875387,0.5428320796254862,1,0.16006303699955166
AWS_001,2020-01-17 18:30:00,5.04,990.66,79.1,18,1,17,-0.009999999999999787,0.07999999999992724,0.0,0.10119288512457474,0.10526157962243346,0.524404424088766,1,0.1734510374419152
AWS_001,2020-01-17 18:40:00,5.01,990.76,79.4,18,1,17,-0.03000000000000025,0.10000000000002274,0.30000000000001137,0.09516652072289514,0.12388166454512535,0.5036533199240809,1,0.17327491979263598
AWS_001,2020-01-17 18:50:00,5.1,990.67,79.8,18,1,17,0.08999999999999986,-0.09000000000003183,0.3999999999999915,0.10856641592363334,0.11465891509179782,0.5115336417778992,1,0.17009106339927776
AWS_001,2020-01-17 19:00:00,6.05,990.63,76.9,19,1,17,0.9500000000000002,-0.03999999999996362,-2.8999999999999915,0.4170211825153777,0.09423375267409113,1.0984838035539477,1,0.06489989906632332
AWS_001,2020-01-17 19:10:00,6.62,990.79,74.3,19,1,17,0.5700000000000003,0.15999999999996817,-2.6000000000000085,0.6882271911705834,0.07935153942482533,2.119433886679025,1,0.0283161564092671
AWS_001,2020-01-17 19:20:00,6.25,990.95,75.0,19,1,17,-0.3700000000000001,0.16000000000008185,0.7000000000000028,0.7127809387648988,0.11860297976175625,2.3777440288369527,1,0.061597939274863234
AWS_001,2020-01-17 19:30:00,5.51,991.04,77.6,19,1,17,-0.7400000000000002,0.08999999999991815,2.5999999999999943,0.6518179704998766,0.1595827898227553,2.2402380825862447,1,0.03627057186171234
AWS_001,2020-01-17 19:40:00,4.92,991.16,79.8,19,1,17,-0.5899999999999999,0.12000000000000455,2.200000000000003,0.6731245550910888,0.21134490012020976,2.324363712216681,1,0.03419329336781962
AWS_001,2020-01-17 19:50:00,4.79,991.21,80.8,19,1,17,-0.1299999999999999,0.05000000000006821,1.0,0.7407293702830369,0.22214109661600398,2.5682678987993253,1,0.06750148096258035
AWS_001,2020-01-17 20:00:00,4.98,991.22,80.8,20,1,17,0.1900000000000004,0.009999999999990905,0.0,0.7651252620757946,0.16940090556015838,2.889809682315315,1,0.08915786886811039
AWS_001,2020-01-17 20:10:00,5.28,991.11,79.9,20,1,17,0.2999999999999998,-0.11000000000001364,-0.8999999999999915,0.5390887372840686,0.10483320150267056,2.2754486737059922,1,0.10745418303136833
AWS_001,2020-01-17 20:20:00,5.29,991.14,79.3,20,1,17,0.009999999999999787,0.029999999999972715,-0.6000000000000085,0.2737456240134554,0.06683312654364598,1.1865917579369738,1,0.15646759328306076
AWS_001,2020-01-17 20:30:00,5.38,991.2,78.4,20,1,17,0.08999999999999986,0.06000000000005912,-0.8999999999999915,0.2406380407718489,0.04366539594790584,0.9179687721652989,1,0.1531541172677458
AWS_001,2020-01-17 20:40:00,5.27,991.13,78.9,20,1,17,-0.11000000000000032,-0.07000000000005002,0.5,0.22845130772191458,0.04708149109093301,0.9948199167038272,1,0.1626157431915518
AWS_001,2020-01-17 20:50:00,5.1,991.14,79.8,20,1,17,-0.16999999999999993,0.009999999999990905,0.8999999999999915,0.14733182502950457,0.04320493957269515,0.8424171571558536,1,0.1557856142378371
AWS_001,2020-01-17 21:00:00,5.08,991.17,79.9,21,1,17,-0.019999999999999574,0.029999999999972715,0.10000000000000853,0.11792653080001197,0.031885212929758044,0.6186005711850754,1,0.17277895248659514
AWS_001,2020-01-17 21:10:00,5.19,991.32,79.7,21,1,17,0.11000000000000032,0.15000000000009095,-0.20000000000000284,0.11651895410843993,0.07174027323038809,0.5887840577584362,1,0.155907397285298
AWS_001,2020-01-17 21:20:00,5.29,991.45,79.4,21,1,17,0.09999999999999964,0.12999999999999545,-0.29999999999999716,0.11651895410843993,0.1256582672803701,0.5890670590041749,1,0.16285303769928783
AWS_001,2020-01-17 21:30:00,5.4,991.47,79.1,21,1,17,0.11000000000000032,0.01999999999998181,-0.30000000000001137,0.1222156563887175,0.15543487425729385,0.403319558998236,1,0.17364317327529044
AWS_001,2020-01-17 21:40:00,5.34,991.51,79.6,21,1,17,-0.0600000000000005,0.03999999999996362,0.5,0.1307924564587964,0.15945741375459405,0.29268868558686906,1,0.1650748942926869
AWS_001,2020-01-17 21:50:00,5.36,991.54,80.0,21,1,17,0.020000000000000462,0.029999999999972715,0.4000000000000057,0.12044362443288632,0.13985707037487843,0.3311595788597701,1,0.17421856076008396
AWS_001,2020-01-17 22:00:00,5.48,991.54,79.6,22,1,17,0.1200000000000001,0.0,-0.4000000000000057,0.09852241707619834,0.08280499260169331,0.30110906109010255,1,0.16640623724582115
AWS_001,2020-01-17 22:10:00,5.47,991.49,79.7,22,1,17,-0.010000000000000675,-0.049999999999954525,0.10000000000000853,0.07483314773463737,0.03687817962918888,0.30110906109010255,1,0.1634701593865855
AWS_001,2020-01-17 22:20:00,5.4,991.58,80.2,22,1,17,-0.0699999999999994,0.09000000000003183,0.5,0.056715665089483176,0.03970726380866987,0.37947331922540384,1,0.14846590506245605
AWS_001,2020-01-17 22:30:00,5.47,991.69,80.2,22,1,17,0.0699999999999994,0.11000000000001364,0.0,0.06164414002869067,0.07139094339437399,0.28577380333172037,1,0.15566823234758842
AWS_001,2020-01-17 22:40:00,5.54,991.81,79.9,22,1,17,0.07000000000000028,0.11999999999989086,-0.29999999999999716,0.06377042156475493,0.11956866980168408,0.2503331114149579,1,0.1524106658035646
AWS_001,2020-01-17 22:50:00,5.62,991.8,79.7,22,1,17,0.08000000000000007,-0.009999999999990905,-0.20000000000000284,0.07501111028741371,0.13585531567676026,0.26394443860531874,1,0.1651347360622667
AWS_001,2020-01-17 23:00:00,5.62,991.78,80.1,23,1,17,0.0,-0.01999999999998181,0.3999999999999915,0.08921883209214296,0.13166877684993744,0.23380903889863355,1,0.16242677689615237
AWS_001,2020-01-17 23:10:00,5.55,991.89,80.6,23,1,17,-0.07000000000000028,0.11000000000001364,0.5,0.0861781101356595,0.10833589800418443,0.30605010483702544,1,0.15271162138342387
AWS_001,2020-01-17 23:20:00,5.61,992.04,80.5,23,1,17,0.0600000000000005,0.14999999999997726,-0.09999999999999432,0.059805239457400586,0.11912178696108952,0.3444802848796606,1,0.14776624577918157
AWS_001,2020-01-17 23:30:00,5.56,992.07,80.9,23,1,17,-0.05000000000000071,0.030000000000086402,0.4000000000000057,0.037237973448596216,0.12734467713541872,0.4578937285777321,1,0.15643084092503712
AWS_001,2020-01-17 23:40:00,5.72,992.0,81.1,23,1,17,0.16000000000000014,-0.07000000000005002,0.19999999999998863,0.06055300708107714,0.12457929253161439,0.5154286242254031,1,0.15562409237182406
AWS_001,2020-01-17 23:50:00,6.15,992.0,81.2,23,1,17,0.4300000000000006,0.0,0.10000000000000853,0.22780839902551597,0.10856641651056814,0.41311822360068556,1,0.1289050629396144
AWS_001,2020-01-18 00:00:00,6.75,992.07,80.4,0,1,18,0.5999999999999996,0.07000000000005002,-0.7999999999999972,0.4772839825511836,0.06735478300295132,0.33115957886040653,1,0.06065363417406977
AWS_001,2020-01-18 00:10:00,7.23,992.15,78.3,0,1,18,0.4800000000000004,0.07999999999992724,-2.1000000000000085,0.6853612186285006,0.05612486192588619,1.077032961428845,1,0.034566270833939705
AWS_001,2020-01-18 00:20:00,7.31,992.2,77.5,0,1,18,0.07999999999999918,0.05000000000006821,-0.7999999999999972,0.7553718730973736,0.08035338693894627,1.5937377450521737,1,0.06622998837040683
AWS_001,2020-01-18 00:30:00,7.28,992.23,77.1,0,1,18,-0.02999999999999936,0.029999999999972715,-0.4000000000000057,0.6701044694672563,0.0998832658269378,1.8511257835896542,1,0.09199850957705202
AWS_001,2020-01-18 00:40:00,7.23,992.39,77.0,0,1,18,-0.04999999999999982,0.15999999999996817,-0.09999999999999432,0.46149395084516714,0.1357448591715369,1.7949001829266589,1,0.08514951066341886
AWS_001,2020-01-18 00:50:00,7.08,992.59,77.0,0,1,18,-0.15000000000000036,0.20000000000004547,0.0,0.20982532417869654,0.1885117152602568,1.3287839051816803,1,0.1120522162982423
AWS_001,2020-01-18 01:00:00,6.87,992.78,77.2,1,1,18,-0.20999999999999996,0.18999999999994088,0.20000000000000284,0.16548917386553363,0.24955961236209234,0.5009990019979975,1,0.11184979269181716
AWS_001,2020-01-18 01:10:00,6.7,992.91,77.3,1,1,18,-0.16999999999999993,0.12999999999999545,0.09999999999999432,0.2465292409972684,0.29255198988810244,0.19407902171431624,1,0.11056901817342024
AWS_001,2020-01-18 01:20:00,6.57,993.09,77.3,1,1,18,-0.1299999999999999,0.18000000000006366,0.0,0.28891175123212287,0.32383637862214093,0.13784048753143963,1,0.09274257594953994
AWS_001,2020-01-18 01:30:00,6.44,993.21,77.5,1,1,18,-0.1299999999999999,0.12000000000000455,0.20000000000000284,0.3031006433513461,0.3072729515981886,0.19407902171435892,1,0.10293769857449231
AWS_001,2020-01-18 01:40:00,6.41,993.33,77.4,1,1,18,-0.03000000000000025,0.12000000000000455,-0.09999999999999432,0.260416333333097,0.27725439602525886,0.17224014244546632,1,0.12426368289523687
AWS_001,2020-01-18 01:50:00,6.29,993.48,76.8,1,1,18,-0.1200000000000001,0.14999999999997726,-0.6000000000000085,0.21191193139283876,0.26127890611418764,0.24289915603590034,1,0.11549746229624797
AWS_001,2020-01-18 02:00:00,6.08,993.63,77.4,2,1,18,-0.20999999999999996,0.14999999999997726,0.6000000000000085,0.21621748310431577,0.26182054944534133,0.24832774043516678,1,0.12043192199101954
AWS_001,2020-01-18 02:10:00,5.94,993.75,77.8,2,1,18,-0.13999999999999968,0.12000000000000455,0.3999999999999915,0.23743771112993095,0.25201190469932644,0.326598632375697,1,0.13103076262899865
AWS_001,2020-01-18 02:20:00,5.88,993.92,77.8,2,1,18,-0.0600000000000005,0.16999999999995907,0.0,0.24080420815801862,0.2653802305658872,0.3674234614216272,1,0.13105454532523247
AWS_001,2020-01-18 02:30:00,5.94,994.09,77.3,2,1,18,0.0600000000000005,0.17000000000007276,-0.5,0.2152208168368856,0.28042824413170236,0.3710345895866042,1,0.12313408752529814
AWS_001,2020-01-18 02:40:00,5.94,994.16,77.1,2,1,18,0.0,0.06999999999993634,-0.20000000000000284,0.15158056163834474,0.26573796637249225,0.3932768321038942,1,0.14505231242408978
AWS_001,2020-01-18 02:50:00,5.85,994.16,77.3,2,1,18,-0.09000000000000075,0.0,0.20000000000000284,0.07909909396819673,0.22409075565589232,0.2880972058230544,1,0.15958856530235782
AWS_001,2020-01-18 03:00:00,5.53,994.22,78.7,3,1,18,-0.3199999999999994,0.06000000000005912,1.4000000000000057,0.1597080670053382,0.17977764071931437,0.5819507424772656,1,0.13552222572922568
AWS_001,2020-01-18 03:10:00,5.46,994.28,78.7,3,1,18,-0.07000000000000028,0.05999999999994543,0.0,0.21444502014869582,0.124646166279665,0.7222649560029379,1,0.16959086107637772
AWS_001,2020-01-18 03:20:00,5.23,994.31,79.2,3,1,18,-0.22999999999999954,0.029999999999972715,0.5,0.29485024447431785,0.08262364532885283,0.9159694318062092,1,0.15241289791952706
AWS_001,2020-01-18 03:30:00,5.03,994.44,79.6,3,1,18,-0.20000000000000018,0.13000000000010914,0.3999999999999915,0.34989522241172655,0.10666145867524805,1.0152175464747781,1,0.14727966117383195
AWS_001,2020-01-18 03:40:00,4.91,994.64,78.9,3,1,18,-0.1200000000000001,0.1999999999999318,-0.6999999999999886,0.34743344686410066,0.17394443585748406,0.7814516406473504,1,0.12687649201759543
AWS_001,2020-01-18 03:50:00,5.0,994.79,77.3,3,1,18,0.08999999999999986,0.14999999999997726,-1.6000000000000085,0.25695654626127795,0.2250037038906779,0.7814516406473504,1,0.12870194946012964
AWS_001,2020-01-18 04:00:00,5.08,994.9,75.1,4,1,18,0.08000000000000007,0.11000000000001364,-2.200000000000003,0.197930964395462,0.25698248986364525,1.6788885212157776,1,0.10127859119220023
AWS_001,2020-01-18 04:10:00,5.26,995.0,71.7,4,1,18,0.17999999999999972,0.10000000000002274,-3.3999999999999915,0.1360514608515765,0.2679552203169304,3.0657244929493292,1,0.03823345985883175
AWS_001,2020-01-18 04:20:00,5.28,995.2,70.6,4,1,18,0.020000000000000462,0.20000000000004547,-1.1000000000000085,0.14773850773077213,0.268508224752987,3.747354622486188,1,0.06481877900083
AWS_001,2020-01-18 04:30:00,5.07,995.42,71.1,4,1,18,-0.20999999999999996,0.2199999999999136,0.5,0.14518953130253343,0.28273073189535314,3.5010950667852203,1,0.07270428794457001
AWS_001,2020-01-18 04:40:00,4.96,995.49,71.4,4,1,18,-0.11000000000000032,0.07000000000005002,0.30000000000001137,0.13302881893227775,0.2842299540097967,2.6986416336125627,1,0.11330606138728033
AWS_001,2020-01-18 04:50:00,4.83,995.41,70.7,4,1,18,-0.1299999999999999,-0.08000000000004093,-0.7000000000000028,0.17285832349021452,0.2443494766828578,1.6848343143070386,1,0.14174070608405565
AWS_001,2020-01-18 05:00:00,4.67,995.39,71.5,5,1,18,-0.16000000000000014,-0.01999999999998181,0.7999999999999972,0.2406172617800072,0.1836754386253674,0.4457203906779988,1,0.16615461387227315
AWS_001,2020-01-18 05:10:00,4.41,995.52,72.8,5,1,18,-0.2599999999999998,0.12999999999999545,1.2999999999999972,0.3063984334160828,0.11220516960693512,0.7968688725251986,1,0.13010396628396942
AWS_001,2020-01-18 05:20:00,4.17,995.52,73.8,5,1,18,-0.2400000000000002,0.0,1.0,0.34233024990469957,0.058452260457205356,1.1754431788336452,1,0.14674260799688565
AWS_001,2020-01-18 05:30:00,4.08,995.63,74.6,5,1,18,-0.08999999999999986,0.11000000000001364,0.7999999999999972,0.35788266233473803,0.08687155318136626,1.5253414918197368,1,0.14856687126460133
AWS_001,2020-01-18 05:40:00,4.07,995.72,75.3,5,1,18,-0.009999999999999787,0.09000000000003183,0.7000000000000028,0.3216468042223554,0.12671490343167335,1.788202076575022,1,0.1557216775721591
AWS_001,2020-01-18 05:50:00,4.01,995.89,75.6,5,1,18,-0.0600000000000005,0.16999999999995907,0.29999999999999716,0.25532332443350336,0.17634247007104845,1.5692885861649761,1,0.14815868202466193
AWS_001,2020-01-18 06:00:00,4.14,995.91,75.4,6,1,18,0.1299999999999999,0.01999999999998181,-0.19999999999998863,0.14066508687814203,0.17336858639827155,1.0962055768276402,1,0.17625656802749473
AWS_001,2020-01-18 06:10:00,4.14,996.01,75.4,6,1,18,0.0,0.10000000000002274,0.0,0.05913261930974708,0.18740330862099058,0.6882344561762674,1,0.17556030374103487
AWS_001,2020-01-18 06:20:00,4.08,996.23,75.4,6,1,18,-0.05999999999999961,0.22000000000002728,0.0,0.048853522559076795,0.21283013590030503,0.3488074922767233,1,0.14162374552942336
AWS_001,2020-01-18 06:30:00,3.88,996.38,75.9,6,1,18,-0.20000000000000018,0.14999999999997726,0.5,0.09791152468646105,0.24196418484114743,0.21908902300620406,1,0.1431939530283558
AWS_001,2020-01-18 06:40:00,3.77,996.49,76.5,6,1,18,-0.10999999999999988,0.11000000000001364,0.5999999999999943,0.1502886112332647,0.25285700849356096,0.438178046006309,1,0.15557941709398027
AWS_001,2020-01-18 06:50:00,3.69,996.6,76.7,6,1,18,-0.08000000000000007,0.11000000000001364,0.20000000000000284,0.1969771560352934,0.27136691042983346,0.5913261931190422,1,0.15928245475464758
AWS_001,2020-01-18 07:00:00,3.72,996.62,77.1,7,1,18,0.03000000000000025,0.01999999999998181,0.3999999999999915,0.19047309521228067,0.2354074483559858,0.7089898917959202,1,0.17628981336159844
AWS_001,2020-01-18 07:10:00,3.54,996.72,78.0,7,1,18,-0.18000000000000016,0.10000000000002274,0.9000000000000057,0.18406520583678587,0.1788481667226761,0.912140340080586,1,0.15962246638812422
AWS_001,2020-01-18 07:20:00,3.39,996.85,78.4,7,1,18,-0.1499999999999999,0.12999999999999545,0.4000000000000057,0.17444196742678889,0.16565023414458424,0.9444575162507626,1,0.1652661996271198
AWS_001,2020-01-18 07:30:00,3.52,996.98,77.2,7,1,18,0.1299999999999999,0.12999999999999545,-1.2000000000000028,0.1451550894723432,0.1795550056972973,0.7413950813630524,1,0.15297477835314954
AWS_001,2020-01-18 07:40:00,3.54,996.89,76.9,7,1,18,0.020000000000000018,-0.09000000000003183,-0.29999999999999716,0.1212710462822329,0.15396969421551412,0.6675827039920651,1,0.18216499907139844
AWS_001,2020-01-18 07:50:00,3.6,996.93,76.6,7,1,18,0.06000000000000005,0.03999999999996362,-0.30000000000001137,0.10778064142686403,0.13614942796855728,0.6889605697493529,1,0.17739033253223396
AWS_001,2020-01-18 08:00:00,3.58,997.05,76.7,8,1,18,-0.020000000000000018,0.12000000000000455,0.10000000000000853,0.07386925386373068,0.11378342030063947,0.7375635565852323,1,0.17686109677267803
AWS_001,2020-01-18 08:10:00,3.49,997.19,77.1,8,1,18,-0.08999999999999986,0.14000000000010004,0.3999999999999915,0.07509993342018972,0.12367969410692245,0.6534523701101679,1,0.16690909671274318
AWS_001,2020-01-18 08:20:00,3.33,997.35,77.7,8,1,18,-0.16000000000000014,0.15999999999996817,0.6000000000000085,0.09674709297811541,0.1750142853218263,0.3983298465709211,1,0.15424034376682771
AWS_001,2020-01-18 08:30:00,3.27,997.39,78.0,8,1,18,-0.06000000000000005,0.03999999999996362,0.29999999999999716,0.13702797767747776,0.2114395108123203,0.5645056834694067,1,0.17993640136463196
AWS_001,2020-01-18 08:40:00,3.23,997.4,78.1,8,1,18,-0.040000000000000036,0.009999999999990905,0.09999999999999432,0.16095548038627044,0.19600170083834845,0.6562519841260187,1,0.18990705180562806
AWS_001,2020-01-18 08:50:00,3.26,997.48,77.9,8,1,18,0.029999999999999805,0.08000000000004093,-0.19999999999998863,0.1422673539491887,0.15937377470506445,0.5600595206488488,1,0.18369220750555953
AWS_001,2020-01-18 09:00:00,3.37,997.51,77.1,9,1,18,0.11000000000000032,0.029999999999972715,-0.8000000000000114,0.09544631999035301,0.11325487508035396,0.44609416046702444,1,0.17743045298660548
AWS_001,2020-01-18 09:10:00,3.39,997.61,76.8,9,1,18,0.020000000000000018,0.10000000000002274,-0.29999999999999716,0.06462713568127679,0.09584710078359608,0.529150262215526,1,0.17642806724124227
AWS_001,2020-01-18 09:20:00,3.18,997.61,77.3,9,1,18,-0.20999999999999996,0.0,0.5,0.08140434058675294,0.09674709329704857,0.5391351098466876,1,0.17857406639528245
AWS_001,2020-01-18 09:30:00,3.02,997.63,78.1,9,1,18,-0.16000000000000014,0.01999999999998181,0.7999999999999972,0.13556056456934887,0.09165151423152951,0.5576737397464029,1,0.18339973875966203
AWS_001,2020-01-18 09:40:00,2.94,997.69,79.6,9,1,18,-0.08000000000000007,0.06000000000005912,1.5,0.18370265829964627,0.078591772641897,1.00796825346974,1,0.1692846866522466
AWS_001,2020-01-18 09:50:00,2.79,997.69,81.1,9,1,18,-0.1499999999999999,0.0,1.5,0.24089416763318167,0.06653320018275266,1.6883917396948265,1,0.16102813553464596
AWS_001,2020-01-18 10:00:00,2.72,997.72,81.2,10,1,18,-0.06999999999999984,0.029999999999972715,0.10000000000000853,0.24929233174396104,0.04750438638816678,1.905168409004836,1,0.1653589240465147
AWS_001,2020-01-18 10:10:00,2.94,997.74,80.2,10,1,18,0.21999999999999975,0.01999999999998181,-1.0,0.16400203250671888,0.05059644314746026,1.5942605391435452,1,0.15979422425286816
AWS_001,2020-01-18 10:20:00,3.35,997.8,78.3,10,1,18,0.41000000000000014,0.05999999999994543,-1.9000000000000057,0.22045407684973886,0.0570672123503385,1.339776100698798,1,0.11821839388269645
AWS_001,2020-01-18 10:30:00,3.67,997.85,77.2,10,1,18,0.31999999999999984,0.05000000000006821,-1.0999999999999943,0.36690143998946945,0.06431692409449466,1.5887101686599756,1,0.1421432855328421
AWS_001,2020-01-18 10:40:00,3.94,997.89,76.8,10,1,18,0.27,0.03999999999996362,-0.4000000000000057,0.4999499974994433,0.07833687972188552,1.9572088970444832,1,0.128216701904944
AWS_001,2020-01-18 10:50:00,4.3,997.92,76.2,10,1,18,0.3599999999999999,0.029999999999972715,-0.5999999999999943,0.6009880753112998,0.08074651730829353,1.9944088514318559,1,0.11440921823315203
AWS_001,2020-01-18 11:00:00,4.76,997.92,74.3,11,1,18,0.45999999999999996,0.0,-1.9000000000000057,0.6551233980452906,0.07201851653341218,1.9886343722940285,1,0.0787725103712888
AWS_001,2020-01-18 11:10:00,5.27,997.92,72.3,11,1,18,0.5099999999999998,0.0,-2.0,0.7124815787090735,0.04926120911330792,2.1842618890604855,1,0.06974375531268795
AWS_001,2020-01-18 11:20:00,5.63,997.78,70.2,11,1,18,0.3600000000000003,-0.13999999999998636,-2.0999999999999943,0.7649509788213918,0.05621387779435619,2.787113201863451,1,0.046183643400016905
AWS_001,2020-01-18 11:30:00,5.9,997.78,68.42,11,1,18,0.27000000000000046,0.0,-1.7800000000000011,0.767376483003293,0.06940220978823271,3.336714951365728,1,0.047698627364362145
AWS_001,2020-01-18 11:40:00,6.01,997.76,67.54,11,1,18,0.10999999999999943,-0.01999999999998181,-0.8799999999999955,0.6730056958648504,0.08066391215257071,3.389033293826863,1,0.09365866678927598
AWS_001,2020-01-18 11:50:00,5.98,997.74,66.68,11,1,18,-0.02999999999999936,-0.01999999999998181,-0.8599999999999994,0.4934538141169392,0.08140434094155079,2.9440833321538857,1,0.11195414756421534
AWS_001,2020-01-18 12:00:00,5.95,997.72,66.58,12,1,18,-0.03000000000000025,-0.01999999999998181,-0.10000000000000853,0.28920580907012317,0.07089898958760156,2.243675555867909,1,0.15815764522808
AWS_001,2020-01-18 12:10:00,5.87,997.65,66.06,12,1,18,-0.08000000000000007,-0.07000000000005002,-0.519999999999996,0.13725887949387014,0.0491596046068874,1.5291827882888178,1,0.16168990323747184
AWS_001,2020-01-18 12:20:00,5.81,997.6,66.15,12,1,18,-0.0600000000000005,-0.049999999999954525,0.09000000000000341,0.0742967024834567,0.0694022098025337,0.9098076719826584,1,0.17179016023825078
AWS_001,2020-01-18 12:30:00,5.83,997.58,66.29,12,1,18,0.020000000000000462,-0.01999999999998181,0.14000000000000057,0.08304617189600601,0.07582875483100934,0.5414055781005337,1,0.17624503628142285
AWS_001,2020-01-18 12:40:00,5.87,997.48,66.21,12,1,18,0.040000000000000036,-0.10000000000002274,-0.0800000000000125,0.06685805860113177,0.09641922384292191,0.24750084174595935,1,0.15947575931450275
AWS_001,2020-01-18 12:50:00,5.87,997.49,66.04,12,1,18,0.0,0.009999999999990905,-0.1699999999999875,0.04802776974394585,0.09244818401131805,0.19873768305209896,1,0.15746924298227694
AWS_001,2020-01-18 13:00:00,5.87,997.49,66.34,13,1,18,0.0,0.0,0.29999999999999716,0.026583202714803834,0.07139094289518601,0.12122980930819746,1,0.15581902070340592
AWS_001,2020-01-18 13:10:00,5.87,997.46,66.11,13,1,18,0.0,-0.029999999999972715,-0.23000000000000398,0.026583202714803834,0.05819507477321345,0.11260550607425378,1,0.15156976177140846
AWS_001,2020-01-18 13:20:00,5.87,997.37,66.17,13,1,18,0.0,-0.09000000000003183,0.060000000000002274,0.016329931615815075,0.06735478252016938,0.11147495981119172,1,0.14934675966884953
AWS_001,2020-01-18 13:30:00,5.91,997.36,65.78,13,1,18,0.040000000000000036,-0.009999999999990905,-0.39000000000000057,0.016329931615849884,0.06047037893713709,0.1898859306659502,1,0.1453154489820715
AWS_001,2020-01-18 13:40:00,5.94,997.28,63.23,13,1,18,0.03000000000000025,-0.08000000000004093,-2.5500000000000043,0.029944392907175994,0.08518607121604806,1.181074369658697,1,0.11897313202256304
AWS_001,2020-01-18 13:50:00,6.02,997.34,62.25,13,1,18,0.07999999999999918,0.06000000000005912,-0.9799999999999969,0.05955389715695705,0.07814516446681,1.771891644542009,1,0.13237800062084348
AWS_001,2020-01-18 14:00:00,6.26,997.3,61.73,14,1,18,0.2400000000000002,-0.04000000000007731,-0.5200000000000031,0.14878395970865568,0.06337717830538563,2.04298229719794,1,0.13633975085818073
AWS_001,2020-01-18 14:10:00,6.18,997.12,61.43,14,1,18,-0.08000000000000007,-0.17999999999994998,-0.29999999999999716,0.15722595205602855,0.0924662103906565,2.066518005405202,1,0.125030962333684
AWS_001,2020-01-18 14:20:00,6.07,997.2,61.87,14,1,18,-0.10999999999999943,0.08000000000004093,0.4399999999999977,0.13633292583449566,0.09092121166721569,1.6254937711344706,1,0.1492039653465057
AWS_001,2020-01-18 14:30:00,6.11,997.23,61.83,14,1,18,0.040000000000000036,0.029999999999972715,-0.03999999999999915,0.11395905697484922,0.07893034945219017,0.6324133669233978,1,0.16725639805630865
AWS_001,2020-01-18 14:40:00,6.14,997.23,61.26,14,1,18,0.02999999999999936,0.0,-0.5700000000000003,0.0843800924385197,0.0771146337047574,0.3495377900360288,1,0.15759158349574676
AWS_001,2020-01-18 14:50:00,6.07,997.3,60.77,14,1,18,-0.0699999999999994,0.06999999999993634,-0.4899999999999949,0.07305249254201039,0.06752777254460966,0.42239397091244074,1,0.1444740182236448
AWS_001,2020-01-18 15:00:00,5.92,997.34,61.19,15,1,18,-0.15000000000000036,0.04000000000007731,0.4199999999999946,0.08975893641635763,0.07711463370478058,0.41638523828679075,1,0.145517478337301
AWS_001,2020-01-18 15:10:00,5.83,997.36,62.25,15,1,18,-0.08999999999999986,0.01999999999998181,1.0600000000000023,0.12127104628307118,0.06592925550104894,0.5459090278271607,1,0.14304274865633976
AWS_001,2020-01-18 15:20:00,5.72,997.45,62.68,15,1,18,-0.11000000000000032,0.09000000000003183,0.4299999999999997,0.16908577704797995,0.08424171609364517,0.7197684812932865,1,0.1526177721316626
AWS_001,2020-01-18 15:30:00,5.67,997.48,63.07,15,1,18,-0.04999999999999982,0.029999999999972715,0.39000000000000057,0.18798049544189305,0.0931665179300229,0.9257429448808399,1,0.1653447263389184
AWS_001,2020-01-18 15:40:00,5.67,997.48,63.42,15,1,18,0.0,0.0,0.3500000000000014,0.15958278938085044,0.07808115476435847,1.052406765465129,1,0.16870310949940365
AWS_001,2020-01-18 15:50:00,5.6,997.45,64.11,15,1,18,-0.07000000000000028,-0.029999999999972715,0.6899999999999977,0.11844830095826327,0.06121002147531592,1.0081005240865797,1,0.16202224388155712
AWS_001,2020-01-18 16:00:00,5.43,997.48,65.4,16,1,18,-0.16999999999999993,0.029999999999972715,1.2900000000000063,0.13336666250063703,0.046475800821952795,1.1320320961279706,1,0.13773660929491466
AWS_001,2020-01-18 16:10:00,5.32,997.49,65.97,16,1,18,-0.10999999999999943,0.009999999999990905,0.5699999999999932,0.15841927492117658,0.01722401603661385,1.321081627555277,1,0.15041030746308198
AWS_001,2020-01-18 16:20:00,5.25,997.5,66.09,16,1,18,-0.07000000000000028,0.009999999999990905,0.12000000000000455,0.18275666882463654,0.016733202372996334,1.3172041097203915,1,0.1565501622227874
AWS_001,2020-01-18 16:30:00,5.18,997.53,66.62,16,1,18,-0.07000000000000028,0.029999999999972715,0.5300000000000011,0.19528611488412953,0.02639444502570706,1.2465860045197341,1,0.14979476455683116
AWS_001,2020-01-18 16:40:00,5.11,997.65,67.12,16,1,18,-0.0699999999999994,0.12000000000000455,0.5,0.17829750418854048,0.07033254387445372,1.0488612873006609,1,0.14997860443516237
AWS_001,2020-01-18 16:50:00,5.02,997.84,67.56,16,1,18,-0.09000000000000075,0.19000000000005457,0.4399999999999977,0.14743360087348126,0.14105554482909538,0.7964671995745767,1,0.148186651691958
AWS_001,2020-01-18 17:00:00,4.98,997.86,67.77,17,1,18,-0.03999999999999915,0.01999999999998181,0.20999999999999375,0.13185851002690144,0.16884904518404414,0.7520837719285564,1,0.17318451290099918
AWS_001,2020-01-18 17:10:00,4.88,997.98,68.3,17,1,18,-0.10000000000000053,0.12000000000000455,0.5300000000000011,0.13623509092682892,0.195311716814903,0.8035089711167284,1,0.15441516563756646
AWS_001,2020-01-18 17:20:00,4.82,998.11,68.57,17,1,18,-0.05999999999999961,0.12999999999999545,0.269999999999996,0.13570801990487366,0.2117939251345007,0.7256629153161869,1,0.16173191913181995
AWS_001,2020-01-18 17:30:00,4.69,998.13,69.29,17,1,18,-0.1299999999999999,0.01999999999998181,0.7200000000000131,0.15108496505772595,0.18236410480841822,0.7794720435431451,1,0.16730819775762473
AWS_001,2020-01-18 17:40:00,4.59,998.22,69.79,17,1,18,-0.10000000000000053,0.09000000000003183,0.5,0.1663730747441421,0.15474710569615935,0.8644690085049069,1,0.171152674146193
AWS_001,2020-01-18 17:50:00,4.49,998.21,70.4,17,1,18,-0.09999999999999964,-0.009999999999990905,0.6099999999999994,0.18497747610581866,0.14010710208218918,0.9852512369943657,1,0.18148194913630966
AWS_001,2020-01-18 18:00:00,4.45,998.34,70.7,18,1,18,-0.040000000000000036,0.12999999999999545,0.29999999999999716,0.17466157753344264,0.12177848764382222,0.9677482454986602,1,0.16865154772297403
AWS_001,2020-01-18 18:10:00,4.65,998.37,69.48,18,1,18,0.20000000000000018,0.029999999999972715,-1.2199999999999989,0.13590437814802256,0.1063954888703471,0.7734791529182434,1,0.152777332120848
AWS_001,2020-01-18 18:20:00,4.49,998.41,70.5,18,1,18,-0.16000000000000014,0.03999999999996362,1.019999999999996,0.09777525249159821,0.10917875274657504,0.5855481762125774,1,0.15537427183328978
AWS_001,2020-01-18 18:30:00,4.29,998.45,71.7,18,1,18,-0.20000000000000018,0.04000000000007731,1.2000000000000028,0.12420413304901119,0.09892758319728145,0.7750720396621111,1,0.15427894761749467
AWS_001,2020-01-18 18:40:00,4.21,998.56,72.0,18,1,18,-0.08000000000000007,0.10999999999989996,0.29999999999999716,0.15748015747955074,0.11679041077856775,0.9222074965353968,1,0.1705301474908933
AWS_001,2020-01-18 18:50:00,4.15,998.61,72.3,18,1,18,-0.05999999999999961,0.05000000000006821,0.29999999999999716,0.1894905450581786,0.10726913216583872,1.0726913193767211,1,0.17781771560171178
AWS_001,2020-01-18 19:00:00,4.09,998.7,72.5,19,1,18,-0.0600000000000005,0.09000000000003183,0.20000000000000284,0.21556128285580475,0.12769755954920364,1.180282452070799,1,0.1733830013819726
AWS_001,2020-01-18 19:10:00,4.08,998.74,72.4,19,1,18,-0.009999999999999787,0.03999999999996362,-0.09999999999999432,0.15445603473620484,0.13197221947820978,0.7456540752921134,1,0.1815611620795039
AWS_001,2020-01-18 19:20:00,4.13,998.76,72.0,19,1,18,0.04999999999999982,0.01999999999998181,-0.4000000000000057,0.07960318251443435,0.1194431526427357,0.3016620625796534,1,0.17290460518412926
AWS_001,2020-01-18 19:30:00,4.14,998.74,71.7,19,1,18,0.009999999999999787,-0.01999999999998181,-0.29999999999999716,0.04676180777540687,0.08142481222538184,0.3016620625796534,1,0.17071031027785522
AWS_001,2020-01-18 19:40:00,4.19,998.73,71.1,19,1,18,0.05000000000000071,-0.009999999999990905,-0.6000000000000085,0.040496913459634694,0.054283208381848524,0.5291502622126982,1,0.16140327645788377
AWS_001,2020-01-18 19:50:00,4.16,998.76,71.1,19,1,18,-0.03000000000000025,0.029999999999972715,0.0,0.041673332797173245,0.022286020548692925,0.6131883886699964,1,0.16260432878661857
AWS_001,2020-01-18 20:00:00,4.09,998.83,71.2,20,1,18,-0.07000000000000028,0.07000000000005002,0.10000000000000853,0.041673332797173245,0.03633180486766968,0.5419102016628806,1,0.15965715802961533
AWS_001,2020-01-18 20:10:00,3.93,998.9,71.6,20,1,18,-0.1599999999999997,0.06999999999993634,0.3999999999999915,0.09266426855277977,0.06562519875206857,0.37282703764559877,1,0.15991003708577922
AWS_001,2020-01-18 20:20:00,3.69,998.9,72.7,20,1,18,-0.2400000000000002,0.0,1.1000000000000085,0.19169420092015071,0.07797435504232049,0.6121002096603937,1,0.15242631221785408
AWS_001,2020-01-18 20:30:00,3.54,999.05,73.6,20,1,18,-0.1499999999999999,0.14999999999997726,0.8999999999999915,0.2667333250015943,0.11583033588066144,1.0381072520054935,1,0.1374955459112025
AWS_001,2020-01-18 20:40:00,3.45,999.05,74.0,20,1,18,-0.08999999999999986,0.0,0.4000000000000057,0.2940068026419257,0.11674759116499978,1.2532624093407385,1,0.17038711237400028
AWS_001,2020-01-18 20:50:00,3.44,999.09,74.2,20,1,18,-0.010000000000000231,0.04000000000007731,0.20000000000000284,0.2684026825494063,0.10639548882395958,1.2655697004379967,1,0.1745741213875861
AWS_001,2020-01-18 21:00:00,3.57,999.2,73.9,21,1,18,0.1299999999999999,0.11000000000001364,-0.29999999999999716,0.18413762968599387,0.11583033587074132,0.99933311096294,1,0.15784215483639974
AWS_001,2020-01-18 21:10:00,3.65,999.29,74.0,21,1,18,0.08000000000000007,0.08999999999991815,0.09999999999999432,0.10191499725934315,0.13500617284790262,0.5428320796222281,1,0.1692107819333873
AWS_001,2020-01-18 21:20:00,3.67,999.24,74.2,21,1,18,0.020000000000000018,-0.049999999999954525,0.20000000000000284,0.09688481132959707,0.10366613095054447,0.22286019534021806,1,0.1761917413296793
AWS_001,2020-01-18 21:30:00,3.71,999.32,74.6,21,1,18,0.040000000000000036,0.08000000000004093,0.3999999999999915,0.11531117320699753,0.1083358975854008,0.2509980079611533,1,0.172000612133345
AWS_001,2020-01-18 21:40:00,3.68,999.32,75.0,21,1,18,-0.029999999999999805,0.0,0.4000000000000057,0.09999999999855515,0.08869423152051395,0.41190613817614763,1,0.17731470202767874
AWS_001,2020-01-18 21:50:00,3.58,999.39,75.7,21,1,18,-0.10000000000000009,0.06999999999993634,0.7000000000000028,0.056450568344170116,0.06683312580101743,0.688960569747839,1,0.16066427208782053
AWS_001,2020-01-18 22:00:00,3.44,999.53,76.6,22,1,18,-0.14000000000000012,0.13999999999998636,0.8999999999999915,0.09907909298322153,0.10147249234937693,0.9847165412784553,1,0.14252767241880615
AWS_001,2020-01-18 22:10:00,3.38,999.57,77.1,22,1,18,-0.06000000000000005,0.04000000000007731,0.5,0.13750151514210232,0.12973049000254586,1.1448435118685705,1,0.16640492328167256
AWS_001,2020-01-18 22:20:00,3.35,999.57,77.4,22,1,18,-0.029999999999999805,0.0,0.30000000000001137,0.1550053762498867,0.12049896279868977,1.1448435118686462,1,0.17964609503420353
AWS_001,2020-01-18 22:30:00,3.34,999.58,78.0,22,1,18,-0.010000000000000231,0.009999999999990905,0.5999999999999943,0.13862419221176123,0.11075498499683556,1.1147495981914106,1,0.17636999062645908
AWS_001,2020-01-18 22:40:00,3.33,999.66,78.2,22,1,18,-0.009999999999999787,0.07999999999992724,0.20000000000000284,0.09521904571228375,0.08921883228457317,0.9266426855417823,1,0.17330190892604214
AWS_001,2020-01-18 22:50:00,3.3,999.71,78.3,22,1,18,-0.03000000000000025,0.05000000000006821,0.09999999999999432,0.04844240566232957,0.06742897522700604,0.6782329983136783,1,0.16891925052879003
AWS_001,2020-01-18 23:00:00,3.34,999.77,78.1,23,1,18,0.040000000000000036,0.05999999999994543,-0.20000000000000284,0.02607680961478037,0.0843010480338841,0.48476798574332314,1,0.16451662518603583
AWS_001,2020-01-18 23:10:00,3.36,999.81,77.9,23,1,18,0.020000000000000018,0.03999999999996362,-0.19999999999998863,0.020655911172152715,0.0983192081897296,0.31885210783111606,1,0.16290385749370356
AWS_001,2020-01-18 23:20:00,3.29,999.93,78.3,23,1,18,-0.06999999999999984,0.12000000000000455,0.3999999999999915,0.026583202710564018,0.12225656096190615,0.16329931619082708,1,0.1471714144870674
AWS_001,2020-01-18 23:30:00,3.21,1000.03,78.5,23,1,18,-0.08000000000000007,0.10000000000002274,0.20000000000000284,0.05319774431009522,0.13891244255723062,0.2041241452362172,1,0.1633359614203197
AWS_001,2020-01-18 23:40:00,3.11,1000.13,79.0,23,1,18,-0.10000000000000009,0.10000000000002274,0.5,0.09325592027504492,0.16231656322187674,0.3781534080261501,1,0.16173912939239288
AWS_001,2020-01-18 23:50:00,3.01,1000.19,79.3,23,1,18,-0.10000000000000009,0.06000000000005912,0.29999999999999716,0.13798550648410282,0.17001960679610015,0.5382068994991699,1,0.17117776368668308
AWS_001,2020-01-19 00:00:00,2.94,1000.19,79.4,0,1,19,-0.06999999999999984,0.0,0.10000000000000853,0.1628086811762041,0.15357951261206454,0.5955389715783304,1,0.17045511472448616
AWS_001,2020-01-19 00:10:00,2.96,1000.23,79.4,0,1,19,0.020000000000000018,0.03999999999996362,0.0,0.14179797835769267,0.11500724626391692,0.47923550230409084,1,0.16066233355834875
AWS_001,2020-01-19 00:20:00,2.91,1000.17,79.4,0,1,19,-0.04999999999999982,-0.06000000000005912,0.0,0.11518101695298037,0.07004760304727844,0.3614784456488513,1,0.1694144875696782
AWS_001,2020-01-19 00:30:00,2.78,1000.15,79.8,0,1,19,-0.13000000000000034,-0.01999999999998181,0.3999999999999915,0.1094379580690176,0.03502380179824163,0.2562550812545426,1,0.14468543828943375
AWS_001,2020-01-19 00:40:00,2.62,1000.25,80.0,0,1,19,-0.1599999999999997,0.10000000000002274,0.20000000000000284,0.14477568856559359,0.03723797379205129,0.2810693864549385,1,0.13287517335490662
AWS_001,2020-01-19 00:50:00,2.48,1000.38,80.1,0,1,19,-0.14000000000000012,0.12999999999999545,0.09999999999999432,0.19518367417973312,0.08304617204736804,0.32506409624697735,1,0.1340736910711638
AWS_001,2020-01-19 01:00:00,2.32,1000.47,80.1,1,1,19,-0.16000000000000014,0.09000000000003183,0.0,0.25079207855570457,0.1251798706839098,0.3286335345065003,1,0.14581905621680025
AWS_001,2020-01-19 01:10:00,2.24,1000.53,80.1,1,1,19,-0.07999999999999963,0.05999999999994543,0.0,0.2611066193459667,0.15896540511622986,0.2786873995517911,1,0.1478143165188695
AWS_001,2020-01-19 01:20:00,2.26,1000.63,80.0,1,1,19,0.019999999999999574,0.10000000000002274,-0.09999999999999432,0.21716353284933196,0.17893201694890662,0.11690451945486759,1,0.14535683703526342
AWS_001,2020-01-19 01:30:00,2.24,1000.69,80.2,1,1,19,-0.019999999999999574,0.06000000000005912,0.20000000000000284,0.15646085772356794,0.16203909000053662,0.075277265286367,1,0.1523172707315416
AWS_001,2020-01-19 01:40:00,2.15,1000.71,80.7,1,1,19,-0.0900000000000003,0.01999999999998181,0.5,0.11143009766779334,0.13060117414166686,0.25298221281814715,1,0.16454755897503337
AWS_001,2020-01-19 01:50:00,2.02,1000.77,81.3,1,1,19,-0.1299999999999999,0.05999999999994543,0.5999999999999943,0.10578279633087889,0.11413442375692162,0.5059644256293441,1,0.14783931084628976
AWS_001,2020-01-19 02:00:00,1.9,1000.88,82.0,2,1,19,-0.1200000000000001,0.11000000000001364,0.7000000000000028,0.14584238067027622,0.11940128427046122,0.7935153852756747,1,0.149561278501114
AWS_001,2020-01-19 02:10:00,1.86,1000.99,82.4,2,1,19,-0.039999999999999813,0.11000000000001364,0.4000000000000057,0.17139622710618382,0.13392784133420643,0.9715966241206604,1,0.15910324770558854
AWS_001,2020-01-19 02:20:00,1.8,1001.11,82.6,2,1,19,-0.06000000000000005,0.12000000000000455,0.19999999999998863,0.17317621083613302,0.16690316558833376,0.9626352718810333,1,0.1590411435509998
AWS_001,2020-01-19 02:30:00,1.68,1001.24,83.4,2,1,19,-0.1200000000000001,0.12999999999999545,0.8000000000000114,0.16545895764877408,0.20307634036382802,0.9626352718811321,1,0.1421183294287376
AWS_001,2020-01-19 02:40:00,1.46,1001.22,84.4,2,1,19,-0.21999999999999997,-0.01999999999998181,1.0,0.19541409024481377,0.18875910577897959,1.0888832199413716,1,0.14475213800331005
AWS_001,2020-01-19 02:50:00,1.24,1001.32,85.4,2,1,19,-0.21999999999999997,0.10000000000002274,1.0,0.2584311642704808,0.1665733072253256,1.310979277742458,1,0.12358581431699406
AWS_001,2020-01-19 03:00:00,1.17,1001.42,86.2,3,1,19,-0.07000000000000006,0.09999999999990905,0.7999999999999972,0.29077482697014595,0.15187714337194752,1.5370968306097021,1,0.1457251559946811
AWS_001,2020-01-19 03:10:00,1.15,1001.46,86.3,3,1,19,-0.020000000000000018,0.04000000000007731,0.09999999999999432,0.2761642023618811,0.1314153720504359,1.5158056163870839,1,0.15400710418604835
AWS_001,2020-01-19 03:20:00,1.06,1001.59,86.4,3,1,19,-0.08999999999999986,0.12999999999999545,0.10000000000000853,0.2325224003535199,0.14195069570149585,1.2194260945232354,1,0.15092409060029421
AWS_001,2020-01-19 03:30:00,1.01,1001.74,86.8,3,1,19,-0.050000000000000044,0.14999999999997726,0.3999999999999915,0.15892346166048701,0.18659224709439548,0.8727351641082544,1,0.1434770311833819
AWS_001,2020-01-19 03:40:00,0.86,1001.9,86.7,3,1,19,-0.15000000000000002,0.15999999999996817,-0.09999999999999432,0.13585531519282962,0.21692548645622906,0.4979959839241085,1,0.13207755252305342
AWS_001,2020-01-19 03:50:00,0.86,1002.0,87.5,3,1,19,0.0,0.10000000000002274,0.7999999999999972,0.13585531519280822,0.2359449088370987,0.4764451699877746,1,0.1455416916782194
AWS_001,2020-01-19 04:00:00,1.12,1002.19,86.7,4,1,19,0.2600000000000001,0.19000000000005457,-0.7999999999999972,0.125857061778312,0.2699382645553372,0.4226897995828383,1,0.10383878040225886
AWS_001,2020-01-19 04:10:00,1.22,1002.29,86.0,4,1,19,0.09999999999999987,0.09999999999990905,-0.7000000000000028,0.14344569239310598,0.2652860091850939,0.4956477243681842,1,0.13572015867990972
AWS_001,2020-01-19 04:20:00,1.34,1002.36,85.9,4,1,19,0.1200000000000001,0.07000000000005002,-0.09999999999999432,0.19477337257988284,0.24041630560557373,0.586515131948577,1,0.14992410000600637
AWS_001,2020-01-19 04:30:00,1.43,1002.41,85.3,4,1,19,0.08999999999999986,0.049999999999954525,-0.6000000000000085,0.2398680192650706,0.20370730636442352,0.7739509028385151,1,0.14844865118663653
AWS_001,2020-01-19 04:40:00,1.48,1002.5,85.0,4,1,19,0.050000000000000044,0.09000000000003183,-0.29999999999999716,0.2292960240958351,0.17747300263687849,0.9179687721655347,1,0.15827223916545102
AWS_001,2020-01-19 04:50:00,1.57,1002.59,84.9,4,1,19,0.09000000000000008,0.09000000000003183,-0.09999999999999432,0.16792855623598396,0.1438054240875689,0.6918574034227821,1,0.1592993309958809
AWS_001,2020-01-19 05:00:00,1.66,1002.59,84.6,5,1,19,0.08999999999999986,0.0,-0.30000000000001137,0.15798734126350225,0.12388166394913115,0.5636192568310336,1,0.17841232305882793
AWS_001,2020-01-19 05:10:00,1.54,1002.66,84.9,5,1,19,-0.11999999999999988,0.06999999999993634,0.30000000000001137,0.1121903144936403,0.11617515509774427,0.45166359162990155,1,0.16453106967754594
AWS_001,2020-01-19 05:20:00,1.59,1002.72,85.1,5,1,19,0.050000000000000044,0.06000000000005912,0.19999999999998863,0.08167006795343762,0.11089033619387144,0.23380903889847823,1,0.16152568742920087
AWS_001,2020-01-19 05:30:00,1.66,1002.71,84.8,5,1,19,0.06999999999999984,-0.009999999999990905,-0.29999999999999716,0.07004760285826586,0.084241715678942,0.1722401424482515,1,0.1709318267122772
AWS_001,2020-01-19 05:40:00,1.66,1002.79,85.0,5,1,19,0.0,0.07999999999992724,0.20000000000000284,0.053541261342931794,0.07890923051134852,0.1722401424482515,1,0.1580346668735505
AWS_001,2020-01-19 05:50:00,1.76,1002.9,84.3,5,1,19,0.10000000000000009,0.11000000000001364,-0.7000000000000028,0.07476630256692118,0.10722251003965039,0.29268868558683714,1,0.15190291012730617
AWS_001,2020-01-19 06:00:00,1.74,1003.01,84.5,6,1,19,-0.020000000000000018,0.11000000000001364,0.20000000000000284,0.08447879418052978,0.13287839048645234,0.3076794869186807,1,0.1668957288996335
AWS_001,2020-01-19 06:10:00,1.65,1003.18,85.8,6,1,19,-0.09000000000000008,0.16999999999995907,1.2999999999999972,0.06282250127301538,0.18425525770097434,0.5269408569000947,1,0.12487121953701902
AWS_001,2020-01-19 06:20:00,1.55,1003.3,86.9,6,1,19,-0.09999999999999987,0.12000000000000455,1.1000000000000085,0.07483314773234341,0.22745695561108364,0.9745084230886576,1,0.13219205544794954
AWS_001,2020-01-19 06:30:00,1.55,1003.48,87.8,6,1,19,0.0,0.18000000000006366,0.8999999999999915,0.08975893641412924,0.25861167797984963,1.3963046467984543,1,0.11212854546545459
AWS_001,2020-01-19 06:40:00,1.36,1003.52,89.3,6,1,19,-0.18999999999999995,0.03999999999996362,1.5,0.14851487018541623,0.24951285869198125,1.949016846174312,1,0.10850483139600797
AWS_001,2020-01-19 06:50:00,1.24,1003.56,90.5,6,1,19,-0.1200000000000001,0.03999999999996362,1.2000000000000028,0.18490538120756872,0.21747796819727463,2.2169047491202023,1,0.10945468506392447
AWS_001,2020-01-19 07:00:00,1.16,1003.69,90.8,7,1,19,-0.08000000000000007,0.13000000000010914,0.29999999999999716,0.19508117968213642,0.18479718607999654,2.013371964310662,1,0.12422855788062259
AWS_001,2020-01-19 07:10:00,0.94,1003.76,91.3,7,1,19,-0.21999999999999997,0.06999999999993634,0.5,0.23723406163427782,0.16253204806589147,1.7659747072573213,1,0.12987105322014697
AWS_001,2020-01-19 07:20:00,0.72,1003.86,92.1,7,1,19,-0.21999999999999997,0.10000000000002274,0.7999999999999972,0.296810826396461,0.14936532388949225,1.5349267083500486,1,0.1263088175306371
AWS_001,2020-01-19 07:30:00,0.73,1003.98,93.1,7,1,19,0.010000000000000009,0.12000000000000455,1.0,0.2697962193943248,0.17600189387107126,1.318205851403103,1,0.126201656355036
AWS_001,2020-01-19 07:40:00,0.69,1004.01,93.2,7,1,19,-0.040000000000000036,0.029999999999972715,0.10000000000000853,0.24047175856247,0.17366634670678,1.155277744386037,1,0.15767411645808255
AWS_001,2020-01-19 07:50:00,0.55,1004.11,93.6,7,1,19,-0.1399999999999999,0.10000000000002274,0.3999999999999915,0.21683326927876198,0.1599270666396104,1.1326958991747407,1,0.14201134865567006
AWS_001,2020-01-19 08:00:00,0.58,1004.34,94.0,8,1,19,0.029999999999999916,0.2300000000000182,0.4000000000000057,0.13847984209301756,0.20238577019117715,1.002829330780767,1,0.12376446494384258
AWS_001,2020-01-19 08:10:00,0.67,1004.5,94.3,8,1,19,0.09000000000000008,0.15999999999996817,0.29999999999999716,0.07474400755982301,0.24130202369836998,0.7782458908818267,1,0.1294878273412231
AWS_001,2020-01-19 08:20:00,0.54,1004.63,93.8,8,1,19,-0.13,0.12999999999999545,-0.5,0.08016649341277238,0.26991974110695566,0.46332134277905157,1,0.12115653679796351
AWS_001,2020-01-19 08:30:00,0.49,1004.77,94.2,8,1,19,-0.050000000000000044,0.13999999999998636,0.4000000000000057,0.07814516406084474,0.2964231209563775,0.4086563348438489,1,0.11627751758817462
AWS_001,2020-01-19 08:40:00,0.52,1004.91,94.5,8,1,19,0.030000000000000027,0.13999999999998636,0.29999999999999716,0.06242328624875247,0.291318840165821,0.3326659986755229,1,0.12171720051669355
AWS_001,2020-01-19 08:50:00,0.63,1005.01,94.7,8,1,19,0.10999999999999999,0.10000000000002274,0.20000000000000284,0.0685322308559625,0.2527185522149408,0.32710854468846395,1,0.13681628974705934
AWS_001,2020-01-19 09:00:00,0.75,1005.22,94.9,9,1,19,0.12,0.21000000000003638,0.20000000000000284,0.10039920318125499,0.2618396455181281,0.38987177380297694,1,0.12214328504336347
AWS_001,2020-01-19 09:10:00,1.16,1005.3,94.8,9,1,19,0.4099999999999999,0.07999999999992724,-0.10000000000000853,0.2526196086334258,0.2577337126376633,0.41673332801083723,1,0.09928124674620586
AWS_001,2020-01-19 09:20:00,1.44,1005.46,93.6,9,1,19,0.28,0.16000000000008185,-1.2000000000000028,0.3844693312425833,0.2593389030365935,0.4847679857502001,1,0.08981528659506793
AWS_001,2020-01-19 09:30:00,1.64,1005.64,92.7,9,1,19,0.19999999999999996,0.17999999999994998,-0.8999999999999915,0.4594199241066251,0.2729590933205122,0.8717797887128249,1,0.08971047462253068
AWS_001,2020-01-19 09:40:00,1.81,1005.8,91.7,9,1,19,0.17000000000000015,0.15999999999996817,-1.0,0.4782224029321057,0.28828805032082244,1.315548048029643,1,0.09316619798174003
AWS_001,2020-01-19 09:50:00,1.88,1005.94,90.8,9,1,19,0.06999999999999984,0.14000000000010004,-0.9000000000000057,0.4300542601418764,0.283407833264713,1.6606223732908942,1,0.10355814981812622
AWS_001,2020-01-19 10:00:00,1.94,1006.08,90.4,10,1,19,0.06000000000000005,0.13999999999998636,-0.3999999999999915,0.29891470355191396,0.29432408433664403,1.6919416853644536,1,0.12135735681103715
AWS_001,2020-01-19 10:10:00,2.04,1006.19,90.3,10,1,19,0.10000000000000009,0.11000000000001364,-0.10000000000000853,0.21839566540160318,0.27396471783543586,1.3407709225194102,1,0.14044156452455342
AWS_001,2020-01-19 10:20:00,2.17,1006.33,90.0,10,1,19,0.1299999999999999,0.13999999999998636,-0.29999999999999716,0.18392027258086688,0.254767868101065,1.026482667497731,1,0.15019033403083498
AWS_001,2020-01-19 10:30:00,2.31,1006.54,89.6,10,1,19,0.14000000000000012,0.2099999999999227,-0.4000000000000057,0.18812230064392713,0.2674073047147103,0.7257180352402675,1,0.13572361521708087
AWS_001,2020-01-19 10:40:00,2.5,1006.75,89.2,10,1,19,0.18999999999999995,0.21000000000003638,-0.3999999999999915,0.2353720459178932,0.30031649962340595,0.5787918451447905,1,0.11543495511258856
AWS_001,2020-01-19 10:50:00,2.69,1006.92,88.6,10,1,19,0.18999999999999995,0.16999999999995907,-0.6000000000000085,0.2837428413186621,0.32737847609548354,0.6940220937928329,1,0.10709366345040766
AWS_001,2020-01-19 11:00:00,2.9,1007.14,87.6,11,1,19,0.20999999999999996,0.22000000000002728,-1.0,0.3247614509137476,0.36026379216023324,0.9928074670712045,1,0.0917210921664876
AWS_001,2020-01-19 11:10:00,2.92,1007.15,87.3,11,1,19,0.020000000000000018,0.009999999999990905,-0.29999999999999716,0.30902534955288524,0.3296513308628412,1.0888832199423746,1,0.14051978951647842
AWS_001,2020-01-19 11:20:00,2.9,1007.27,87.5,11,1,19,-0.020000000000000018,0.12000000000000455,0.20000000000000284,0.25319294355549155,0.2780947079761287,0.9715966241219544,1,0.15346149204994297
AWS_001,2020-01-19 11:30:00,3.08,1007.43,86.1,11,1,19,0.18000000000000016,0.15999999999996817,-1.4000000000000057,0.20439341150415397,0.24339268669328915,1.079660440449464,1,0.13268057729907834
AWS_001,2020-01-19 11:40:00,3.27,1007.53,85.4,11,1,19,0.18999999999999995,0.10000000000002274,-0.6999999999999886,0.19606121492955156,0.21981810647474315,1.1478966271712738,1,0.1566765883446969
AWS_001,2020-01-19 11:50:00,3.28,1007.58,85.0,11,1,19,0.009999999999999787,0.05000000000006821,-0.4000000000000057,0.18093276835976302,0.19089263980769458,1.1373946837711535,1,0.1763328580801174
AWS_001,2020-01-19 12:00:00,3.25,1007.55,85.1,12,1,19,-0.029999999999999805,-0.030000000000086402,0.09999999999999432,0.1760303004210727,0.17325318640230947,1.1039323650797992,1,0.18691630268656234
AWS_001,2020-01-19 12:10:00,3.38,1007.56,84.7,12,1,19,0.1299999999999999,0.009999999999990905,-0.3999999999999915,0.17339742404759154,0.11843422899523826,1.0308572484444516,1,0.18178211409162442
AWS_001,2020-01-19 12:20:00,3.6,1007.67,83.8,12,1,19,0.2200000000000002,0.11000000000001364,-0.9000000000000057,0.17204650533993576,0.07763160823304684,0.7626707459121254,1,0.1456735230299745
AWS_001,2020-01-19 12:30:00,3.62,1007.67,82.7,12,1,19,0.020000000000000018,0.0,-1.0999999999999943,0.16887865465976737,0.061535896811032595,1.0173494974703634,1,0.17286088950382
AWS_001,2020-01-19 12:40:00,3.84,1007.71,82.1,12,1,19,0.21999999999999975,0.04000000000007731,-0.6000000000000085,0.23028243528263678,0.0680196044972091,1.2633289357894593,1,0.15100708803486762
AWS_001,2020-01-19 12:50:00,3.88,1007.82,81.1,12,1,19,0.040000000000000036,0.11000000000001364,-1.0,0.24785076154757144,0.10033277926704046,1.554027026792844,1,0.15874268555549736
AWS_001,2020-01-19 13:00:00,3.99,1007.84,80.6,13,1,19,0.11000000000000032,0.01999999999998181,-0.5,0.22489256694339474,0.10457851880204046,1.5684387141365228,1,0.17416710168467842
AWS_001,2020-01-19 13:10:00,4.1,1007.87,79.6,13,1,19,0.10999999999999943,0.029999999999972715,-1.0,0.1988382927567032,0.09025888651074877,1.5188811671759583,1,0.16382151916021692
AWS_001,2020-01-19 13:20:00,4.07,1008.05,79.3,13,1,19,-0.02999999999999936,0.17999999999994998,-0.29999999999999716,0.1776138132759043,0.13426342239545444,1.346105493637641,1,0.15570229171437472
AWS_001,2020-01-19 13:30:00,4.03,1008.19,79.6,13,1,19,-0.040000000000000036,0.14000000000010004,0.29999999999999716,0.10445094542294762,0.1746615773209207,1.0870449239418978,1,0.1677575049419674
AWS_001,2020-01-19 13:40:00,4.05,1008.3,79.9,13,1,19,0.019999999999999574,0.10999999999989996,0.30000000000001137,0.07797435475687413,0.2013371962429894,0.6911343333011808,1,0.16820512933250653
AWS_001,2020-01-19 13:50:00,3.97,1008.46,80.0,13,1,19,-0.07999999999999963,0.16000000000008185,0.09999999999999432,0.04888762624378762,0.24441085612072597,0.4501851470979201,1,0.14789537514551065
AWS_001,2020-01-19 14:00:00,3.8,1008.63,81.1,14,1,19,-0.17000000000000037,0.16999999999995907,1.0999999999999943,0.1087504789249961,0.2753179978158994,0.6306081720590211,1,0.11799526267323246
AWS_001,2020-01-19 14:10:00,3.71,1008.66,82.7,14,1,19,-0.08999999999999986,0.029999999999972715,1.6000000000000085,0.14864947583631108,0.24441085611397684,1.2675435561225885,1,0.13646776283083162
AWS_001,2020-01-19 14:20:00,3.74,1008.63,82.7,14,1,19,0.03000000000000025,-0.029999999999972715,0.0,0.15121728296198458,0.19712094405505218,1.4113823011507338,1,0.18048267927747647
AWS_001,2020-01-19 14:30:00,3.88,1008.64,82.2,14,1,19,0.13999999999999968,0.009999999999990905,-0.5,0.13347908700018357,0.1438981118160814,1.2894443247649114,1,0.17296529152495416
AWS_001,2020-01-19 14:40:00,3.97,1008.75,81.4,14,1,19,0.0900000000000003,0.11000000000001364,-0.7999999999999972,0.11291589790518729,0.09410986443142141,1.0571975532834805,1,0.16150069370938214
AWS_001,2020-01-19 14:50:00,4.0,1008.88,80.3,14,1,19,0.029999999999999805,0.12999999999999545,-1.1000000000000085,0.1199999999988964,0.09988326477663328,0.9647106647428573,1,0.1607608365391774
AWS_001,2020-01-19 15:00:00,4.02,1008.89,78.6,15,1,19,0.019999999999999574,0.009999999999990905,-1.7000000000000028,0.1344123010234004,0.11889771478836927,1.6142077520159483,1,0.14603295904319769
AWS_001,2020-01-19 15:10:00,4.03,1009.07,78.0,15,1,19,0.010000000000000675,0.18000000000006366,-0.5999999999999943,0.11189280584444895,0.16958773515314063,1.9200694431889556,1,0.13185397970654655
AWS_001,2020-01-19 15:20:00,4.08,1009.17,77.9,15,1,19,0.04999999999999982,0.09999999999990905,-0.09999999999999432,0.06772493386054775,0.19616319714263428,1.8348478592699446,1,0.1543269641719619
AWS_001,2020-01-19 15:30:00,4.03,1009.29,78.1,15,1,19,-0.04999999999999982,0.12000000000000455,0.19999999999998863,0.036560452218454616,0.2032158128160759,1.4570518178844762,1,0.15484337443386914
AWS_001,2020-01-19 15:40:00,4.0,1009.42,78.6,15,1,19,-0.03000000000000025,0.12999999999999545,0.5,0.029439202883542504,0.21651789743666214,0.8931218655182852,1,0.1549151704434033
AWS_001,2020-01-19 15:50:00,3.96,1009.59,79.0,15,1,19,-0.040000000000000036,0.17000000000007276,0.4000000000000057,0.03949683531311187,0.25047288590893435,0.43204937989394737,1,0.13729464467849295
AWS_001,2020-01-19 16:00:00,3.94,1009.74,79.3,16,1,19,-0.020000000000000018,0.14999999999997726,0.29999999999999716,0.05125101624764604,0.2544012576758552,0.5776388721916207,1,0.1447214585342222
AWS_001,2020-01-19 16:10:00,3.88,1009.86,79.2,16,1,19,-0.06000000000000005,0.12000000000000455,-0.09999999999999432,0.07054549359395022,0.2660388441037328,0.5845225972252198,1,0.14597967589089755
AWS_001,2020-01-19 16:20:00,3.77,1010.01,79.7,16,1,19,-0.10999999999999988,0.14999999999997726,0.5,0.09380831519509567,0.27125019183449606,0.5636192568277635,1,0.13800610335869828
AWS_001,2020-01-19 16:30:00,3.7,1010.08,80.0,16,1,19,-0.06999999999999984,0.07000000000005002,0.29999999999999716,0.11726039399446471,0.2516081607749759,0.49799598392013644,1,0.15588938262610752
AWS_001,2020-01-19 16:40:00,3.56,1010.26,80.5,16,1,19,-0.14000000000000012,0.17999999999994998,0.5,0.15497311594724011,0.24254209236084406,0.5636192568280658,1,0.14152229298300806
AWS_001,2020-01-19 16:50:00,3.42,1010.51,81.1,16,1,19,-0.14000000000000012,0.25,0.5999999999999943,0.19600170067218328,0.27789686317918233,0.7312090444377747,1,0.11477551314671092
AWS_001,2020-01-19 17:00:00,3.33,1010.65,81.5,17,1,19,-0.08999999999999986,0.13999999999998636,0.4000000000000057,0.2114710382054994,0.30446127268158596,0.8687155268946244,1,0.13963332932402617
AWS_001,2020-01-19 17:10:00,3.32,1010.82,81.5,17,1,19,-0.010000000000000231,0.17000000000007276,0.0,0.19106717841212187,0.32381579109248887,0.7704976746674986,1,0.13185271868264237
AWS_001,2020-01-19 17:20:00,3.25,1010.99,81.5,17,1,19,-0.06999999999999984,0.16999999999995907,0.0,0.16994116628908584,0.34149182502479397,0.6337717780622574,1,0.12858416014462282
AWS_001,2020-01-19 17:30:00,3.25,1011.12,80.7,17,1,19,0.0,0.12999999999999545,-0.7999999999999972,0.11844830095736968,0.3172853603460351,0.44572039068037117,1,0.1258992549248092
AWS_001,2020-01-19 17:40:00,3.22,1011.22,80.5,17,1,19,-0.029999999999999805,0.10000000000002274,-0.20000000000000284,0.07359800721723993,0.2751545018492056,0.44572039068037117,1,0.14570751324195796
AWS_001,2020-01-19 17:50:00,3.15,1011.38,80.8,17,1,19,-0.07000000000000028,0.15999999999996817,0.29999999999999716,0.06653319973024474,0.2671329254996981,0.46654760386077954,1,0.13670566361005454
AWS_001,2020-01-19 18:00:00,3.06,1011.51,80.8,18,1,19,-0.08999999999999986,0.12999999999999545,0.0,0.09108603990919996,0.2527976790852005,0.42739521133041386,1,0.14906370118823098
AWS_001,2020-01-19 18:10:00,2.91,1011.65,81.6,18,1,19,-0.1499999999999999,0.13999999999998636,0.7999999999999972,0.13416407864874727,0.24782386194453737,0.4535048695087819,1,0.1407053491475112
AWS_001,2020-01-19 18:20:00,2.76,1011.78,82.5,18,1,19,-0.15000000000000036,0.12999999999999545,0.9000000000000057,0.1909362895479176,0.252560223605049,0.7609204951909269,1,0.1288202829102596
AWS_001,2020-01-19 18:30:00,2.7,1011.91,83.2,18,1,19,-0.05999999999999961,0.12999999999999545,0.7000000000000028,0.2114395106556899,0.25618352772787595,1.0819735055298336,1,0.14684844405046776
AWS_001,2020-01-19 18:40:00,2.78,1012.02,83.7,18,1,19,0.07999999999999963,0.11000000000001364,0.5,0.17996295915079505,0.24227394937153496,1.2296340919160336,1,0.1498808485875731
AWS_001,2020-01-19 18:50:00,2.84,1012.06,83.7,18,1,19,0.06000000000000005,0.03999999999996362,0.0,0.12875040452870787,0.21553808606052918,1.185608142123325,1,0.1573783548578206
AWS_001,2020-01-19 19:00:00,2.92,1012.34,83.5,19,1,19,0.08000000000000007,0.2800000000000864,-0.20000000000000284,0.08727351640849437,0.24041630534182937,0.8334666560033402,1,0.10971088832115272
AWS_001,2020-01-19 19:10:00,3.02,1012.47,83.3,19,1,19,0.10000000000000009,0.12999999999999545,-0.20000000000000284,0.11690451944345626,0.26112576766600415,0.4490731195134717,1,0.1443006581093207
AWS_001,2020-01-19 19:20:00,3.06,1012.65,83.2,19,1,19,0.040000000000000036,0.17999999999994998,-0.09999999999999432,0.13952299690843126,0.2900632112787158,0.23380903889634652,1,0.12909506723873315
AWS_001,2020-01-19 19:30:00,2.98,1012.72,84.2,19,1,19,-0.08000000000000007,0.07000000000005002,1.0,0.1078270219671975,0.2933030285142477,0.357770876404258,1,0.12139910843178658
AWS_001,2020-01-19 19:40:00,2.89,1012.72,84.8,19,1,19,-0.08999999999999986,0.0,0.5999999999999943,0.08304617189441177,0.26043553239558165,0.611282804166656,1,0.1515551113087693
AWS_001,2020-01-19 19:50:00,2.89,1012.79,84.6,19,1,19,0.0,0.06999999999993634,-0.20000000000000284,0.07127411872236852,0.17352233247037663,0.6918574034220808,1,0.15925818601162867
AWS_001,2020-01-19 20:00:00,2.89,1012.88,84.5,20,1,19,0.0,0.09000000000003183,-0.09999999999999432,0.07556454194693313,0.13896042553485152,0.6870225614951686,1,0.16330055640002156
AWS_001,2020-01-19 20:10:00,2.92,1012.99,84.6,20,1,19,0.029999999999999805,0.11000000000001364,0.09999999999999432,0.06911343332750108,0.1244856077239447,0.5810909280570316,1,0.16457328622630713
AWS_001,2020-01-19 20:20:00,2.87,1013.07,84.6,20,1,19,-0.04999999999999982,0.08000000000004093,0.0,0.03932768320549744,0.14524691573147328,0.19748417659058412,1,0.15335773510671774
AWS_001,2020-01-19 20:30:00,2.86,1013.2,84.2,20,1,19,-0.010000000000000231,0.12999999999999545,-0.3999999999999915,0.020655911171141707,0.17971273335097485,0.19748417659058412,1,0.14093498140808747
AWS_001,2020-01-19 20:40:00,2.8,1013.25,84.6,20,1,19,-0.06000000000000005,0.049999999999954525,0.3999999999999915,0.040702170289908295,0.17922053414904576,0.1602081978873334,1,0.15170707714731613
AWS_001,2020-01-19 20:50:00,2.81,1013.46,84.5,20,1,19,0.010000000000000231,0.21000000000003638,-0.09999999999999432,0.0462240918386444,0.20643804524814519,0.15491933386001303,1,0.1260755828944134
AWS_001,2020-01-19 21:00:00,2.91,1013.72,83.7,21,1,19,0.10000000000000009,0.2599999999999909,-0.7999999999999972,0.04956477243272431,0.2688803944582975,0.36147844565093,1,0.08361141894847013
AWS_001,2020-01-19 21:10:00,2.92,1013.76,84.4,21,1,19,0.009999999999999787,0.03999999999996362,0.7000000000000028,0.0495647724327243,0.28509647464623505,0.34448028487881843,1,0.12678968940734608
AWS_001,2020-01-19 21:20:00,2.93,1013.86,84.4,21,1,19,0.010000000000000231,0.10000000000002274,0.0,0.05706721183226575,0.27902807478938185,0.3224903099373767,1,0.13435420213624566
AWS_001,2020-01-19 21:30:00,2.94,1013.97,84.1,21,1,19,0.009999999999999787,0.11000000000001364,-0.30000000000001137,0.06284902544704475,0.2672826216803946,0.331159578859139,1,0.13182993689535977
AWS_001,2020-01-19 21:40:00,2.93,1014.0,84.6,21,1,19,-0.009999999999999787,0.029999999999972715,0.5,0.04844240566189892,0.19796464293080251,0.331159578859139,1,0.1506670540069368
AWS_001,2020-01-19 21:50:00,2.94,1014.07,84.6,21,1,19,0.009999999999999787,0.07000000000005002,0.0,0.011690451929417006,0.13952299637007398,0.34641016151883475,1,0.1496474360106531
AWS_001,2020-01-19 22:00:00,2.92,1014.17,84.8,22,1,19,-0.020000000000000018,0.09999999999990905,0.20000000000000284,0.00894427189029387,0.14634434227233462,0.2401388487319072,1,0.1468576915980645
AWS_001,2020-01-19 22:10:00,2.9,1014.32,85.0,22,1,19,-0.020000000000000018,0.15000000000009095,0.20000000000000284,0.015055453042464494,0.16208022657699944,0.31251666622813645,1,0.14149308069943017
AWS_001,2020-01-19 22:20:00,2.98,1014.5,84.9,22,1,19,0.08000000000000007,0.17999999999994998,-0.09999999999999432,0.026645825182342833,0.20507722085238161,0.3204163957577712,1,0.12438401091400797
AWS_001,2020-01-19 22:30:00,2.95,1014.63,84.8,22,1,19,-0.029999999999999805,0.12999999999999545,-0.10000000000000853,0.027325202036120436,0.24782386186788138,0.1602081978878391,1,0.12179936996280077
AWS_001,2020-01-19 22:40:00,2.89,1014.76,85.2,22,1,19,-0.06000000000000005,0.12999999999999545,0.4000000000000057,0.03346640105609667,0.26843372833802676,0.20412414524138645,1,0.11806246070961829
AWS_001,2020-01-19 22:50:00,2.91,1014.91,85.4,22,1,19,0.020000000000000018,0.14999999999997726,0.20000000000000284,0.03391164991042225,0.2756386520567069,0.2401388487325684,1,0.11998618693885865
AWS_001,2020-01-19 23:00:00,2.97,1014.94,84.9,23,1,19,0.06000000000000005,0.030000000000086402,-0.5,0.038297084305655524,0.24138489287022455,0.22509257355722007,1,0.1265211996516351
AWS_001,2020-01-19 23:10:00,2.97,1015.08,85.1,23,1,19,0.0,0.13999999999998636,0.19999999999998863,0.036742346136969924,0.21472462947769544,0.22583179582148188,1,0.13419555668692135
AWS_001,2020-01-19 23:20:00,2.94,1015.2,85.3,23,1,19,-0.03000000000000025,0.12000000000000455,0.20000000000000284,0.03250640961894985,0.20697825933212163,0.23166067139387733,1,0.13241460193326005
AWS_001,2020-01-19 23:30:00,2.87,1015.32,85.5,23,1,19,-0.06999999999999984,0.12000000000000455,0.20000000000000284,0.04183300132248512,0.20530465127380798,0.21602468995633325,1,0.13031309625198972
AWS_001,2020-01-19 23:40:00,2.87,1015.32,85.9,23,1,19,0.0,0.0,0.4000000000000057,0.045789372853462365,0.1811537095952301,0.3449637662191945,1,0.14702852391073234
AWS_001,2020-01-19 23:50:00,2.87,1015.42,85.4,23,1,19,0.0,0.09999999999990905,-0.5,0.050497524688306296,0.17783887791762729,0.3449637662191945,1,0.13828251624278326
AWS_001,2020-01-20 00:00:00,2.83,1015.51,85.8,0,1,20,-0.040000000000000036,0.09000000000003183,0.3999999999999915,0.052313159590208075,0.15315569365123247,0.30331501776901415,1,0.13146413962242604
AWS_001,2020-01-20 00:10:00,2.87,1015.49,86.0,0,1,20,0.040000000000000036,-0.01999999999998181,0.20000000000000284,0.03563705935739278,0.11843422856983742,0.28809720582522536,1,0.14791055058680086
AWS_001,2020-01-20 00:20:00,2.88,1015.53,85.7,0,1,20,0.009999999999999787,0.03999999999996362,-0.29999999999999716,0.017606816851475433,0.09410986396890164,0.23166067139462054,1,0.1298143027876471
AWS_001,2020-01-20 00:30:00,2.88,1015.6,85.3,0,1,20,0.0,0.07000000000005002,-0.4000000000000057,0.018618986715399497,0.09703950997233349,0.2786873995554631,1,0.13107822755331772
AWS_001,2020-01-20 00:40:00,2.93,1015.68,85.5,0,1,20,0.050000000000000266,0.07999999999992724,0.20000000000000284,0.032041639569615935,0.09064582999198181,0.26394443860582834,1,0.13041524696830537
AWS_001,2020-01-20 00:50:00,2.96,1015.81,85.1,0,1,20,0.029999999999999805,0.12999999999999545,-0.4000000000000057,0.04622409183867882,0.12290917986110451,0.33266599866971125,1,0.125583583299826
AWS_001,2020-01-20 01:00:00,2.87,1015.88,85.1,1,1,20,-0.08999999999999986,0.07000000000005002,0.0,0.0376386326307327,0.1552739508954928,0.35637059362996953,1,0.136044346815066
AWS_001,2020-01-20 01:10:00,2.87,1015.89,85.1,1,1,20,0.0,0.009999999999990905,0.0,0.0376386326307327,0.15091940396296583,0.25298221282153516,1,0.14340995074425006
AWS_001,2020-01-20 01:20:00,2.87,1016.02,85.3,1,1,20,0.0,0.12999999999999545,0.20000000000000284,0.0388158043367788,0.1525341486078529,0.1632993161979034,1,0.12822657395110343
AWS_001,2020-01-20 01:30:00,2.87,1016.13,85.5,1,1,20,0.0,0.11000000000001364,0.20000000000000284,0.03987480407029318,0.15765997111005164,0.1966384160603536,1,0.12920625842787103
AWS_001,2020-01-20 01:40:00,2.72,1016.12,86.5,1,1,20,-0.1499999999999999,-0.009999999999990905,1.0,0.07745966692183051,0.13457339938795812,0.546504040854993,1,0.12827734635216104
AWS_001,2020-01-20 01:50:00,2.77,1016.12,87.1,1,1,20,0.04999999999999982,0.0,0.5999999999999943,0.06645800678853207,0.11690451868445528,0.8358628276643598,1,0.14036523197596157
AWS_001,2020-01-20 02:00:00,2.74,1016.15,86.6,2,1,20,-0.029999999999999805,0.029999999999972715,-0.5,0.07118052167765072,0.09988326430527511,0.82077199432682,1,0.14589171049801447
AWS_001,2020-01-20 02:10:00,2.65,1016.2,87.0,2,1,20,-0.0900000000000003,0.05000000000006821,0.4000000000000057,0.08694826047502249,0.05887840425508577,0.7607014307015841,1,0.1350758297843097
AWS_001,2020-01-20 02:20:00,2.65,1016.28,86.5,2,1,20,0.0,0.07999999999992724,-0.5,0.0826236447168457,0.06314005453815334,0.5680375574480693,1,0.13552574827181868
AWS_001,2020-01-20 02:30:00,2.7,1016.38,86.3,2,1,20,0.050000000000000266,0.10000000000002274,-0.20000000000000284,0.04847679857030765,0.10361788690454421,0.3141125063916753,1,0.14174117593634095
AWS_001,2020-01-20 02:40:00,2.71,1016.45,86.3,2,1,20,0.009999999999999787,0.07000000000005002,0.0,0.04802776974098099,0.13125039613613101,0.3444802848809164,1,0.14579030847433866
AWS_001,2020-01-20 02:50:00,2.73,1016.53,86.1,2,1,20,0.020000000000000018,0.07999999999992724,-0.20000000000000284,0.03881580433653348,0.1474336002580372,0.314112506391456,1,0.13856128025778675
AWS_001,2020-01-20 03:00:00,2.76,1016.53,85.6,3,1,20,0.029999999999999805,0.0,-0.5,0.04381780459614207,0.13487030739785125,0.46043457733399884,1,0.1536925179007005
AWS_001,2020-01-20 03:10:00,2.64,1016.56,86.4,3,1,20,-0.11999999999999966,0.029999999999972715,0.8000000000000114,0.0462240918384796,0.10821275256107807,0.32249030993917693,1,0.14556429865220755
AWS_001,2020-01-20 03:20:00,2.61,1016.54,86.4,3,1,20,-0.03000000000000025,-0.01999999999998181,0.0,0.05636192567941207,0.06911343200113004,0.3060501048379525,1,0.15273320223782078
AWS_001,2020-01-20 03:30:00,2.53,1016.6,86.1,3,1,20,-0.08000000000000007,0.06000000000005912,-0.30000000000001137,0.08617811013412227,0.049295028307683175,0.30166206258764366,1,0.14561181927839562
AWS_001,2020-01-20 03:40:00,2.55,1016.74,85.8,3,1,20,0.020000000000000018,0.13999999999998636,-0.29999999999999716,0.0933095207697821,0.08115828042730426,0.3204163957590776,1,0.1382798314128289
AWS_001,2020-01-20 03:50:00,2.63,1016.84,84.8,3,1,20,0.08000000000000007,0.10000000000002274,-1.0,0.08148619514751045,0.1264515710246518,0.6058052492380814,1,0.13728853789632606
AWS_001,2020-01-20 04:00:00,2.58,1016.83,84.9,4,1,20,-0.04999999999999982,-0.009999999999990905,0.10000000000000853,0.04427188723801286,0.13560973347799385,0.7201851613793457,1,0.16259560123211564
AWS_001,2020-01-20 04:10:00,2.49,1016.89,85.7,4,1,20,-0.08999999999999986,0.05999999999994543,0.7999999999999972,0.05205766033556388,0.14156270629394285,0.6431692364151982,1,0.14439811104779499
AWS_001,2020-01-20 04:20:00,2.54,1016.95,85.8,4,1,20,0.04999999999999982,0.06000000000005912,0.09999999999999432,0.04760952285287579,0.1235178791877914,0.5344779384322926,1,0.15412023479526227
AWS_001,2020-01-20 04:30:00,2.45,1016.99,86.3,4,1,20,-0.08999999999999986,0.03999999999996362,0.5,0.06387487768763671,0.0900370283728126,0.5822370651239853,1,0.14107909483726733
AWS_001,2020-01-20 04:40:00,2.38,1017.0,86.5,4,1,20,-0.07000000000000028,0.009999999999990905,0.20000000000000284,0.09064583093708456,0.0742069166428381,0.7004760286197815,1,0.15225230150386665
AWS_001,2020-01-20 04:50:00,2.32,1017.07,86.2,4,1,20,-0.06000000000000005,0.07000000000005002,-0.29999999999999716,0.0977752524906119,0.08526429387772541,0.5761944116393684,1,0.14868144583480908
AWS_001,2020-01-20 05:00:00,2.25,1017.14,86.4,5,1,20,-0.06999999999999984,0.06999999999993634,0.20000000000000284,0.10894952959787213,0.0882420901636756,0.32710854468297756,1,0.14923164372684827
AWS_001,2020-01-20 05:10:00,2.41,1017.24,85.7,5,1,20,0.16000000000000014,0.10000000000002274,-0.7000000000000028,0.1010775279983785,0.10894952872325986,0.32710854468297756,1,0.1356958992648878
AWS_001,2020-01-20 05:20:00,2.32,1017.44,85.7,5,1,20,-0.0900000000000003,0.20000000000004547,0.0,0.07231873892424294,0.1713086876799477,0.3502380143149363,1,0.1194829985955369
AWS_001,2020-01-20 05:30:00,2.25,1017.56,86.2,5,1,20,-0.06999999999999984,0.11999999999989086,0.5,0.0655489638839262,0.21857874204366315,0.34302575219837095,1,0.12610872562775444
AWS_001,2020-01-20 05:40:00,2.23,1017.57,85.7,5,1,20,-0.020000000000000018,0.010000000000104592,-0.5,0.0674289749755537,0.21639470065639704,0.3188521078355361,1,0.13821339342719197
AWS_001,2020-01-20 05:50:00,2.25,1017.62,85.9,5,1,20,0.020000000000000018,0.049999999999954525,0.20000000000000284,0.06862943974407817,0.19640943579928177,0.301109061091041,1,0.14267756627244454
AWS_001,2020-01-20 06:00:00,2.26,1017.76,85.2,6,1,20,0.009999999999999787,0.13999999999998636,-0.7000000000000028,0.06772493385934672,0.17645584849941706,0.3265986323777015,1,0.1290491767908865
AWS_001,2020-01-20 06:10:00,2.24,1017.92,85.1,6,1,20,-0.019999999999999574,0.15999999999996817,-0.10000000000000853,0.03188521077631699,0.16991174121143549,0.4179314138359469,1,0.11883417939358393
AWS_001,2020-01-20 06:20:00,2.3,1018.01,85.3,6,1,20,0.05999999999999961,0.09000000000003183,0.20000000000000284,0.024289915594402047,0.19047309468863285,0.43665394383981604,1,0.13247969985463637
AWS_001,2020-01-20 06:30:00,2.39,1017.95,84.3,6,1,20,0.0900000000000003,-0.05999999999994543,-1.0,0.059805239454851215,0.1831665902925794,0.5576737397475084,1,0.13590805825649843
AWS_001,2020-01-20 06:40:00,2.39,1017.82,83.5,6,1,20,0.0,-0.12999999999999545,-0.7999999999999972,0.06892024375746214,0.14306175752286457,0.8495096624938278,1,0.1239557430778146
AWS_001,2020-01-20 06:50:00,2.33,1017.77,83.0,6,1,20,-0.06000000000000005,-0.05000000000006821,-0.5,0.06369196704652755,0.10303720912953633,0.9715966241210238,1,0.14342795384565943
AWS_001,2020-01-20 07:00:00,2.41,1017.87,81.5,7,1,20,0.08000000000000007,0.10000000000002274,-1.5,0.06562519840928747,0.08786352939812975,1.4288690166245501,1,0.105869513470499
AWS_001,2020-01-20 07:10:00,2.57,1017.89,81.1,7,1,20,0.1599999999999997,0.01999999999998181,-0.4000000000000057,0.0938971068045423,0.08666025500979943,1.6129682782587995,1,0.127471640235507
AWS_001,2020-01-20 07:20:00,2.29,1017.94,84.2,7,1,20,-0.2799999999999998,0.05000000000006821,3.1000000000000085,0.09605553948764985,0.06947421439058048,1.3574485871181396,1,0.07552331919194677
AWS_001,2020-01-20 07:30:00,2.0,1018.11,85.3,7,1,20,-0.29000000000000004,0.16999999999995907,1.0999999999999943,0.18872378405028142,0.1183215948090916,1.5987495113376862,1,0.08224411522370179
AWS_001,2020-01-20 07:40:00,2.12,1018.14,83.1,7,1,20,0.1200000000000001,0.029999999999972715,-2.200000000000003,0.2036336579896677,0.14431447073709114,1.5870307705489228,1,0.10353551785772214
AWS_001,2020-01-20 07:50:00,2.06,1018.2,82.7,7,1,20,-0.06000000000000005,0.06000000000005912,-0.3999999999999915,0.22121633453759396,0.1418097309655226,1.5930055450842195,1,0.1294712700486756
AWS_001,2020-01-20 08:00:00,1.95,1018.29,82.7,8,1,20,-0.1100000000000001,0.08999999999991815,0.0,0.23071627597457173,0.1531992160410218,1.43724273060232,1,0.1320039010621673
AWS_001,2020-01-20 08:10:00,1.93,1018.46,82.3,8,1,20,-0.020000000000000018,0.17000000000007276,-0.4000000000000057,0.1334790869995421,0.17572706050673154,1.1426577206973882,1,0.12072351636624062
AWS_001,2020-01-20 08:20:00,1.88,1018.44,82.4,8,1,20,-0.050000000000000044,-0.01999999999998181,0.10000000000000853,0.0885437744822196,0.15015547429218237,1.1214573851329055,1,0.1498142861750837
AWS_001,2020-01-20 08:30:00,1.79,1018.49,83.4,8,1,20,-0.08999999999999986,0.049999999999954525,1.0,0.11979148550525129,0.14760307062887296,0.4179314138335448,1,0.12949016146519932
AWS_001,2020-01-20 08:40:00,1.8,1018.63,84.2,8,1,20,0.010000000000000009,0.13999999999998636,0.7999999999999972,0.10147249216519919,0.15250136542995102,0.7231873892722209,1,0.1285692945680159
AWS_001,2020-01-20 08:50:00,2.11,1018.81,83.8,8,1,20,0.30999999999999983,0.17999999999994998,-0.4000000000000057,0.11781341179827753,0.17888543761304349,0.7840068026931696,1,0.0934400535107367
AWS_001,2020-01-20 09:00:00,2.13,1018.9,82.6,9,1,20,0.020000000000000018,0.09000000000003183,-1.2000000000000028,0.148862352525927,0.19467066151668405,0.7960318251610013,1,0.12671929232111517
AWS_001,2020-01-20 09:10:00,2.05,1019.05,83.0,9,1,20,-0.08000000000000007,0.14999999999997726,0.4000000000000057,0.15517731792873357,0.2403331017304492,0.6976149845503888,1,0.11842190379223344
AWS_001,2020-01-20 09:20:00,2.09,1019.1,82.3,9,1,20,0.040000000000000036,0.05000000000006821,-0.7000000000000028,0.1571941474723489,0.23757104155587408,0.7222649560024563,1,0.12632681071239482
AWS_001,2020-01-20 09:30:00,2.26,1019.14,82.3,9,1,20,0.16999999999999993,0.03999999999996362,0.0,0.15161354380870026,0.19610371350685132,0.8016649341645751,1,0.13323371896139563
AWS_001,2020-01-20 09:40:00,2.48,1019.21,81.0,9,1,20,0.2200000000000002,0.07000000000005002,-1.2999999999999972,0.16033298683129257,0.15162453555818312,0.9252026804987247,1,0.10225548451383121
AWS_001,2020-01-20 09:50:00,2.47,1019.46,80.7,9,1,20,-0.009999999999999787,0.25,-0.29999999999999716,0.19043809142671314,0.18683325841097218,0.9196013629112915,1,0.09862840284015856
AWS_001,2020-01-20 10:00:00,2.59,1019.59,80.0,10,1,20,0.11999999999999966,0.12999999999999545,-0.7000000000000028,0.2237558192902621,0.21701766390532348,1.1536897329877394,1,0.12026972037737499
AWS_001,2020-01-20 10:10:00,2.77,1019.59,79.7,10,1,20,0.18000000000000016,0.0,-0.29999999999999716,0.2403053612932258,0.2251592024451164,1.1099549540413436,1,0.1295603641102719
AWS_001,2020-01-20 10:20:00,2.85,1019.69,79.2,10,1,20,0.08000000000000007,0.10000000000002274,-0.5,0.21587033144833284,0.22384518409920198,1.1052903087728658,1,0.12981127723663916
AWS_001,2020-01-20 10:30:00,2.83,1019.71,79.2,10,1,20,-0.020000000000000018,0.01999999999998181,0.0,0.17340703561165557,0.1853015554255386,0.7554248252916055,1,0.15265928920754063
AWS_001,2020-01-20 10:40:00,2.92,1019.8,78.5,10,1,20,0.08999999999999986,0.08999999999991815,-0.7000000000000028,0.17255916859528359,0.11865917484597059,0.7609204951898024,1,0.13006684696058268
AWS_001,2020-01-20 10:50:00,3.08,1019.88,77.1,10,1,20,0.16000000000000014,0.08000000000004093,-1.4000000000000057,0.16223439832427158,0.11506519792788249,1.0406728592595649,1,0.11153992952131442
AWS_001,2020-01-20 11:00:00,3.08,1019.96,78.0,11,1,20,0.0,0.08000000000004093,0.9000000000000057,0.1316687763530623,0.13526517083129966,0.9537644712746984,1,0.12956403450483073
AWS_001,2020-01-20 11:10:00,3.29,1020.03,77.6,11,1,20,0.20999999999999996,0.06999999999993634,-0.4000000000000057,0.17566065770775427,0.1363451494273048,0.8571269839794164,1,0.12334934043175833
AWS_001,2020-01-20 11:20:00,3.56,1020.01,75.8,11,1,20,0.27,-0.01999999999998181,-1.7999999999999972,0.2643986888513857,0.1257643289581638,1.179830496299609,1,0.0975847734449834
AWS_001,2020-01-20 11:30:00,3.73,1020.06,75.0,11,1,20,0.16999999999999993,0.049999999999954525,-0.7999999999999972,0.3132198376002801,0.09933109501817307,1.3461054936363985,1,0.11750851789288408
AWS_001,2020-01-20 11:40:00,3.77,1020.06,74.1,11,1,20,0.040000000000000036,0.0,-0.9000000000000057,0.3118600113293769,0.06957010687250804,1.54876294721441,1,0.12161658552454613
AWS_001,2020-01-20 11:50:00,3.73,1020.06,74.8,11,1,20,-0.040000000000000036,0.0,0.7000000000000028,0.2823236912948845,0.03999999712302647,1.5854547192096038,1,0.12548906553718925
AWS_001,2020-01-20 12:00:00,3.79,1020.07,75.0,12,1,20,0.06000000000000005,0.010000000000104592,0.20000000000000284,0.19201562436352312,0.02316606216561811,1.2139467313946088,1,0.1255125304284792
AWS_001,2020-01-20 12:10:00,3.63,1020.05,74.3,12,1,20,-0.16000000000000014,-0.020000000000095497,-0.7000000000000028,0.08863783992395992,0.02136975517445404,0.6022181221644527,1,0.12573385083585314
AWS_001,2020-01-20 12:20:00,3.61,1020.07,73.6,12,1,20,-0.020000000000000018,0.020000000000095497,-0.7000000000000028,0.07375635565644263,0.007527711211306224,0.564505683463889,1,0.12036356552654487
AWS_001,2020-01-20 12:30:00,3.67,1020.03,72.5,12,1,20,0.06000000000000005,-0.04000000000007731,-1.0999999999999943,0.07456540752734295,0.015055445398542712,0.9093954035490175,1,0.10381072970045946
AWS_001,2020-01-20 12:40:00,3.71,1020.05,70.3,12,1,20,0.040000000000000036,0.01999999999998181,-2.200000000000003,0.06693280212061803,0.015165743288890513,1.7769824609889393,1,0.0849152734174965
AWS_001,2020-01-20 12:50:00,3.89,1019.96,68.15,12,1,20,0.18000000000000016,-0.08999999999991815,-2.1499999999999915,0.10633281086469476,0.04119061102237109,2.6169479678934224,1,0.063417769512502
AWS_001,2020-01-20 13:00:00,3.99,1019.94,68.2,13,1,20,0.10000000000000009,-0.01999999999998181,0.04999999999999716,0.15440207252405452,0.05354125919967859,2.6895631615550566,1,0.11671053191069114
AWS_001,2020-01-20 13:10:00,3.8,1019.88,68.63,13,1,20,-0.1900000000000004,-0.06000000000005912,0.4299999999999926,0.1431665696536474,0.07359800565962697,2.346145775520643,1,0.11079945960596316
AWS_001,2020-01-20 13:20:00,3.87,1019.85,68.63,13,1,20,0.07000000000000028,-0.029999999999972715,0.0,0.11940128419073508,0.07935153708385027,1.709285425743591,1,0.13326664208994832
AWS_001,2020-01-20 13:30:00,3.88,1019.84,67.95,13,1,20,0.009999999999999787,-0.009999999999990905,-0.6799999999999926,0.09416297927742047,0.07974960671583438,0.8562164835244105,1,0.13164346518021958
AWS_001,2020-01-20 13:40:00,3.88,1019.82,67.67,13,1,20,0.0,-0.01999999999998181,-0.28000000000000114,0.060909769329195944,0.056715663079258516,0.37829882367240725,1,0.1286351292626493
AWS_001,2020-01-20 13:50:00,3.86,1019.72,67.79,13,1,20,-0.020000000000000018,-0.10000000000002274,0.12000000000000455,0.06164414002754354,0.07277820030107325,0.41548766527044184,1,0.11883909331082054
AWS_001,2020-01-20 14:00:00,3.77,1019.59,67.37,14,1,20,-0.08999999999999986,-0.12999999999999545,-0.4200000000000017,0.046761807775134626,0.10930080713267101,0.5188320216201449,1,0.10426754420927103
AWS_001,2020-01-20 14:10:00,4.06,1019.59,66.42,14,1,20,0.2899999999999996,0.0,-0.9500000000000028,0.09458682078599863,0.12144957708384364,0.7295043979704169,1,0.10113664997254529
AWS_001,2020-01-20 14:20:00,4.28,1019.57,66.59,14,1,20,0.22000000000000064,-0.01999999999998181,0.1700000000000017,0.18501351301929903,0.12221565546664744,0.6454275068959628,1,0.1276495211992557
AWS_001,2020-01-20 14:30:00,4.42,1019.5,66.17,14,1,20,0.13999999999999968,-0.07000000000005002,-0.4200000000000017,0.2581278752861665,0.1165189531445497,0.6932940693945985,1,0.11931362741708812
AWS_001,2020-01-20 14:40:00,4.86,1019.47,64.36,14,1,20,0.4400000000000004,-0.029999999999972715,-1.8100000000000023,0.40251293975030505,0.08733078748455217,1.192392552807447,1,0.05770315942918813
AWS_001,2020-01-20 14:50:00,4.52,1019.37,64.63,14,1,20,-0.34000000000000075,-0.10000000000002274,0.269999999999996,0.37769917482891424,0.08666025488521306,1.179960451310531,1,0.0928075141217512
AWS_001,2020-01-20 15:00:00,4.48,1019.3,64.82,15,1,20,-0.03999999999999915,-0.07000000000005002,0.18999999999999773,0.2663581548713189,0.11325487382035784,1.0002283072662201,1,0.12754172823912024
AWS_001,2020-01-20 15:10:00,4.4,1019.21,65.6,15,1,20,-0.08000000000000007,-0.08999999999991815,0.7800000000000011,0.19745041571609445,0.1347095633015054,0.9001203623163674,1,0.12106763609390853
AWS_001,2020-01-20 15:20:00,4.79,1019.14,65.07,15,1,20,0.3899999999999997,-0.07000000000005002,-0.5300000000000011,0.1970194575834229,0.14246636952561598,0.6696690724950387,1,0.09154263938356266
AWS_001,2020-01-20 15:30:00,4.6,1019.1,65.14,15,1,20,-0.1900000000000004,-0.03999999999996362,0.07000000000000739,0.18115371005438688,0.1415273817323213,0.4334358852889808,1,0.12908999475490823
AWS_001,2020-01-20 15:40:00,4.08,1019.1,67.03,15,1,20,-0.5199999999999996,0.0,1.8900000000000006,0.23600141242470823,0.1118332081605282,0.8718581688879025,1,0.07375718118151592
AWS_001,2020-01-20 15:50:00,3.89,1019.09,67.84,15,1,20,-0.18999999999999995,-0.009999999999990905,0.8100000000000023,0.3336864795979121,0.08310635624359544,1.2297750471760884,1,0.12499463504948011
AWS_001,2020-01-20 16:00:00,3.84,1019.06,67.67,16,1,20,-0.050000000000000266,-0.030000000000086402,-0.1700000000000017,0.390264867322743,0.05240864860510701,1.271179242537132,1,0.12362320155439999
AWS_001,2020-01-20 16:10:00,3.82,1019.01,66.79,16,1,20,-0.020000000000000018,-0.049999999999954525,-0.8799999999999955,0.42123627574054306,0.04412104315459732,1.2145287151775146,1,0.10314544007860649
AWS_001,2020-01-20 16:20:00,3.83,1018.98,67.13,16,1,20,0.010000000000000231,-0.029999999999972715,0.3399999999999892,0.30489342400213953,0.05085928085808682,0.964295943503672,1,0.1314769832096287
AWS_001,2020-01-20 16:30:00,3.84,1018.94,67.26,16,1,20,0.009999999999999787,-0.03999999999996362,0.13000000000000966,0.09933109617035255,0.06387487599272122,0.39772687444762395,1,0.13034451427277294
AWS_001,2020-01-20 16:40:00,3.75,1018.9,67.57,16,1,20,-0.08999999999999986,-0.04000000000007731,0.30999999999998806,0.04535048694775921,0.07174027077030884,0.38903298916407836,1,0.12675201076747167
AWS_001,2020-01-20 16:50:00,3.63,1018.89,68.74,16,1,20,-0.1200000000000001,-0.009999999999990905,1.1700000000000017,0.08312640976084744,0.06592925337541612,0.6731616942890027,1,0.10937649351260298
AWS_001,2020-01-20 17:00:00,3.56,1018.87,69.93,17,1,20,-0.06999999999999984,-0.01999999999998181,1.190000000000012,0.11754431788219603,0.054924188214819605,1.1974918232114624,1,0.10780326946569502
AWS_001,2020-01-20 17:10:00,3.52,1018.85,70.1,17,1,20,-0.040000000000000036,-0.01999999999998181,0.1699999999999875,0.13790093062190056,0.04764451473923892,1.3363944028586905,1,0.1320339213465434
AWS_001,2020-01-20 17:20:00,3.46,1018.86,70.2,17,1,20,-0.06000000000000005,0.009999999999990905,0.10000000000000853,0.1444529911991464,0.03271085118116855,1.315167923369129,1,0.12559788516644094
AWS_001,2020-01-20 17:30:00,3.45,1018.87,70.2,17,1,20,-0.009999999999999787,0.009999999999990905,0.0,0.11373946837564713,0.018618980955306112,1.0785298635918363,1,0.12561298253973546
AWS_001,2020-01-20 17:40:00,3.46,1018.94,69.91,17,1,20,0.009999999999999787,0.07000000000005002,-0.29000000000000625,0.07146094504252304,0.03224902766072127,0.5566926141594686,1,0.1198560192645709
AWS_001,2020-01-20 17:50:00,3.24,1018.94,70.9,17,1,20,-0.21999999999999975,0.0,0.9900000000000091,0.11070983093819914,0.040702167652609665,0.3624178067644595,1,0.1014506301935878
AWS_001,2020-01-20 18:00:00,3.02,1018.96,71.7,18,1,20,-0.2200000000000002,0.01999999999998181,0.7999999999999972,0.19166811593574082,0.0484424034439485,0.6764736999027994,1,0.11674327737966816
AWS_001,2020-01-20 18:10:00,3.12,1018.89,71.2,18,1,20,0.10000000000000009,-0.07000000000005002,-0.5,0.19374381710483202,0.04195235136048593,0.6946581893231039,1,0.11044929118636965
AWS_001,2020-01-20 18:20:00,3.2,1018.87,70.8,18,1,20,0.08000000000000007,-0.01999999999998181,-0.4000000000000057,0.1769086393208277,0.03970725942845668,0.6528016544048647,1,0.12238918247251224
AWS_001,2020-01-20 18:30:00,3.08,1018.85,71.4,18,1,20,-0.1200000000000001,-0.01999999999998181,0.6000000000000085,0.15577761927292744,0.04445971717590926,0.6207656562615897,1,0.12496277226566171
AWS_001,2020-01-20 18:40:00,2.89,1018.9,72.8,18,1,20,-0.18999999999999995,0.049999999999954525,1.3999999999999915,0.1268726395497966,0.04167333021787443,0.7312090444331972,1,0.1020387853877141
AWS_001,2020-01-20 18:50:00,2.69,1018.96,73.5,18,1,20,-0.20000000000000018,0.06000000000005912,0.7000000000000028,0.18406520583656696,0.04593473396829451,1.035374328440958,1,0.1155849384104417
AWS_001,2020-01-20 19:00:00,2.48,1019.05,73.9,19,1,20,-0.20999999999999996,0.08999999999991815,0.4000000000000057,0.2795711000794784,0.07375635419772261,1.3048627003104618,1,0.10732325357494182
AWS_001,2020-01-20 19:10:00,2.35,1019.09,75.0,19,1,20,-0.1299999999999999,0.04000000000007731,1.0999999999999943,0.33510694810210206,0.09852241598119409,1.577339532248947,1,0.1051836279492776
AWS_001,2020-01-20 19:20:00,2.15,1019.09,74.9,19,1,20,-0.20000000000000018,0.0,-0.09999999999999432,0.34691017088907783,0.10217631713671423,1.358553151946043,1,0.11385796292307832
AWS_001,2020-01-20 19:30:00,1.91,1019.06,75.4,19,1,20,-0.24,-0.030000000000086402,0.5,0.3563378546636207,0.07765307323709622,1.0094552986618108,1,0.11501002532571619
AWS_001,2020-01-20 19:40:00,1.74,1019.09,77.1,19,1,20,-0.16999999999999993,0.030000000000086402,1.6999999999999886,0.3568753283705498,0.05046450682824591,1.2675435561209125,1,0.09093687077935353
AWS_001,2020-01-20 19:50:00,1.59,1019.13,76.9,19,1,20,-0.1499999999999999,0.03999999999996362,-0.19999999999998863,0.3496093057489144,0.028106934773915484,1.2404300329579716,1,0.09238130069010025
AWS_001,2020-01-20 20:00:00,1.34,1019.09,77.2,20,1,20,-0.25,-0.03999999999996362,0.29999999999999716,0.36968455021304436,0.022286014649661904,1.0943795807052388,1,0.08780577409672186
AWS_001,2020-01-20 20:10:00,1.15,1019.05,78.7,20,1,20,-0.19000000000000017,-0.04000000000007731,1.5,0.36751417206170833,0.028106934773915484,1.3696714934605396,1,0.076410059445843
AWS_001,2020-01-20 20:20:00,1.06,1019.09,79.7,20,1,20,-0.08999999999999986,0.04000000000007731,1.0,0.3370904923006876,0.028106934773915484,1.5033296378369951,1,0.09096695887817274
AWS_001,2020-01-20 20:30:00,0.99,1019.03,80.2,20,1,20,-0.07000000000000006,-0.06000000000005912,0.5,0.30155707033026574,0.03521363063431591,1.4380542409797348,1,0.11583945109655114
AWS_001,2020-01-20 20:40:00,0.73,1019.02,79.5,20,1,20,-0.26,-0.009999999999990905,-0.7000000000000028,0.2964905844477321,0.0421505213404028,1.3696714934611676,1,0.09287250754921444
AWS_001,2020-01-20 20:50:00,0.47,1018.97,80.6,20,1,20,-0.26,-0.049999999999954525,1.0999999999999943,0.31123410267215423,0.04578937048719864,1.2221565638932503,1,0.08954760806135781
AWS_001,2020-01-20 21:00:00,0.33,1018.97,81.9,21,1,20,-0.13999999999999996,0.0,1.3000000000000114,0.33468891028255765,0.046654758062531075,1.0936178491600244,1,0.09457890992690837
AWS_001,2020-01-20 21:10:00,0.06,1018.98,84.3,21,1,20,-0.27,0.009999999999990905,2.3999999999999915,0.39031611120489207,0.04690415528884046,1.8129166187855676,1,0.05084695600339584
AWS_001,2020-01-20 21:20:00,-0.19,1018.99,86.4,21,1,20,-0.25,0.009999999999990905,2.1000000000000085,0.43138922873211727,0.02581988478368242,2.6823497162009327,1,0.03326787428681821
AWS_001,2020-01-20 21:30:00,-0.35,1018.91,87.1,21,1,20,-0.15999999999999998,-0.08000000000004093,0.6999999999999886,0.4101585059454507,0.03614784157466429,3.1221787264671788,1,0.0732181336018412
AWS_001,2020-01-20 21:40:00,-0.52,1018.8,86.9,21,1,20,-0.17000000000000004,-0.11000000000001364,-0.19999999999998863,0.38877585658841063,0.07257180203762556,2.761642023628685,1,0.06317541907795476
AWS_001,2020-01-20 21:50:00,-0.72,1018.83,86.6,21,1,20,-0.19999999999999996,0.030000000000086402,-0.30000000000001137,0.38415708592454034,0.08164965677383969,2.04613456709787,1,0.07399072199659207
AWS_001,2020-01-20 22:00:00,-0.93,1018.8,87.2,22,1,20,-0.21000000000000008,-0.030000000000086402,0.6000000000000085,0.3593002458474192,0.08734986997690844,1.079660440450405,1,0.09780449612471809
AWS_001,2020-01-20 22:10:00,-1.05,1018.77,88.2,22,1,20,-0.12,-0.029999999999972715,1.0,0.3342254727964332,0.08366600137109143,0.6314005596086597,1,0.10113975260246999
AWS_001,2020-01-20 22:20:00,-1.31,1018.81,87.9,22,1,20,-0.26,0.03999999999996362,-0.29999999999999716,0.35376074777451294,0.04816637609166474,0.6112828041703358,1,0.07731305849090031
AWS_001,2020-01-20 22:30:00,-1.46,1018.85,89.2,22,1,20,-0.1499999999999999,0.04000000000007731,1.2999999999999972,0.35323740836152395,0.027568093621591926,0.962635271883722,1,0.07059794237393735
AWS_001,2020-01-20 22:40:00,-1.55,1018.79,90.1,22,1,20,-0.09000000000000008,-0.06000000000005912,0.8999999999999915,0.32329553043505566,0.028577376587370914,1.2853015210480483,1,0.08351960792376756
AWS_001,2020-01-20 22:50:00,-1.68,1018.72,90.5,22,1,20,-0.1299999999999999,-0.06999999999993634,0.4000000000000057,0.292095874670064,0.04335896431162572,1.3003845585091225,1,0.09425478328184195
AWS_001,2020-01-20 23:00:00,-1.73,1018.71,91.3,23,1,20,-0.050000000000000044,-0.009999999999990905,0.7999999999999972,0.2529558591255093,0.05357237895001153,1.3366625103877947,1,0.09971556743227411
AWS_001,2020-01-20 23:10:00,-1.67,1018.67,91.9,23,1,20,0.06000000000000005,-0.04000000000007731,0.6000000000000085,0.15983324643488697,0.06882344406695544,1.4474114826164857,1,0.10183540164285448
AWS_001,2020-01-20 23:20:00,-1.58,1018.72,92.2,23,1,20,0.08999999999999986,0.05000000000006821,0.29999999999999716,0.09988326519448243,0.06501281760870795,1.1430952133034793,1,0.1022727828060897
AWS_001,2020-01-20 23:30:00,-1.46,1018.69,91.7,23,1,20,0.1200000000000001,-0.029999999999972715,-0.5,0.09988326519448243,0.040824826438683764,0.8256310717733925,1,0.10611816828327808
AWS_001,2020-01-20 23:40:00,-1.6,1018.64,90.8,23,1,20,-0.14000000000000012,-0.05000000000006821,-0.9000000000000057,0.09570788890809316,0.03188520744888195,0.6572670690146519,1,0.09445736553013218
AWS_001,2020-01-20 23:50:00,-1.72,1018.64,91.3,23,1,20,-0.11999999999999988,0.0,0.5,0.10191499725707684,0.034302572122557655,0.5006662228250423,1,0.10588424473864033
AWS_001,2020-01-21 00:00:00,-1.65,1018.54,91.5,0,1,21,0.07000000000000006,-0.10000000000002274,0.20000000000000284,0.09025888690822173,0.061967731827995406,0.4885352256264886,1,0.1012153977248672
AWS_001,2020-01-21 00:10:00,-1.53,1018.49,90.6,0,1,21,0.11999999999999988,-0.049999999999954525,-0.9000000000000057,0.09077444573913167,0.08831760746461216,0.5890670590103155,1,0.10398843234434613
AWS_001,2020-01-21 00:20:00,-1.84,1018.41,90.6,0,1,21,-0.31000000000000005,-0.08000000000004093,0.0,0.13589211406814378,0.10684880184437548,0.47923550231330947,1,0.10448406666481558
AWS_001,2020-01-21 00:30:00,-2.17,1018.27,91.0,0,1,21,-0.32999999999999985,-0.13999999999998636,0.4000000000000057,0.23077405977687127,0.14274686145919832,0.3723797345148963,1,0.07808599669383354
AWS_001,2020-01-21 00:40:00,-2.43,1018.17,91.3,0,1,21,-0.26000000000000023,-0.10000000000002274,0.29999999999999716,0.34310348293076265,0.17481418646886573,0.3834057902676891,1,0.0838316790540633
AWS_001,2020-01-21 00:50:00,-2.39,1018.15,91.8,0,1,21,0.040000000000000036,-0.01999999999998181,0.5,0.3833753600140168,0.16570053246280367,0.48853522562608503,1,0.10140458722953666
AWS_001,2020-01-21 01:00:00,-2.4,1018.11,91.9,1,1,21,-0.009999999999999787,-0.03999999999996362,0.10000000000000853,0.3677317863142456,0.153579511847577,0.5692099788399038,1,0.10830532520238334
AWS_001,2020-01-21 01:10:00,-2.5,1018.0,92.3,1,1,21,-0.10000000000000009,-0.11000000000001364,0.3999999999999915,0.2460420018327191,0.14081903207191257,0.6306081720671187,1,0.09701822047543252
AWS_001,2020-01-21 01:20:00,-2.7,1017.97,92.6,1,1,21,-0.20000000000000018,-0.029999999999972715,0.29999999999999716,0.17197868084689785,0.11178848984235953,0.5980523945927435,1,0.10408993688853613
AWS_001,2020-01-21 01:30:00,-2.8,1017.85,92.8,1,1,21,-0.09999999999999964,-0.12000000000000455,0.20000000000000284,0.1725881417300442,0.12367969300617201,0.5564770136118602,1,0.10128950744717208
AWS_001,2020-01-21 01:40:00,-3.1,1017.76,92.4,1,1,21,-0.30000000000000027,-0.09000000000003183,-0.3999999999999915,0.275711201560292,0.1492201945547315,0.3898717738075777,1,0.0807172338996539
AWS_001,2020-01-21 01:50:00,-3.31,1017.71,92.9,1,1,21,-0.20999999999999996,-0.049999999999954525,0.5,0.34930884137938223,0.15310127300967655,0.36560452223501316,1,0.08004453430130903
AWS_001,2020-01-21 02:00:00,-3.41,1017.6,93.4,2,1,21,-0.10000000000000009,-0.11000000000001364,0.5,0.36022215367620686,0.1547578747534841,0.39832984658309206,1,0.0878416941954811
AWS_001,2020-01-21 02:10:00,-3.57,1017.54,93.7,2,1,21,-0.1599999999999997,-0.06000000000005912,0.29999999999999716,0.345567166648939,0.15867156791880366,0.4926120853969245,1,0.0945535168702542
AWS_001,2020-01-21 02:20:00,-3.67,1017.46,94.2,2,1,21,-0.10000000000000009,-0.07999999999992724,0.5,0.31981244503473377,0.14583095167636165,0.6592925501469984,1,0.09909726838822158
AWS_001,2020-01-21 02:30:00,-3.64,1017.38,94.6,2,1,21,0.029999999999999805,-0.08000000000004093,0.3999999999999915,0.22027255843405041,0.1452928071210551,0.8140434058940466,1,0.10572479001541435
AWS_001,2020-01-21 02:40:00,-3.71,1017.32,94.6,2,1,21,-0.06999999999999984,-0.05999999999994543,0.0,0.15854547191812135,0.14427982003268627,0.6870225615023227,1,0.11590819176316874
AWS_001,2020-01-21 02:50:00,-3.76,1017.27,94.7,2,1,21,-0.04999999999999982,-0.05000000000006821,0.10000000000000853,0.12404300329213708,0.12812753985594488,0.5403702434567045,1,0.11698826150167208
AWS_001,2020-01-21 03:00:00,-3.63,1017.17,95.0,3,1,21,0.1299999999999999,-0.10000000000002274,0.29999999999999716,0.06623191576370023,0.13306639872780165,0.4546060565812394,1,0.09352375635850901
AWS_001,2020-01-21 03:10:00,-3.63,1017.01,94.9,3,1,21,0.0,-0.15999999999996817,-0.09999999999999432,0.05240865067647696,0.16017698483685078,0.2804757862641789,1,0.08892480201596609
AWS_001,2020-01-21 03:20:00,-3.72,1016.86,94.7,3,1,21,-0.0900000000000003,-0.14999999999997726,-0.20000000000000284,0.05564770135170234,0.19913981639186165,0.16431676729387878,1,0.08471291702756906
AWS_001,2020-01-21 03:30:00,-3.85,1016.72,94.6,3,1,21,-0.1299999999999999,-0.13999999999998636,-0.10000000000000853,0.08334666559452247,0.23743771072400208,0.16431676729387878,1,0.07652896227173822
AWS_001,2020-01-21 03:40:00,-4.0,1016.64,94.4,3,1,21,-0.1499999999999999,-0.08000000000004093,-0.19999999999998863,0.14209151979993104,0.24953957563579982,0.21369760569680935,1,0.09285845190125325
AWS_001,2020-01-21 03:50:00,-4.08,1016.52,94.6,3,1,21,-0.08000000000000007,-0.12000000000000455,0.19999999999998863,0.19135481876795302,0.24190907343451998,0.2190890230337171,1,0.09154164703886097
AWS_001,2020-01-21 04:00:00,-4.1,1016.43,94.5,4,1,21,-0.019999999999999574,-0.09000000000003183,-0.09999999999999432,0.1950042734549917,0.2149108337847487,0.17224014247690433,1,0.09626906156641879
AWS_001,2020-01-21 04:10:00,-4.16,1016.29,94.6,4,1,21,-0.0600000000000005,-0.13999999999998636,0.09999999999999432,0.16825575769950554,0.2057830568328051,0.10327955596544737,1,0.09099084965868409
AWS_001,2020-01-21 04:20:00,-4.13,1016.29,94.8,4,1,21,0.03000000000000025,0.0,0.20000000000000284,0.11343133017687573,0.17859637868823663,0.13291601363430416,1,0.11134072078236584
AWS_001,2020-01-21 04:30:00,-3.95,1016.29,95.0,4,1,21,0.17999999999999972,0.0,0.20000000000000284,0.0799999999939204,0.14737706678690438,0.21679483391867632,1,0.10378885498002144
AWS_001,2020-01-21 04:40:00,-4.11,1016.24,94.3,4,1,21,-0.16000000000000014,-0.049999999999954525,-0.7000000000000028,0.07305249253579454,0.1076413790424392,0.2422120283563136,1,0.1005307304374295
AWS_001,2020-01-21 04:50:00,-4.42,1016.17,94.2,4,1,21,-0.3099999999999996,-0.07000000000005002,-0.09999999999999432,0.15319921670498393,0.08526429391123727,0.30110906110646996,1,0.09688434806468221
AWS_001,2020-01-21 05:00:00,-4.35,1016.18,94.6,5,1,21,0.07000000000000028,0.009999999999990905,0.3999999999999915,0.17142539679313434,0.05645056672294497,0.299443929109332,1,0.11302966267924974
AWS_001,2020-01-21 05:10:00,-4.22,1016.18,94.7,5,1,21,0.1299999999999999,0.0,0.10000000000000853,0.1713086882375867,0.05612485917034959,0.30331501778478265,1,0.12083720417869392
AWS_001,2020-01-21 05:20:00,-4.18,1016.16,94.7,5,1,21,0.040000000000000036,-0.01999999999998181,0.0,0.16861198059157975,0.05085928119641131,0.292688685603723,1,0.12733313699732002
AWS_001,2020-01-21 05:30:00,-4.01,1016.01,94.8,5,1,21,0.16999999999999993,-0.14999999999997726,0.09999999999999432,0.15136049682468145,0.07711463210294642,0.24289915605810292,1,0.0955481145332866
AWS_001,2020-01-21 05:40:00,-4.32,1016.0,93.9,5,1,21,-0.3100000000000005,-0.009999999999990905,-0.8999999999999915,0.1464240417384089,0.08687155164294381,0.35449494591650027,1,0.09442837837383466
AWS_001,2020-01-21 05:50:00,-4.28,1015.92,94.4,5,1,21,0.040000000000000036,-0.08000000000004093,0.5,0.12323419438483817,0.11238327197004218,0.3311595788745559,1,0.1153198571089164
AWS_001,2020-01-21 06:00:00,-4.49,1015.84,93.8,6,1,21,-0.20999999999999996,-0.07999999999992724,-0.6000000000000085,0.15924823389605103,0.132727790933364,0.43550736696438674,1,0.10117863058037674
AWS_001,2020-01-21 06:10:00,-4.66,1015.86,93.8,6,1,21,-0.16999999999999993,0.01999999999998181,0.0,0.22879393931149383,0.11827932963980436,0.45898438609621467,1,0.11522242586401277
AWS_001,2020-01-21 06:20:00,-4.72,1015.91,94.0,6,1,21,-0.05999999999999961,0.049999999999954525,0.20000000000000284,0.2645499322730275,0.0700476015808268,0.402077936077094,1,0.12000007561107545
AWS_001,2020-01-21 06:30:00,-4.8,1015.87,94.2,6,1,21,-0.08000000000000007,-0.03999999999996362,0.20000000000000284,0.215754490101562,0.05761943960895429,0.24013884875198657,1,0.128064751907651
AWS_001,2020-01-21 06:40:00,-4.79,1015.8,94.4,6,1,21,0.009999999999999787,-0.07000000000005002,0.20000000000000284,0.20264912204508745,0.04457203706288243,0.2756809750659918,1,0.12126762408474073
AWS_001,2020-01-21 06:50:00,-4.81,1015.82,94.4,6,1,21,-0.019999999999999574,0.020000000000095497,0.0,0.12286849338067476,0.03898717508973397,0.2756809750659918,1,0.11971301978228799
AWS_001,2020-01-21 07:00:00,-4.96,1015.8,94.1,7,1,21,-0.15000000000000036,-0.020000000000095497,-0.30000000000001137,0.10119288512026627,0.04412104359860052,0.2345207880196953,1,0.11038569889295718
AWS_001,2020-01-21 07:10:00,-5.11,1015.79,94.0,7,1,21,-0.15000000000000036,-0.009999999999990905,-0.09999999999999432,0.14349216006094884,0.04792354837005727,0.18348478596350784,1,0.11531565612666989
AWS_001,2020-01-21 07:20:00,-5.01,1015.81,94.4,7,1,21,0.10000000000000053,0.01999999999998181,0.4000000000000057,0.13336666249711535,0.028809717491185088,0.17606816865483332,1,0.10359946492306882
AWS_001,2020-01-21 07:30:00,-4.95,1015.77,94.2,7,1,21,0.05999999999999961,-0.03999999999996362,-0.20000000000000284,0.12139467313526298,0.01722400908035449,0.17606816865483332,1,0.10891261798657909
AWS_001,2020-01-21 07:40:00,-5.01,1015.79,94.3,7,1,21,-0.05999999999999961,0.01999999999998181,0.09999999999999432,0.09874208828532817,0.01751189563757987,0.16329931622673216,1,0.10778383876512254
AWS_001,2020-01-21 07:50:00,-5.06,1015.76,93.9,7,1,21,-0.04999999999999982,-0.029999999999972715,-0.3999999999999915,0.06055300707322994,0.01861898195253207,0.18708286937444998,1,0.10404402222609227
AWS_001,2020-01-21 08:00:00,-5.11,1015.68,94.0,8,1,21,-0.05000000000000071,-0.08000000000004093,0.09999999999999432,0.06337717779775724,0.04589843667496608,0.19663841608401358,1,0.1079663812400315
AWS_001,2020-01-21 08:10:00,-5.19,1015.71,94.0,8,1,21,-0.08000000000000007,0.030000000000086402,0.0,0.08526429498295725,0.0492612067389399,0.19663841608401358,1,0.1108258038076192
AWS_001,2020-01-21 08:20:00,-5.15,1015.75,94.0,8,1,21,0.040000000000000036,0.03999999999996362,0.0,0.089535840117829,0.04082482687662529,0.15055453058599835,1,0.11011333485662406
AWS_001,2020-01-21 08:30:00,-5.08,1015.68,93.8,8,1,21,0.07000000000000028,-0.07000000000005002,-0.20000000000000284,0.06449806197814734,0.045350484999617066,0.16733200534638956,1,0.10403637993540543
AWS_001,2020-01-21 08:40:00,-5.15,1015.68,93.7,8,1,21,-0.07000000000000028,0.0,-0.09999999999999432,0.04885352255059639,0.03687817543307331,0.12649110645873854,1,0.10221653909277789
AWS_001,2020-01-21 08:50:00,-5.2,1015.66,93.7,8,1,21,-0.04999999999999982,-0.01999999999998181,0.0,0.045898438596532205,0.032041636820760826,0.15055453058541085,1,0.10924687659985355
AWS_001,2020-01-21 09:00:00,-5.12,1015.62,93.9,9,1,21,0.08000000000000007,-0.03999999999996362,0.20000000000000284,0.04445971958525493,0.04412104362184281,0.13784048756846565,1,0.10459879913390657
AWS_001,2020-01-21 09:10:00,-5.07,1015.55,93.7,9,1,21,0.04999999999999982,-0.07000000000005002,-0.20000000000000284,0.04875106835343387,0.06713171002307235,0.12649110645839476,1,0.0988317283974266
AWS_001,2020-01-21 09:20:00,-4.87,1015.53,93.9,9,1,21,0.20000000000000018,-0.01999999999998181,0.20000000000000284,0.11409060726284657,0.06603029474737725,0.09831920809140741,1,0.10705819003049227
AWS_001,2020-01-21 09:30:00,-4.46,1015.44,93.6,9,1,21,0.41000000000000014,-0.08999999999991815,-0.30000000000001137,0.278382231231833,0.09055385041475866,0.12247448719234064,1,0.07620560600603887
AWS_001,2020-01-21 09:40:00,-4.26,1015.39,92.7,9,1,21,0.20000000000000018,-0.05000000000006821,-0.8999999999999915,0.38522720568381386,0.1030372092606777,0.4490731195245972,1,0.10006409261558563
AWS_001,2020-01-21 09:50:00,-3.84,1015.42,92.1,9,1,21,0.41999999999999993,0.029999999999972715,-0.6000000000000085,0.5053579589416249,0.08886318975109475,0.7440878084469174,1,0.07494124352874687
AWS_001,2020-01-21 10:00:00,-3.49,1015.44,90.1,10,1,21,0.34999999999999964,0.020000000000095497,-2.0,0.60111285684609,0.06369196568732044,1.4400231479663181,1,0.05566539705312101
AWS_001,2020-01-21 10:10:00,-3.19,1015.42,88.5,10,1,21,0.30000000000000027,-0.020000000000095497,-1.5999999999999943,0.6286307872397707,0.04774934373082324,2.1132124045344125,1,0.04305806907517595
AWS_001,2020-01-21 10:20:00,-2.77,1015.47,87.1,10,1,21,0.41999999999999993,0.05000000000006821,-1.4000000000000057,0.6440315727242905,0.026832812503595507,2.550620839457948,1,0.018573108603766042
AWS_001,2020-01-21 10:30:00,-2.76,1015.53,87.1,10,1,21,0.010000000000000231,0.05999999999994543,0.0,0.598422927367493,0.04929502841728966,2.442130217660313,1,0.08122642559689985
AWS_001,2020-01-21 10:40:00,-2.5,1015.47,86.8,10,1,21,0.2599999999999998,-0.05999999999994543,-0.29999999999999716,0.5083076496235039,0.04167333071831428,2.1094233019181914,1,0.07691687327678626
AWS_001,2020-01-21 10:50:00,-2.21,1015.42,86.7,10,1,21,0.29000000000000004,-0.05000000000006821,-0.09999999999999432,0.46182247671494564,0.04167333071831428,1.33628839203022,1,0.10383165127602567
AWS_001,2020-01-21 11:00:00,-1.88,1015.41,85.9,11,1,21,0.33000000000000007,-0.009999999999990905,-0.7999999999999972,0.46240314301031193,0.045898436718735024,0.8495096624960484,1,0.09916084640683803
AWS_001,2020-01-21 11:10:00,-1.43,1015.4,84.7,11,1,21,0.44999999999999996,-0.009999999999990905,-1.2000000000000028,0.5298081413736854,0.04939635438572626,0.9347013783415767,1,0.0802963597820035
AWS_001,2020-01-21 11:20:00,-1.27,1015.39,83.9,11,1,21,0.15999999999999992,-0.009999999999990905,-0.7999999999999972,0.5905054332229801,0.05354125972967086,1.2895735729327527,1,0.10385722735957881
AWS_001,2020-01-21 11:30:00,-0.85,1015.35,84.0,11,1,21,0.42000000000000004,-0.03999999999996362,0.09999999999999432,0.6184173348146209,0.039327681012615356,1.309452811930541,1,0.07850271418843496
AWS_001,2020-01-21 11:40:00,-0.39,1015.3,82.3,11,1,21,0.45999999999999996,-0.05000000000006821,-1.7000000000000028,0.663940258356062,0.045350485049221186,1.5651411012021292,1,0.049866552919304974
AWS_001,2020-01-21 11:50:00,0.14,1015.23,80.8,11,1,21,0.53,-0.06999999999993634,-1.5,0.7361159328977647,0.07004760163357812,1.8044389709837132,1,0.029979441799011353
AWS_001,2020-01-21 12:00:00,0.56,1015.1,79.3,12,1,21,0.42000000000000004,-0.12999999999999545,-1.5,0.7894301742391868,0.11432409994670172,2.1080796948891396,1,0.02219438519100614
AWS_001,2020-01-21 12:10:00,0.63,1014.88,79.1,12,1,21,0.06999999999999995,-0.22000000000002728,-0.20000000000000284,0.7727267736179506,0.19051684045357783,2.1777664398805077,1,0.04427697729348379
AWS_001,2020-01-21 12:20:00,0.88,1014.78,78.5,12,1,21,0.25,-0.10000000000002274,-0.5999999999999943,0.6666758332698408,0.2323503098722601,2.136039949689399,1,0.07124567415880045
AWS_001,2020-01-21 12:30:00,1.3,1014.67,77.5,12,1,21,0.42000000000000004,-0.11000000000001364,-1.0,0.5872307893830151,0.25468935293647516,1.7139622710748987,1,0.05568014161339829
AWS_001,2020-01-21 12:40:00,1.92,1014.51,75.2,12,1,21,0.6199999999999999,-0.15999999999996817,-2.299999999999997,0.6271762112831054,0.2682846743682801,1.9036806454866928,1,0.031336108085283865
AWS_001,2020-01-21 12:50:00,2.45,1014.31,73.6,12,1,21,0.5300000000000002,-0.20000000000004547,-1.6000000000000085,0.7588412218636135,0.27838223093950437,2.31343899854734,1,0.012160612088909839
AWS_001,2020-01-21 13:00:00,2.9,1014.16,72.0,13,1,21,0.44999999999999973,-0.14999999999997726,-1.5999999999999943,0.8973070823299535,0.27838223094308084,2.8463426825780216,-1,-0.014026756453507816
AWS_001,2020-01-21 13:10:00,3.43,1014.02,70.7,13,1,21,0.5300000000000002,-0.13999999999998636,-1.2999999999999972,0.9673813450063002,0.29633876983390844,3.0642562991147417,-1,-0.008965566357251986
AWS_001,2020-01-21 13:20:00,3.57,1013.91,69.99,13,1,21,0.13999999999999968,-0.11000000000001364,-0.710000000000008,0.8825587799118924,0.2909066285056795,2.8508507502141573,1,0.025210150142386367
AWS_001,2020-01-21 13:30:00,3.9,1013.84,68.64,13,1,21,0.33000000000000007,-0.06999999999993634,-1.3499999999999943,0.7475136565082072,0.2538306518993458,2.418134956254957,1,0.0514640871645029
AWS_001,2020-01-21 13:40:00,4.31,1013.71,67.31,13,1,21,0.4099999999999997,-0.12999999999999545,-1.3299999999999983,0.6717340743674555,0.21885307060220813,2.267136225872006,1,0.04734150777679835
AWS_001,2020-01-21 13:50:00,4.7,1013.69,66.14,13,1,21,0.39000000000000057,-0.01999999999998181,-1.1700000000000017,0.6449625312111802,0.18170488852354877,2.1878756820243623,1,0.07075152212403946
AWS_001,2020-01-21 14:00:00,5.06,1013.64,65.05,14,1,21,0.35999999999999943,-0.05000000000006821,-1.0900000000000034,0.6438452194948421,0.14688998098744446,2.204226999802732,1,0.07343287422972355
AWS_001,2020-01-21 14:10:00,4.6,1013.41,66.24,14,1,21,-0.45999999999999996,-0.2300000000000182,1.1899999999999977,0.5479659356806562,0.1741263904442752,1.8183884806769937,1,0.05263021335576179
AWS_001,2020-01-21 14:20:00,4.55,1013.34,65.51,14,1,21,-0.04999999999999982,-0.06999999999993634,-0.7299999999999898,0.38982047149902643,0.19128512710189546,1.3048741957208807,1,0.11874262286078985
AWS_001,2020-01-21 14:30:00,4.87,1013.09,63.95,14,1,21,0.3200000000000003,-0.25,-1.5600000000000023,0.26118320517675486,0.24462215732027248,1.1487732587377457,1,0.057842153267000596
AWS_001,2020-01-21 14:40:00,5.2,1012.96,61.41,14,1,21,0.33000000000000007,-0.12999999999999545,-2.5400000000000063,0.26061465806770706,0.29084360033127044,1.8225659567370531,1,0.037770234768049415
AWS_001,2020-01-21 14:50:00,5.73,1012.85,59.68,14,1,21,0.5300000000000002,-0.11000000000001364,-1.7299999999999969,0.4372375403215375,0.2993826979895294,2.5688752402538615,1,0.011122008966953811
AWS_001,2020-01-21 15:00:00,5.81,1012.82,59.61,15,1,21,0.07999999999999918,-0.029999999999972715,-0.07000000000000028,0.5499333292922314,0.24959300175276278,2.9091625369950185,1,0.07786789733471156
AWS_001,2020-01-21 15:10:00,5.58,1012.85,60.3,15,1,21,-0.22999999999999954,0.029999999999972715,0.6899999999999977,0.5060039525535189,0.20067386441320836,2.451935290062634,1,0.0897146206385308
AWS_001,2020-01-21 15:20:00,5.5,1012.78,60.2,15,1,21,-0.08000000000000007,-0.07000000000005002,-0.09999999999999432,0.35391618593455554,0.11409060665297249,1.6464922309728152,1,0.12467170661540367
AWS_001,2020-01-21 15:30:00,5.75,1012.64,59.8,15,1,21,0.25,-0.13999999999998636,-0.4000000000000057,0.22527760652094989,0.10519822492535548,0.6702138961953085,1,0.10484057047260997
AWS_001,2020-01-21 15:40:00,5.91,1012.54,59.62,15,1,21,0.16000000000000014,-0.10000000000002274,-0.17999999999999972,0.1502886112334665,0.1280104157027345,0.3049207547102492,1,0.11701864126452488
AWS_001,2020-01-21 15:50:00,5.56,1012.46,60.85,15,1,21,-0.35000000000000053,-0.07999999999992724,1.230000000000004,0.1620802270476418,0.16005207442971847,0.4826869240545247,1,0.10901909879405641
AWS_001,2020-01-21 16:00:00,5.07,1012.41,62.17,16,1,21,-0.4899999999999993,-0.05000000000006821,1.3200000000000003,0.2837898283351113,0.17591664654083597,0.9279224105424354,1,0.09161958451994384
AWS_001,2020-01-21 16:10:00,5.04,1012.39,62.14,16,1,21,-0.03000000000000025,-0.01999999999998181,-0.030000000000001137,0.3538031467729829,0.1505545300919387,1.1337842240275666,1,0.13814311836308057
AWS_001,2020-01-21 16:20:00,4.68,1012.37,63.3,16,1,21,-0.3600000000000003,-0.01999999999998181,1.1599999999999966,0.4774410958430238,0.10381072455257966,1.4653554745024144,1,0.09895024777818062
AWS_001,2020-01-21 16:30:00,3.93,1012.23,65.17,16,1,21,-0.7499999999999996,-0.13999999999998636,1.8700000000000045,0.6913007063980409,0.10315037501811544,1.9242600309352413,1,0.03415645998445793
AWS_001,2020-01-21 16:40:00,3.46,1012.17,65.04,16,1,21,-0.4700000000000002,-0.06000000000005912,-0.12999999999999545,0.7858413750028681,0.11285684088201746,1.7283913522855885,1,0.07556571892329944
AWS_001,2020-01-21 16:50:00,3.32,1012.09,64.43,16,1,21,-0.14000000000000012,-0.07999999999992724,-0.6099999999999994,0.7839387731192426,0.13246383104331755,1.372842549841781,1,0.08182379256120442
AWS_001,2020-01-21 17:00:00,3.21,1012.02,64.54,17,1,21,-0.10999999999999988,-0.07000000000005002,0.10999999999999943,0.7622860355533737,0.14864947539604179,1.1672646086712284,1,0.09560805429976565
AWS_001,2020-01-21 17:10:00,2.8,1011.8,64.06,17,1,21,-0.41000000000000014,-0.22000000000002728,-0.480000000000004,0.6570743235481943,0.19500427312443436,0.6848844184653665,1,0.05943200641503199
AWS_001,2020-01-21 17:20:00,2.56,1011.83,65.3,17,1,21,-0.23999999999999977,0.030000000000086402,1.2399999999999949,0.4865250935627985,0.17659747036108922,0.48689492363024334,1,0.09526724192083891
AWS_001,2020-01-21 17:30:00,2.22,1011.83,67.3,17,1,21,-0.33999999999999986,0.0,2.0,0.4835872896037152,0.157437818006915,1.1599037316334337,1,0.08942614134974497
AWS_001,2020-01-21 17:40:00,2.07,1011.83,67.77,17,1,21,-0.15000000000000036,0.0,0.46999999999999886,0.5101633725251643,0.12263767721558333,1.584066496917824,1,0.12678774241743018
AWS_001,2020-01-21 17:50:00,1.73,1011.83,68.59,17,1,21,-0.33999999999999986,0.0,0.8200000000000074,0.5340193504604763,0.08091147347594002,1.8713952014450024,1,0.10324998777702626
AWS_001,2020-01-21 18:00:00,1.51,1011.84,69.64,18,1,21,-0.21999999999999997,0.009999999999990905,1.0499999999999972,0.48741836923346193,0.013662596401404676,2.0804614872647957,1,0.08378928851825829
AWS_001,2020-01-21 18:10:00,1.25,1011.73,70.3,18,1,21,-0.26,-0.11000000000001364,0.6599999999999966,0.48369411821886044,0.041832999819616606,1.7902848935275282,1,0.08618785470497736
AWS_001,2020-01-21 18:20:00,0.85,1011.7,72.1,18,1,21,-0.4,-0.029999999999972715,1.7999999999999972,0.5128645045228799,0.06153589636016199,1.7775788777605432,1,0.07803706626276563
AWS_001,2020-01-21 18:30:00,0.57,1011.64,73.5,18,1,21,-0.28,-0.06000000000005912,1.4000000000000057,0.5575661395740221,0.08376554507222873,2.1558725998215302,1,0.0772908674073911
AWS_001,2020-01-21 18:40:00,0.32,1011.58,73.9,18,1,21,-0.24999999999999994,-0.05999999999994543,0.4000000000000057,0.5507237662078169,0.10295630080331115,2.1601334835287482,1,0.09281191134607181
AWS_001,2020-01-21 18:50:00,-0.03,1011.49,77.3,18,1,21,-0.35,-0.09000000000003183,3.3999999999999915,0.5767408430130755,0.12209286032559429,2.781186797034048,1,0.03328245157568377
AWS_001,2020-01-21 19:00:00,-0.25,1011.55,78.2,19,1,21,-0.22,0.05999999999994543,0.9000000000000057,0.5570786898330227,0.09181503077620563,3.0268245186439637,1,0.065037979878937
AWS_001,2020-01-21 19:10:00,-0.55,1011.68,80.8,19,1,21,-0.30000000000000004,0.12999999999999545,2.5999999999999943,0.5249158662738764,0.08091147349546282,3.329664647778444,1,0.024472928544810535
AWS_001,2020-01-21 19:20:00,-0.61,1011.8,83.7,19,1,21,-0.05999999999999994,0.12000000000000455,2.9000000000000057,0.472204051937333,0.10930080760446191,3.9461373518923946,1,0.029721452785318903
AWS_001,2020-01-21 19:30:00,-0.67,1011.8,83.7,19,1,21,-0.06000000000000005,0.0,0.0,0.3886600914243957,0.1314534133295061,3.867815921162947,1,0.09593822326703122
AWS_001,2020-01-21 19:40:00,-0.89,1011.69,83.7,19,1,21,-0.21999999999999997,-0.10999999999989996,0.0,0.30951575080977295,0.12734467614475672,2.936437751199477,1,0.10171784201560558
AWS_001,2020-01-21 19:50:00,-0.71,1011.77,80.8,19,1,21,0.18000000000000005,0.07999999999992724,-2.9000000000000057,0.21219487898155184,0.09648834061768972,2.2710496838840526,1,0.06432695627337182
AWS_001,2020-01-21 20:00:00,-0.91,1011.69,80.1,20,1,21,-0.20000000000000007,-0.07999999999992724,-0.7000000000000028,0.14733182502768027,0.05776388613591498,1.735127276792712,1,0.10657268200298115
AWS_001,2020-01-21 20:10:00,-1.22,1011.68,79.5,20,1,21,-0.30999999999999994,-0.010000000000104592,-0.5999999999999943,0.22376326776151564,0.05776388613591498,1.9964134508337523,1,0.0936936146399242
AWS_001,2020-01-21 20:20:00,-1.67,1011.6,84.1,20,1,21,-0.44999999999999996,-0.07999999999992724,4.599999999999994,0.376744829647289,0.07120393159982369,2.0730814423630286,1,0.05601329110756992
AWS_001,2020-01-21 20:30:00,-1.67,1011.51,85.8,20,1,21,0.0,-0.09000000000003183,1.7000000000000028,0.4146524649220742,0.08981462321101505,2.544536631033285,1,0.07698084460201715
AWS_001,2020-01-21 20:40:00,-1.79,1011.63,87.2,20,1,21,-0.1200000000000001,0.12000000000000455,1.4000000000000057,0.45070685225092866,0.0886942306052546,3.229499445219128,1,0.06152829060156473
AWS_001,2020-01-21 20:50:00,-1.93,1011.52,87.9,20,1,21,-0.1399999999999999,-0.11000000000001364,0.7000000000000028,0.38659625795644326,0.07713624230217829,3.5805027579943105,1,0.07404932381951856
AWS_001,2020-01-21 21:00:00,-1.75,1011.48,87.7,21,1,21,0.17999999999999994,-0.03999999999996362,-0.20000000000000284,0.24119839689747954,0.07848566669727898,3.2072833779808807,1,0.09819999229689474
AWS_001,2020-01-21 21:10:00,-1.78,1011.42,85.5,21,1,21,-0.030000000000000027,-0.06000000000005912,-2.200000000000003,0.09628083921134169,0.07737355196771983,1.4854853303460045,1,0.10259610254497259
AWS_001,2020-01-21 21:20:00,-1.99,1011.28,86.3,21,1,21,-0.20999999999999996,-0.13999999999998636,0.7999999999999972,0.11906580813106167,0.116904518923531,1.0092901796180522,1,0.11286022657299882
AWS_001,2020-01-21 21:30:00,-2.35,1011.18,85.2,21,1,21,-0.3600000000000001,-0.10000000000002274,-1.0999999999999943,0.22560289596078786,0.1642457504637717,1.1413442367109794,1,0.10205672413736849
AWS_001,2020-01-21 21:40:00,-2.72,1011.05,88.0,21,1,21,-0.3700000000000001,-0.12999999999999545,2.799999999999997,0.3772885721379355,0.18421907215751307,1.261216344119223,1,0.0551893847656989
AWS_001,2020-01-21 21:50:00,-2.91,1010.89,89.3,21,1,21,-0.18999999999999995,-0.15999999999996817,1.2999999999999972,0.4909175083445313,0.22384518433026496,1.5974980438194428,1,0.05898176073860728
AWS_001,2020-01-21 22:00:00,-3.13,1010.73,90.5,22,1,21,-0.21999999999999975,-0.15999999999996817,1.2000000000000028,0.5314132102226904,0.25466972051924774,2.154684818407075,1,0.03443325430033661
AWS_001,2020-01-21 22:10:00,-3.34,1010.65,91.0,22,1,21,-0.20999999999999996,-0.08000000000004093,0.5,0.501198563444834,0.2500933156862013,2.3146634024571604,1,0.06334687291513796
AWS_001,2020-01-21 22:20:00,-3.41,1010.58,91.7,22,1,21,-0.07000000000000028,-0.06999999999993634,0.7000000000000028,0.4015802119948319,0.23568340321779502,2.391164291025437,1,0.0799311447022436
AWS_001,2020-01-21 22:30:00,-3.51,1010.35,91.7,22,1,21,-0.09999999999999964,-0.2300000000000182,0.0,0.3078311225317104,0.24432901291903697,1.4637850479752608,1,0.06769220873927384
AWS_001,2020-01-21 22:40:00,-3.67,1010.23,91.7,22,1,21,-0.16000000000000014,-0.12000000000000455,0.0,0.2723539363875391,0.24432901292242,0.9600347215993651,1,0.09337384365945589
AWS_001,2020-01-21 22:50:00,-3.81,1010.21,92.1,22,1,21,-0.14000000000000012,-0.01999999999998181,0.3999999999999915,0.24202616938210716,0.22400148784553975,0.5856620185824205,1,0.10906766266148205
AWS_001,2020-01-21 23:00:00,-3.8,1010.23,92.5,23,1,21,0.010000000000000231,0.01999999999998181,0.4000000000000057,0.2000999750102468,0.1936749851977534,0.49966655549169925,1,0.11636798294914058
AWS_001,2020-01-21 23:10:00,-3.68,1010.25,93.2,23,1,21,0.11999999999999966,0.01999999999998181,0.7000000000000028,0.15908069230979557,0.14204459355715127,0.6058052492431337,1,0.11427746258874316
AWS_001,2020-01-21 23:20:00,-3.43,1010.15,93.1,23,1,21,0.25,-0.10000000000002274,-0.10000000000000853,0.1532318504720769,0.06531972565513376,0.6645800679206106,1,0.10311122436683479
AWS_001,2020-01-21 23:30:00,-3.29,1009.98,93.1,23,1,21,0.14000000000000012,-0.16999999999995907,0.0,0.2094437076299174,0.10153816963937008,0.6210206652580292,1,0.10142997308726687
AWS_001,2020-01-21 23:40:00,-2.99,1009.9,92.5,23,1,21,0.2999999999999998,-0.08000000000004093,-0.5999999999999943,0.324838421371469,0.14560219742280586,0.4460941604761852,1,0.092522164393467
AWS_001,2020-01-21 23:50:00,-2.91,1009.93,91.1,23,1,21,0.08000000000000007,0.029999999999972715,-1.4000000000000057,0.35905431343895483,0.15552063066216215,0.7909909396936889,1,0.09729838331520796
AWS_001,2020-01-22 00:00:00,-3.06,1009.97,89.7,0,1,22,-0.1499999999999999,0.04000000000007731,-1.3999999999999915,0.29493502109073994,0.13841965140612028,1.4232591705930362,1,0.09017323805311439
AWS_001,2020-01-22 00:10:00,-3.24,1009.92,89.6,0,1,22,-0.18000000000000016,-0.05000000000006821,-0.10000000000000853,0.19866219234117174,0.09093953978348027,1.620390899343969,1,0.107443150423854
AWS_001,2020-01-22 00:20:00,-3.28,1009.82,89.9,0,1,22,-0.03999999999999959,-0.09999999999990905,0.30000000000001137,0.1631461512442221,0.05761944026684243,1.5184421841731015,1,0.10654182033005938
AWS_001,2020-01-22 00:30:00,-3.08,1009.86,90.0,0,1,22,0.19999999999999973,0.03999999999996362,0.09999999999999432,0.1427818849357481,0.053291649410543575,1.1325487480351641,1,0.10638814760910786
AWS_001,2020-01-22 00:40:00,-3.28,1009.7,89.5,0,1,22,-0.19999999999999973,-0.15999999999996817,-0.5,0.1497219645402825,0.09750213620199182,0.5853773711680897,1,0.10272389667196752
AWS_001,2020-01-22 00:50:00,-3.48,1009.55,90.0,0,1,22,-0.20000000000000018,-0.15000000000009095,0.5,0.15409953493049414,0.15474710519003831,0.2136976056850783,1,0.09130394761006366
AWS_001,2020-01-22 01:00:00,-3.55,1009.55,90.0,1,1,22,-0.06999999999999984,0.0,0.0,0.17069465916011697,0.1592063647141891,0.22509257356823517,1,0.12960748077024292
AWS_001,2020-01-22 01:10:00,-3.53,1009.5,90.9,1,1,22,0.020000000000000018,-0.049999999999954525,0.9000000000000057,0.18457157599637297,0.1529269975063622,0.45934736312409874,1,0.1092596684764296
AWS_001,2020-01-22 01:20:00,-3.62,1009.32,90.7,1,1,22,-0.0900000000000003,-0.17999999999994998,-0.20000000000000284,0.20382999451940498,0.18363006262749051,0.5192943930718156,1,0.10226805779914355
AWS_001,2020-01-22 01:30:00,-3.73,1009.04,91.3,1,1,22,-0.10999999999999988,-0.2800000000000864,0.5999999999999943,0.15065412926890714,0.23226421715106413,0.6752777206522593,1,0.05909142216786423
AWS_001,2020-01-22 01:40:00,-3.87,1008.92,90.1,1,1,22,-0.14000000000000012,-0.12000000000000455,-1.2000000000000028,0.1460136979844649,0.2743477110716714,0.5477225575137308,1,0.07772165172461881
AWS_001,2020-01-22 01:50:00,-4.38,1008.86,90.0,1,1,22,-0.5099999999999998,-0.05999999999994543,-0.09999999999999432,0.31987497557496924,0.2988254784511649,0.5477225575137308,1,0.05191739289400632
AWS_001,2020-01-22 02:00:00,-4.37,1008.94,91.5,2,1,22,0.009999999999999787,0.08000000000004093,1.5,0.37275550521185263,0.2559427017375475,0.6123724357036018,1,0.06675845654647594
AWS_001,2020-01-22 02:10:00,-4.37,1009.04,91.9,2,1,22,0.0,0.09999999999990905,0.4000000000000057,0.3558464088138772,0.1629723900141126,0.7756717518875808,1,0.10350288649062284
AWS_001,2020-01-22 02:20:00,-4.38,1009.05,92.3,2,1,22,-0.009999999999999787,0.009999999999990905,0.3999999999999915,0.3002443449354601,0.07943550785018928,0.9432214303526687,1,0.1217220256627104
AWS_001,2020-01-22 02:30:00,-4.43,1009.04,92.4,2,1,22,-0.04999999999999982,-0.009999999999990905,0.10000000000000853,0.21184900282759922,0.07943550785018928,1.0689558768614682,1,0.13660013371377344
AWS_001,2020-01-22 02:40:00,-4.69,1008.86,92.4,2,1,22,-0.2600000000000007,-0.17999999999994998,0.0,0.12612163440783933,0.09071934693069357,0.9268225288642272,1,0.09616138814141273
AWS_001,2020-01-22 02:50:00,-4.54,1008.78,93.2,2,1,22,0.15000000000000036,-0.08000000000004093,0.7999999999999972,0.1286338472786331,0.11250185142634533,0.5706721183633673,1,0.10799003474689783
AWS_001,2020-01-22 03:00:00,-4.31,1008.6,92.5,3,1,22,0.23000000000000043,-0.17999999999994998,-0.7000000000000028,0.13923601066427985,0.18305736780674847,0.4230839160388705,1,0.08910480355098693
AWS_001,2020-01-22 03:10:00,-4.35,1008.65,91.9,3,1,22,-0.040000000000000036,0.049999999999954525,-0.5999999999999943,0.1418449858085828,0.190368064309843,0.4230839160388705,1,0.11127077191802859
AWS_001,2020-01-22 03:20:00,-4.4,1008.62,91.2,3,1,22,-0.05000000000000071,-0.029999999999972715,-0.7000000000000028,0.14009520571990847,0.1709288348306203,0.6683312552000847,1,0.12704146694617718
AWS_001,2020-01-22 03:30:00,-4.58,1008.53,91.1,3,1,22,-0.17999999999999972,-0.09000000000003183,-0.10000000000000853,0.1482452922210402,0.12290918020028638,0.8117881497105632,1,0.12089732295297045
AWS_001,2020-01-22 03:40:00,-5.0,1008.46,91.3,3,1,22,-0.41999999999999993,-0.06999999999993634,0.20000000000000284,0.2534561105971427,0.10911767307931243,0.8406346808673982,1,0.10929637507632295
AWS_001,2020-01-22 03:50:00,-5.22,1008.41,92.3,3,1,22,-0.21999999999999975,-0.05000000000006821,1.0,0.37950845401082844,0.09523654714587775,0.6013872850974817,1,0.09699753868341643
AWS_001,2020-01-22 04:00:00,-5.36,1008.28,92.4,4,1,22,-0.14000000000000057,-0.12999999999999545,0.10000000000000853,0.4333320512790117,0.13819068919262426,0.5761944116444058,1,0.1014179090840513
AWS_001,2020-01-22 04:10:00,-5.56,1008.16,93.0,4,1,22,-0.1999999999999993,-0.12000000000000455,0.5999999999999943,0.4529017553498708,0.1675708802679749,0.7884584115075689,1,0.08746777518599064
AWS_001,2020-01-22 04:20:00,-5.64,1008.08,93.3,4,1,22,-0.08000000000000007,-0.07999999999992724,0.29999999999999716,0.39225841822151614,0.17697457420424315,0.884684501207792,1,0.12105591613201105
AWS_001,2020-01-22 04:30:00,-5.77,1008.03,93.4,4,1,22,-0.1299999999999999,-0.05000000000006821,0.10000000000000853,0.2864786204919396,0.17603030018255128,0.7884584115078838,1,0.12503238760196345
AWS_001,2020-01-22 04:40:00,-5.8,1007.85,93.6,4,1,22,-0.03000000000000025,-0.17999999999994998,0.19999999999998863,0.22964465303076792,0.19623964919657894,0.540370243454542,1,0.10887461727915404
AWS_001,2020-01-22 04:50:00,-5.7,1007.74,93.9,4,1,22,0.09999999999999964,-0.11000000000001364,0.30000000000001137,0.16179204759695665,0.19906447846033956,0.5202563470809081,1,0.11368633093682229
AWS_001,2020-01-22 05:00:00,-5.79,1007.73,93.6,5,1,22,-0.08999999999999986,-0.009999999999990905,-0.30000000000001137,0.09549869108497787,0.1832393696389596,0.30767948693097674,1,0.12567583616658878
AWS_001,2020-01-22 05:10:00,-6.09,1007.81,93.0,5,1,22,-0.2999999999999998,0.07999999999992724,-0.5999999999999943,0.15535979745611214,0.14841383556232193,0.30767948693097674,1,0.09762145729791488
AWS_001,2020-01-22 05:20:00,-6.06,1007.93,94.1,5,1,22,0.03000000000000025,0.12000000000000455,1.0999999999999943,0.16412393690622654,0.11565754011990183,0.3847076812484156,1,0.10632973375226734
AWS_001,2020-01-22 05:30:00,-5.69,1007.89,94.2,5,1,22,0.3699999999999992,-0.03999999999996362,0.10000000000000853,0.17649362594420598,0.08043630971257387,0.43665394384832346,1,0.10498483860341312
AWS_001,2020-01-22 05:40:00,-5.5,1007.98,94.0,5,1,22,0.1900000000000004,0.09000000000003183,-0.20000000000000284,0.22967368155480286,0.10289152825479114,0.44271887243675806,1,0.11710039747207374
AWS_001,2020-01-22 05:50:00,-5.47,1007.87,93.4,5,1,22,0.03000000000000025,-0.11000000000001364,-0.5999999999999943,0.26688324538195823,0.08863783947259017,0.46654760387154853,1,0.11299343918617533
AWS_001,2020-01-22 06:00:00,-5.55,1007.46,92.8,6,1,22,-0.08000000000000007,-0.40999999999996817,-0.6000000000000085,0.28033313515460406,0.18694027545407968,0.6013872850985429,1,0.07609652507523701
AWS_001,2020-01-22 06:10:00,-6.05,1007.44,92.5,6,1,22,-0.5,-0.01999999999998181,-0.29999999999999716,0.270259134903787,0.24441085611628857,0.7211102551007551,1,0.08842617319932938
AWS_001,2020-01-22 06:20:00,-6.04,1007.43,93.0,6,1,22,0.009999999999999787,-0.010000000000104592,0.5,0.2653048560912715,0.2602626876607317,0.6765106552583097,1,0.11490250146651604
AWS_001,2020-01-22 06:30:00,-6.14,1007.36,92.9,6,1,22,-0.09999999999999964,-0.06999999999993634,-0.09999999999999432,0.31517719883520223,0.26396969508384704,0.5291502622235239,1,0.1061236599867571
AWS_001,2020-01-22 06:40:00,-6.2,1007.25,92.9,6,1,22,-0.0600000000000005,-0.11000000000001364,0.0,0.31517719883518824,0.21122657643069356,0.29268868559918093,1,0.11536981382097855
AWS_001,2020-01-22 06:50:00,-6.44,1006.96,92.8,6,1,22,-0.2400000000000002,-0.2899999999999636,-0.10000000000000853,0.2933939331324298,0.1908577129493458,0.17224014246891248,1,0.054836453697985954
AWS_001,2020-01-22 07:00:00,-6.37,1006.54,93.2,7,1,22,0.07000000000000028,-0.42000000000007276,0.4000000000000057,0.16609234378975074,0.3531949413481116,0.23166067140917976,1,0.03950112516503268
AWS_001,2020-01-22 07:10:00,-6.29,1006.46,93.0,7,1,22,0.08000000000000007,-0.07999999999992724,-0.20000000000000284,0.148817561683995,0.41995237816798325,0.1366260102535469,1,0.08307315084750727
AWS_001,2020-01-22 07:20:00,-6.25,1006.4,92.7,7,1,22,0.040000000000000036,-0.06000000000005912,-0.29999999999999716,0.11016654058999467,0.4195434025192841,0.17224014246908795,1,0.07939765786072739
AWS_001,2020-01-22 07:30:00,-6.14,1006.48,92.9,7,1,22,0.11000000000000032,0.08000000000004093,0.20000000000000284,0.11016654058999467,0.34341908304435087,0.17224014246908795,1,0.08780974890975951
AWS_001,2020-01-22 07:40:00,-6.02,1006.39,92.2,7,1,22,0.1200000000000001,-0.09000000000003183,-0.7000000000000028,0.15302505241158817,0.21376778662973836,0.34058772733472875,1,0.11620177154804945
AWS_001,2020-01-22 07:50:00,-5.99,1006.27,92.1,7,1,22,0.02999999999999936,-0.12000000000000455,-0.10000000000000853,0.15253414917838906,0.09309493327682307,0.44459719598490144,1,0.12654947357909418
AWS_001,2020-01-22 08:00:00,-5.77,1006.38,91.6,8,1,22,0.22000000000000064,0.11000000000001364,-0.5,0.19200694431603954,0.07393690960614435,0.5419102016731979,1,0.11559806646486037
AWS_001,2020-01-22 08:10:00,-5.71,1006.19,90.8,8,1,22,0.05999999999999961,-0.18999999999994088,-0.7999999999999972,0.20842264751922565,0.10381072489196178,0.7661592523820419,1,0.11835580426224496
AWS_001,2020-01-22 08:20:00,-5.4,1006.32,90.8,8,1,22,0.3099999999999996,0.12999999999999545,0.0,0.26843372862887527,0.1014724918524245,0.8334666560079594,1,0.11249184218306607
AWS_001,2020-01-22 08:30:00,-4.84,1006.74,88.7,8,1,22,0.5600000000000005,0.4199999999999591,-2.0999999999999943,0.4436853239240815,0.1905168407313821,1.294089126249305,1,0.006814395823343866
AWS_001,2020-01-22 08:40:00,-4.43,1007.35,86.5,8,1,22,0.41000000000000014,0.6100000000000136,-2.200000000000003,0.604041941147829,0.43942765798312783,2.1046773307745217,-1,-0.03510267030429537
AWS_001,2020-01-22 08:50:00,-3.89,1007.7,84.7,8,1,22,0.5399999999999996,0.35000000000002274,-1.7999999999999972,0.7535692845821569,0.6152397905949296,2.7544509434747266,-1,-0.07727007547213693
AWS_001,2020-01-22 09:00:00,-3.85,1007.92,82.9,9,1,22,0.040000000000000036,0.2199999999999136,-1.7999999999999972,0.7720276333562729,0.7262139261919642,3.26067477679207,-1,-0.048874603061193844
AWS_001,2020-01-22 09:10:00,-4.07,1008.08,85.4,9,1,22,-0.2200000000000002,0.16000000000008185,2.5,0.6107263435170519,0.6947349614002426,2.8544701785108098,-1,-0.03539968645140246
AWS_001,2020-01-22 09:20:00,-3.71,1008.16,85.6,9,1,22,0.3600000000000003,0.07999999999992724,0.19999999999998863,0.4266341133403758,0.5362990458583183,1.9263090786978438,1,0.014375785455853163
AWS_001,2020-01-22 09:30:00,-3.68,1007.97,84.9,9,1,22,0.029999999999999805,-0.18999999999994088,-0.6999999999999886,0.27859767885921594,0.2965580324091241,1.2066482503226585,1,0.09379402322213876
AWS_001,2020-01-22 09:40:00,-2.95,1007.79,86.1,9,1,22,0.73,-0.18000000000006366,1.1999999999999886,0.3893798488182982,0.17281975172299227,1.1147495981938553,1,0.06386866476842779
AWS_001,2020-01-22 09:50:00,-1.75,1007.85,83.1,9,1,22,1.2000000000000002,0.06000000000005912,-3.0,0.8631975440182393,0.13934369948200181,1.3485794995747313,-1,-0.013658062931515613
AWS_001,2020-01-22 10:00:00,-1.15,1007.95,80.9,10,1,22,0.6000000000000001,0.10000000000002274,-2.1999999999999886,1.18486708115263,0.13808210088666695,1.9745041571678361,-1,-0.0014326567975752047
AWS_001,2020-01-22 10:10:00,-1.73,1007.93,82.8,10,1,22,-0.5800000000000001,-0.020000000000095497,1.8999999999999915,1.0987947943083738,0.12655696972328365,1.9788885769558082,1,0.00903267165727828
AWS_001,2020-01-22 10:20:00,-1.65,1007.94,83.5,10,1,22,0.08000000000000007,0.010000000000104592,0.7000000000000028,0.9557492697699921,0.0697853847109992,1.7952715672025814,1,0.054485725480080016
AWS_001,2020-01-22 10:30:00,-1.59,1007.92,83.0,10,1,22,0.05999999999999983,-0.020000000000095497,-0.5,0.6031473009687582,0.0631400553216076,1.6729215960924506,1,0.12101393730739674
AWS_001,2020-01-22 10:40:00,-1.36,1007.78,83.0,10,1,22,0.22999999999999998,-0.13999999999998636,0.0,0.23634015034673375,0.06655824456343827,0.919601362913439,1,0.12957124163828215
AWS_001,2020-01-22 10:50:00,-1.43,1007.75,84.2,10,1,22,-0.06999999999999984,-0.029999999999972715,1.2000000000000028,0.21407942451168416,0.08886319027702838,1.1027239001697944,1,0.14590096477925918
AWS_001,2020-01-22 11:00:00,-1.17,1007.71,83.6,11,1,22,0.26,-0.03999999999996362,-0.6000000000000085,0.20788618680884088,0.10303720971876447,0.5205766033984901,1,0.13976405320369772
AWS_001,2020-01-22 11:10:00,-1.05,1007.69,82.8,11,1,22,0.11999999999999988,-0.01999999999998181,-0.7999999999999972,0.23355941428095287,0.10684880245959316,0.5205766033984901,1,0.15934434750397036
AWS_001,2020-01-22 11:20:00,-0.85,1007.66,82.9,11,1,22,0.20000000000000007,-0.030000000000086402,0.10000000000000853,0.27058578430127855,0.09282600167805628,0.5431390245654044,1,0.16128898409681114
AWS_001,2020-01-22 11:30:00,-0.74,1007.81,82.7,11,1,22,0.10999999999999999,0.14999999999997726,-0.20000000000000284,0.2742261840147318,0.05680375504951727,0.5830951894895317,1,0.14144025532500953
AWS_001,2020-01-22 11:40:00,-0.34,1007.66,81.7,11,1,22,0.39999999999999997,-0.14999999999997726,-1.0,0.37751821148031217,0.058195073571002474,0.8518607084919395,1,0.09823961402048187
AWS_001,2020-01-22 11:50:00,-0.17,1007.64,80.7,11,1,22,0.17,-0.01999999999998181,-1.0,0.3938527643667221,0.061562975248604115,1.0315037566608347,1,0.13953262166293373
AWS_001,2020-01-22 12:00:00,0.03,1007.46,80.4,12,1,22,0.2,-0.17999999999994998,-0.29999999999999716,0.4232257081030441,0.11272385101903698,1.1111555546690126,1,0.11663337583160666
AWS_001,2020-01-22 12:10:00,0.33,1007.38,79.9,12,1,22,0.30000000000000004,-0.08000000000004093,-0.5,0.45161930870960293,0.1554884773515752,1.2464616587250261,1,0.1300905477182167
AWS_001,2020-01-22 12:20:00,0.52,1007.26,79.6,12,1,22,0.19,-0.12000000000000455,-0.30000000000001137,0.4581448097119759,0.2037400302423785,1.16904519445197,1,0.12464375959514312
AWS_001,2020-01-22 12:30:00,0.68,1007.1,78.4,12,1,22,0.16000000000000003,-0.15999999999996817,-1.1999999999999886,0.40083662507232665,0.21777664381455764,1.1125046816399646,1,0.11936409326806835
AWS_001,2020-01-22 12:40:00,0.7,1007.03,78.7,12,1,22,0.019999999999999907,-0.07000000000005002,0.29999999999999716,0.35594475226648875,0.22859717100677168,0.9152413160858462,1,0.15747426797404995
AWS_001,2020-01-22 12:50:00,0.86,1006.97,78.3,12,1,22,0.16000000000000003,-0.05999999999994543,-0.4000000000000057,0.29993332592327526,0.1976866205054558,0.8704405015107751,1,0.15793156905169536
AWS_001,2020-01-22 13:00:00,1.03,1006.88,78.2,13,1,22,0.17000000000000004,-0.09000000000003183,-0.09999999999999432,0.24622482950766014,0.18661904135053403,0.7231873892729765,1,0.1508841292696455
AWS_001,2020-01-22 13:10:00,1.54,1006.92,77.0,13,1,22,0.51,0.03999999999996362,-1.2000000000000028,0.3633409785120456,0.1385159434701737,0.8406346808631383,1,0.10769136448260119
AWS_001,2020-01-22 13:20:00,1.49,1006.86,76.9,13,1,22,-0.050000000000000044,-0.05999999999994543,-0.09999999999999432,0.3819947643612877,0.0923038456917931,0.7678975626147228,1,0.16128771864919178
AWS_001,2020-01-22 13:30:00,1.68,1006.68,77.8,13,1,22,0.18999999999999995,-0.18000000000006366,0.8999999999999915,0.40569282303993787,0.11999999970943012,0.7305249254266263,1,0.12420620142003497
AWS_001,2020-01-22 13:40:00,1.9,1006.58,77.4,13,1,22,0.21999999999999997,-0.09999999999990905,-0.3999999999999915,0.3957103317657105,0.15149257384793785,0.596657355609397,1,0.1345567306268744
AWS_001,2020-01-22 13:50:00,1.94,1006.58,78.0,13,1,22,0.040000000000000036,0.0,0.5999999999999943,0.33242543023382193,0.15530614904685078,0.5357238094417444,1,0.1719189669347585
AWS_001,2020-01-22 14:00:00,1.92,1006.35,78.6,14,1,22,-0.020000000000000018,-0.2300000000000182,0.5999999999999943,0.20196534356043772,0.2082706570771792,0.6462713568381867,1,0.13418809662329378
AWS_001,2020-01-22 14:10:00,1.92,1006.2,79.0,14,1,22,0.0,-0.14999999999997726,0.4000000000000057,0.18356651836911023,0.23532247364121486,0.7687652437532343,1,0.15144523336260257
AWS_001,2020-01-22 14:20:00,2.17,1006.21,78.7,14,1,22,0.25,0.009999999999990905,-0.29999999999999716,0.15548847759935494,0.2074287024540217,0.6123724356983475,1,0.14741601904745266
AWS_001,2020-01-22 14:30:00,2.29,1006.21,78.3,14,1,22,0.1200000000000001,0.0,-0.4000000000000057,0.16500505042625957,0.18294807989130854,0.5715476066521802,1,0.1686097113360786
AWS_001,2020-01-22 14:40:00,2.33,1006.28,79.2,14,1,22,0.040000000000000036,0.06999999999993634,0.9000000000000057,0.19191143790694434,0.14652644790764394,0.44121045621108645,1,0.16039064055390923
AWS_001,2020-01-22 14:50:00,2.23,1006.26,81.0,14,1,22,-0.10000000000000009,-0.01999999999998181,1.7999999999999972,0.18129166187715612,0.05776388667359077,0.9667816023643913,1,0.13757765109032838
AWS_001,2020-01-22 15:00:00,2.12,1006.31,82.8,15,1,22,-0.10999999999999988,0.049999999999954525,1.7999999999999972,0.14719601443715616,0.04505552060555601,1.7258814173258314,1,0.11966169752860567
AWS_001,2020-01-22 15:10:00,2.02,1006.35,84.3,15,1,22,-0.10000000000000009,0.04000000000007731,1.5,0.11430952132777332,0.05549774713254547,2.4276875142141066,1,0.12039550050113035
AWS_001,2020-01-22 15:20:00,1.91,1006.32,85.4,15,1,22,-0.1100000000000001,-0.029999999999972715,1.1000000000000085,0.16358484037194554,0.04956477179683009,2.8232369129549926,1,0.12362103588671919
AWS_001,2020-01-22 15:30:00,1.74,1006.3,87.1,15,1,22,-0.16999999999999993,-0.020000000000095497,1.6999999999999886,0.21535242433317311,0.031411249626900034,2.9051678092677693,1,0.10083304781005326
AWS_001,2020-01-22 15:40:00,1.67,1006.38,88.2,15,1,22,-0.07000000000000006,0.08000000000004093,1.1000000000000085,0.2173859854410289,0.04147288193856525,2.679552201396063,1,0.11577408232575293
AWS_001,2020-01-22 15:50:00,1.73,1006.48,88.8,15,1,22,0.06000000000000005,0.10000000000002274,0.5999999999999943,0.18052700628851806,0.06713171085701411,2.3375200533914446,1,0.13051415300806257
AWS_001,2020-01-22 16:00:00,1.71,1006.51,89.6,16,1,22,-0.020000000000000018,0.029999999999972715,0.7999999999999972,0.1370644617184061,0.08625543423798517,2.0480885397546578,1,0.14240227952160167
AWS_001,2020-01-22 16:10:00,1.66,1006.52,90.7,16,1,22,-0.050000000000000044,0.009999999999990905,1.1000000000000085,0.0907009738985868,0.0976558580012755,1.874033084021792,1,0.13306147215472863
AWS_001,2020-01-22 16:20:00,1.54,1006.57,91.5,16,1,22,-0.11999999999999988,0.05000000000006821,0.7999999999999972,0.07341661936837629,0.1005982103960499,1.6240894885059136,1,0.13847035688230336
AWS_001,2020-01-22 16:30:00,1.46,1006.59,92.5,16,1,22,-0.08000000000000007,0.01999999999998181,1.0,0.10571975532578747,0.07467708216763526,1.6461065174149039,1,0.13401899015937668
AWS_001,2020-01-22 16:40:00,1.39,1006.69,93.1,16,1,22,-0.07000000000000006,0.10000000000002274,0.5999999999999943,0.13991664184842714,0.0753657742870798,1.660923437933311,1,0.1404356236532212
AWS_001,2020-01-22 16:50:00,1.45,1006.77,93.9,16,1,22,0.06000000000000005,0.07999999999992724,0.8000000000000114,0.1266096362820422,0.10206207228971363,1.593005545086587,1,0.14194841129311392
AWS_001,2020-01-22 17:00:00,1.48,1006.7,94.0,17,1,22,0.030000000000000027,-0.06999999999993634,0.09999999999999432,0.09352361555315813,0.09465727617613508,1.321236794324523,1,0.1504648945943594
AWS_001,2020-01-22 17:10:00,1.44,1006.73,94.4,17,1,22,-0.040000000000000036,0.029999999999972715,0.4000000000000057,0.04939635613550476,0.07893034861657638,1.0911767348496881,1,0.1460601884851273
AWS_001,2020-01-22 17:20:00,1.4,1006.86,94.6,17,1,22,-0.040000000000000036,0.12999999999999545,0.19999999999998863,0.0350238014231837,0.08981462352488825,0.8018728078759019,1,0.13350707235622394
AWS_001,2020-01-22 17:30:00,1.35,1006.91,95.0,17,1,22,-0.04999999999999982,0.049999999999954525,0.4000000000000057,0.047081489633711456,0.08981462352185035,0.6592925501457139,1,0.1391773726258721
AWS_001,2020-01-22 17:40:00,1.42,1007.02,95.2,17,1,22,0.06999999999999984,0.11000000000001364,0.20000000000000284,0.0450185147037265,0.12155931308546704,0.5231315959467542,1,0.137411726865937
AWS_001,2020-01-22 17:50:00,1.4,1007.19,95.2,17,1,22,-0.020000000000000018,0.17000000000007276,0.0,0.04370354676067347,0.18389308469083623,0.4844240566671905,1,0.12724299643222947
AWS_001,2020-01-22 18:00:00,1.38,1007.34,95.2,18,1,22,-0.020000000000000018,0.14999999999997726,0.0,0.0312516666136037,0.22462561429197864,0.35023801432452367,1,0.12891776292960694
AWS_001,2020-01-22 18:10:00,1.4,1007.44,95.3,18,1,22,0.020000000000000018,0.10000000000002274,0.09999999999999432,0.024013884861207858,0.23542868685625515,0.25625508127265,1,0.12859562227367743
AWS_001,2020-01-22 18:20:00,1.35,1007.62,95.3,18,1,22,-0.04999999999999982,0.17999999999994998,0.0,0.028751811527741034,0.26575678089859206,0.1095445115532337,1,0.10411345648733072
AWS_001,2020-01-22 18:30:00,1.42,1007.65,95.6,18,1,22,0.06999999999999984,0.029999999999972715,0.29999999999999716,0.026645825178832842,0.24549270170890064,0.1549193338853478,1,0.1160346409526199
AWS_001,2020-01-22 18:40:00,1.41,1007.71,95.5,18,1,22,-0.010000000000000009,0.06000000000005912,-0.09999999999999432,0.025033311129921836,0.2029203454342842,0.1643167672865488,1,0.1257797276898479
AWS_001,2020-01-22 18:50:00,1.3,1007.8,95.6,18,1,22,-0.10999999999999988,0.08999999999991815,0.09999999999999432,0.04501851470368896,0.1720077515408724,0.17224014247032254,1,0.12633250792922007
AWS_001,2020-01-22 19:00:00,1.31,1007.89,95.9,19,1,22,0.010000000000000009,0.09000000000003183,0.30000000000001137,0.052440442403346964,0.15578831767030965,0.2250925735741843,1,0.13692660039322535
AWS_001,2020-01-22 19:10:00,1.35,1007.93,96.1,19,1,22,0.040000000000000036,0.03999999999996362,0.19999999999998863,0.04966554808038284,0.12754084282446096,0.28751811539155125,1,0.13824289998526373
AWS_001,2020-01-22 19:20:00,1.55,1007.94,96.3,19,1,22,0.19999999999999996,0.010000000000104592,0.20000000000000284,0.09273618495204851,0.1206648247053,0.3204163957702312,1,0.13119631512132046
AWS_001,2020-01-22 19:30:00,1.59,1008.02,95.9,19,1,22,0.040000000000000036,0.07999999999992724,-0.3999999999999915,0.12432484331833783,0.11052903051773179,0.29944392910594775,1,0.1453221349921648
AWS_001,2020-01-22 19:40:00,1.42,1008.16,95.5,19,1,22,-0.17000000000000015,0.13999999999998636,-0.4000000000000057,0.12425779653391052,0.12274635060323133,0.29944392910594775,1,0.12846362186763494
AWS_001,2020-01-22 19:50:00,1.5,1008.23,95.5,19,1,22,0.08000000000000007,0.07000000000005002,0.0,0.1118332091381257,0.13761056131581534,0.3204163957702532,1,0.14260987247099094
AWS_001,2020-01-22 20:00:00,1.61,1008.31,95.3,20,1,22,0.1100000000000001,0.07999999999992724,-0.20000000000000284,0.10152175464468374,0.1584192746635079,0.39327683211493014,1,0.13655029826811133
AWS_001,2020-01-22 20:10:00,1.71,1008.34,94.6,20,1,22,0.09999999999999987,0.030000000000086402,-0.7000000000000028,0.09912954487003198,0.15970806674743518,0.5741660619352612,1,0.14177701727553638
AWS_001,2020-01-22 20:20:00,1.65,1008.3,94.1,20,1,22,-0.06000000000000005,-0.04000000000007731,-0.5,0.10469001862390807,0.12027745667245182,0.6685805860264086,1,0.15363875963237333
AWS_001,2020-01-22 20:30:00,1.71,1008.36,93.9,20,1,22,0.06000000000000005,0.06000000000005912,-0.19999999999998863,0.11764352935659343,0.0750111097306305,0.7167054253163754,1,0.15571902404577248
AWS_001,2020-01-22 20:40:00,1.74,1008.37,93.7,20,1,22,0.030000000000000027,0.009999999999990905,-0.20000000000000284,0.08869423130139958,0.05115336335637416,0.7494442385379928,1,0.15465225273725086
AWS_001,2020-01-22 20:50:00,1.57,1008.41,93.8,20,1,22,-0.16999999999999993,0.03999999999996362,0.09999999999999432,0.06625707508998825,0.04070216925877352,0.6121002096696807,1,0.14035263291876116
AWS_001,2020-01-22 21:00:00,1.5,1008.45,94.2,21,1,22,-0.07000000000000006,0.04000000000007731,0.4000000000000057,0.09395034149030909,0.05269408488755536,0.327108544692617,1,0.14372941048061916
AWS_001,2020-01-22 21:10:00,1.48,1008.43,94.5,21,1,22,-0.020000000000000018,-0.020000000000095497,0.29999999999999716,0.1087044923917266,0.05465040331036064,0.29439202889613403,1,0.1534790479850362
AWS_001,2020-01-22 21:20:00,1.51,1008.4,94.6,21,1,22,0.030000000000000027,-0.029999999999972715,0.09999999999999432,0.11291589790403567,0.03444802725579708,0.3763863263690869,1,0.15298035412581057
AWS_001,2020-01-22 21:30:00,1.58,1008.48,94.6,21,1,22,0.07000000000000006,0.08000000000004093,0.0,0.09521904571113768,0.03881580324579189,0.403319559007082,1,0.14039075806040152
AWS_001,2020-01-22 21:40:00,1.53,1008.48,94.2,21,1,22,-0.050000000000000044,0.0,-0.3999999999999915,0.03970726213348436,0.03430257397680064,0.31251666623990554,1,0.13981107963775724
AWS_001,2020-01-22 21:50:00,1.46,1008.52,94.4,21,1,22,-0.07000000000000006,0.03999999999996362,0.20000000000000284,0.04195235392048072,0.042426405864555615,0.18348478595717158,1,0.13683361851453973
AWS_001,2020-01-22 22:00:00,1.47,1008.54,94.5,22,1,22,0.010000000000000009,0.01999999999998181,0.09999999999999432,0.045055521298381605,0.052820449775008334,0.15055453057869472,1,0.13808479427035397
AWS_001,2020-01-22 22:10:00,1.4,1008.55,94.5,22,1,22,-0.07000000000000006,0.009999999999990905,0.0,0.06242328624908047,0.05504543499905364,0.15055453057869472,1,0.14004927642881804
AWS_001,2020-01-22 22:20:00,1.4,1008.6,94.5,22,1,22,0.0,0.05000000000006821,0.0,0.0714609450408636,0.04578937191723445,0.13784048756115722,1,0.13912723571852426
AWS_001,2020-01-22 22:30:00,1.4,1008.68,94.0,22,1,22,0.0,0.07999999999992724,-0.5,0.05316640542796898,0.0699761858080838,0.20736441355993418,1,0.13384314575515066
AWS_001,2020-01-22 22:40:00,1.3,1008.74,93.8,22,1,22,-0.09999999999999987,0.06000000000005912,-0.20000000000000284,0.06058052491900132,0.08757853568745569,0.3060501048483615,1,0.13261610000099877
AWS_001,2020-01-22 22:50:00,1.37,1008.78,93.9,22,1,22,0.07000000000000006,0.03999999999996362,0.10000000000000853,0.055136195003469946,0.10048217045524009,0.3346640106300474,1,0.14514710802620884
AWS_001,2020-01-22 23:00:00,1.35,1008.79,93.6,23,1,22,-0.020000000000000018,0.009999999999990905,-0.30000000000001137,0.03999999999324038,0.09838699056440985,0.3728270376607978,1,0.14144858731616655
AWS_001,2020-01-22 23:10:00,1.45,1008.79,93.8,23,1,22,0.09999999999999987,0.0,0.20000000000000284,0.051153364172129435,0.0764198921219498,0.30767948693005964,1,0.1442731022318765
AWS_001,2020-01-22 23:20:00,1.36,1008.88,93.6,23,1,22,-0.08999999999999986,0.09000000000003183,-0.20000000000000284,0.05036533198665544,0.06592925434246852,0.1602081979097327,1,0.12375092080550759
AWS_001,2020-01-22 23:30:00,1.37,1008.9,94.0,23,1,22,0.010000000000000009,0.01999999999998181,0.4000000000000057,0.04844240565997585,0.06250333253359282,0.1602081979097327,1,0.1335731976378598
AWS_001,2020-01-22 23:40:00,1.3,1008.91,94.1,23,1,22,-0.07000000000000006,0.009999999999990905,0.09999999999999432,0.04844240565997585,0.06112827968736521,0.20655911182396325,1,0.13300882099282685
AWS_001,2020-01-22 23:50:00,1.38,1008.91,94.6,23,1,22,0.07999999999999985,0.0,0.5,0.048751068358814244,0.05785038096099616,0.37815340803817105,1,0.13120214208472064
AWS_001,2020-01-23 00:00:00,1.3,1008.91,94.1,0,1,23,-0.07999999999999985,0.0,-0.5,0.05621387728540449,0.04718756803590462,0.33862466932812624,1,0.12209005057722938
AWS_001,2020-01-23 00:10:00,1.21,1008.87,94.5,0,1,23,-0.09000000000000008,-0.03999999999996362,0.4000000000000057,0.0641872261392845,0.017511898155645834,0.36193922143222174,1,0.11184259605899038
AWS_001,2020-01-23 00:20:00,1.44,1008.97,94.7,0,1,23,0.22999999999999998,0.10000000000002274,0.20000000000000284,0.08041558720872012,0.032506408243175994,0.3011090611019536,1,0.09711164539158568
AWS_001,2020-01-23 00:30:00,1.26,1008.94,94.1,0,1,23,-0.17999999999999994,-0.029999999999972715,-0.6000000000000085,0.08288546313712242,0.03371448615668259,0.28106938647074386,1,0.11041079724866038
AWS_001,2020-01-23 00:40:00,1.3,1009.07,94.5,0,1,23,0.040000000000000036,0.12999999999999545,0.4000000000000057,0.08288546313712242,0.06978538464387461,0.25625508127202534,1,0.11132095036212664
AWS_001,2020-01-23 00:50:00,1.26,1008.96,94.0,0,1,23,-0.040000000000000036,-0.11000000000001364,-0.5,0.07842193570330845,0.06772493319658458,0.2857738033439942,1,0.11976653751634952
AWS_001,2020-01-23 01:00:00,1.24,1008.98,94.6,1,1,23,-0.020000000000000018,0.01999999999998181,0.5999999999999943,0.08142481193993101,0.06473020863326309,0.28284271249416987,1,0.12419246163154019
AWS_001,2020-01-23 01:10:00,1.32,1008.92,94.8,1,1,23,0.08000000000000007,-0.06000000000005912,0.20000000000000284,0.07312090443998288,0.05202563383847776,0.32710854469286044,1,0.13455301932308128
AWS_001,2020-01-23 01:20:00,1.29,1008.94,94.3,1,1,23,-0.030000000000000027,0.020000000000095497,-0.5,0.029944392899494916,0.05382068911061645,0.30605010484840267,1,0.11473801141028384
AWS_001,2020-01-23 01:30:00,1.14,1008.85,94.3,1,1,23,-0.15000000000000013,-0.09000000000003183,0.0,0.06462713567935606,0.07257180290224517,0.2786873995675656,1,0.1208879939053199
AWS_001,2020-01-23 01:40:00,1.15,1008.89,94.7,1,1,23,0.010000000000000009,0.03999999999996362,0.4000000000000057,0.07366591251125662,0.04760952191277073,0.3016620625983326,1,0.12117341614240018
AWS_001,2020-01-23 01:50:00,1.2,1008.81,94.6,1,1,23,0.050000000000000044,-0.08000000000004093,-0.10000000000000853,0.0733939143670332,0.061779175917136796,0.20736441356010005,1,0.12675365862040222
AWS_001,2020-01-23 02:00:00,1.29,1008.8,94.7,2,1,23,0.09000000000000008,-0.009999999999990905,0.10000000000000853,0.07833687934884816,0.057763886445460044,0.2160246899726942,1,0.13916409967153492
AWS_001,2020-01-23 02:10:00,1.23,1008.87,94.1,2,1,23,-0.06000000000000005,0.07000000000005002,-0.6000000000000085,0.06562519840819477,0.05215361838545229,0.25099800798229277,1,0.111553512172413
AWS_001,2020-01-23 02:20:00,1.08,1008.81,94.4,2,1,23,-0.1499999999999999,-0.06000000000005912,0.30000000000001137,0.07413950813238819,0.03710345775747403,0.24221202835068553,1,0.12219485954250792
AWS_001,2020-01-23 02:30:00,1.04,1008.74,94.7,2,1,23,-0.040000000000000036,-0.06999999999993634,0.29999999999999716,0.09396807968371287,0.053665630631352414,0.24221202835075162,1,0.13886626380482064
AWS_001,2020-01-23 02:40:00,0.91,1008.6,94.5,2,1,23,-0.13,-0.13999999999998636,-0.20000000000000284,0.14096098750874936,0.09368386508983367,0.2280350850441711,1,0.12165607464618894
AWS_001,2020-01-23 02:50:00,0.87,1008.53,94.9,2,1,23,-0.040000000000000036,-0.07000000000005002,0.4000000000000057,0.16769019052836073,0.1324764126625645,0.2810693864708989,1,0.14003946969831627
AWS_001,2020-01-23 03:00:00,0.89,1008.42,95.1,3,1,23,0.020000000000000018,-0.11000000000001364,0.19999999999998863,0.1399523728491229,0.17382941804887614,0.36009258070366534,1,0.13961325519977696
AWS_001,2020-01-23 03:10:00,0.88,1008.35,95.2,3,1,23,-0.010000000000000009,-0.06999999999993634,0.10000000000000853,0.09093954035197865,0.17874562907486838,0.32249030994938077,1,0.14196125244221652
AWS_001,2020-01-23 03:20:00,0.98,1008.25,95.3,3,1,23,0.09999999999999998,-0.10000000000002274,0.09999999999999432,0.06735478205810368,0.17769824585780078,0.30822070016681585,1,0.12842680885648278
AWS_001,2020-01-23 03:30:00,0.95,1008.21,95.2,3,1,23,-0.030000000000000027,-0.03999999999996362,-0.09999999999999432,0.043204937982753634,0.15370968278475472,0.29439202889689786,1,0.13648583941420728
AWS_001,2020-01-23 03:40:00,0.92,1008.29,95.1,3,1,23,-0.029999999999999916,0.07999999999992724,-0.10000000000000853,0.04324349661425448,0.11839200387818374,0.13662601025457566,1,0.12341390734097196
AWS_001,2020-01-23 03:50:00,0.82,1008.25,94.9,3,1,23,-0.10000000000000009,-0.03999999999996362,-0.19999999999998863,0.05645056834163073,0.07739508974139997,0.13662601025457566,1,0.13386028567677705
AWS_001,2020-01-23 04:00:00,0.73,1008.21,95.1,4,1,23,-0.08999999999999997,-0.03999999999996362,0.19999999999998863,0.09230384607059766,0.053291649593738645,0.13662601025457566,1,0.14358504342198286
AWS_001,2020-01-23 04:10:00,0.73,1008.21,95.2,4,1,23,0.0,0.0,0.10000000000000853,0.11077003204577868,0.03265986196104961,0.13662601025457566,1,0.13832936183073852
AWS_001,2020-01-23 04:20:00,0.71,1008.17,95.2,4,1,23,-0.020000000000000018,-0.04000000000007731,0.0,0.1044988038181284,0.04131182135233554,0.11690451949379652,1,0.14080892710000642
AWS_001,2020-01-23 04:30:00,0.69,1008.1,95.3,4,1,23,-0.020000000000000018,-0.06999999999993634,0.09999999999999432,0.08733078876366186,0.0656505896162214,0.13662601025457566,1,0.13733930781887
AWS_001,2020-01-23 04:40:00,0.72,1008.05,95.4,4,1,23,0.030000000000000027,-0.05000000000006821,0.10000000000000853,0.04501851470318622,0.07582875389553893,0.17224014247006336,1,0.13850537904839083
AWS_001,2020-01-23 04:50:00,0.73,1007.98,95.6,4,1,23,0.010000000000000009,-0.06999999999993634,0.19999999999998863,0.016020819769286043,0.09338093979924703,0.17888543823211245,1,0.1294704224314675
AWS_001,2020-01-23 05:00:00,0.75,1007.94,95.6,5,1,23,0.020000000000000018,-0.03999999999996362,0.0,0.02041241450882722,0.10559356002249232,0.1834847859583955,1,0.13672557750753428
AWS_001,2020-01-23 05:10:00,0.72,1007.92,95.6,5,1,23,-0.030000000000000027,-0.020000000000095497,0.0,0.01999999998533492,0.0975021363117374,0.1760681686494224,1,0.1375172296013525
AWS_001,2020-01-23 05:20:00,0.71,1007.92,95.7,5,1,23,-0.010000000000000009,0.0,0.10000000000000853,0.01999999998533492,0.07476630202893848,0.1505545305803323,1,0.13474091820019524
AWS_001,2020-01-23 05:30:00,0.75,1007.89,95.8,5,1,23,0.040000000000000036,-0.029999999999972715,0.09999999999999432,0.016733200513174225,0.05727128354950494,0.13291601362626415,1,0.1287650573117632
AWS_001,2020-01-23 05:40:00,0.76,1007.84,95.6,5,1,23,0.010000000000000009,-0.049999999999954525,-0.20000000000000284,0.019663841590117276,0.04722287496265917,0.08366600272299662,1,0.12391367776374568
AWS_001,2020-01-23 05:50:00,0.67,1007.81,95.6,5,1,23,-0.08999999999999997,-0.030000000000086402,0.0,0.033862466922546075,0.051251015469693455,0.08366600272299662,1,0.13213619242117353
AWS_001,2020-01-23 06:00:00,0.68,1007.82,95.8,6,1,23,0.010000000000000009,0.010000000000104592,0.20000000000000284,0.03619392213359926,0.049665547282426274,0.09831920808430196,1,0.1312697863288088
AWS_001,2020-01-23 06:10:00,0.74,1007.84,95.9,6,1,23,0.05999999999999994,0.01999999999998181,0.10000000000000853,0.0376386326276599,0.04273952020075927,0.12110601421211017,1,0.12869515259116615
AWS_001,2020-01-23 06:20:00,0.82,1007.82,95.9,6,1,23,0.07999999999999996,-0.01999999999998181,0.0,0.055377492414167825,0.028751810154355333,0.1366260102555762,1,0.1307258717834538
AWS_001,2020-01-23 06:30:00,0.82,1007.81,95.6,6,1,23,0.0,-0.010000000000104592,-0.30000000000001137,0.0652431350111414,0.013662598116059322,0.15055453058059892,1,0.13236798433292501
AWS_001,2020-01-23 06:40:00,0.84,1007.82,95.7,6,1,23,0.020000000000000018,0.010000000000104592,0.10000000000000853,0.07547626558119416,0.010954447528115446,0.13784048756328343,1,0.12649771915815894
AWS_001,2020-01-23 06:50:00,0.86,1007.84,95.2,6,1,23,0.020000000000000018,0.01999999999998181,-0.5,0.06889605697052018,0.01224744547230895,0.263944438619811,1,0.12411977397054746
AWS_001,2020-01-23 07:00:00,0.72,1007.82,95.0,7,1,23,-0.14,-0.01999999999998181,-0.20000000000000284,0.05656854248978809,0.01224744547230895,0.3728270376617262,1,0.12834180039024168
AWS_001,2020-01-23 07:10:00,0.56,1007.84,95.1,7,1,23,-0.15999999999999992,0.01999999999998181,0.09999999999999432,0.11366617790449747,0.01224744547230895,0.3656045222344004,1,0.12975808915980447
AWS_001,2020-01-23 07:20:00,0.52,1007.75,95.3,7,1,23,-0.040000000000000036,-0.09000000000003183,0.20000000000000284,0.14805404418459295,0.033266598674610744,0.2786873995684292,1,0.1345256115205063
AWS_001,2020-01-23 07:30:00,0.59,1007.72,95.6,7,1,23,0.06999999999999995,-0.029999999999972715,0.29999999999999716,0.146753762016779,0.050760876544069626,0.2786873995684292,1,0.15028826159199082
AWS_001,2020-01-23 07:40:00,0.62,1007.78,95.6,7,1,23,0.030000000000000027,0.05999999999994543,0.0,0.125179870583925,0.049966654756815804,0.25298221283628136,1,0.14357735827732077
AWS_001,2020-01-23 07:50:00,0.68,1007.79,95.7,7,1,23,0.06000000000000005,0.009999999999990905,0.10000000000000853,0.07476630256610346,0.04412104472546737,0.2926886855999661,1,0.13827507329017635
AWS_001,2020-01-23 08:00:00,0.74,1007.79,95.9,8,1,23,0.05999999999999994,0.0,0.20000000000000284,0.08060190237254347,0.040702169324426316,0.28751811539150884,1,0.1461774114971403
AWS_001,2020-01-23 08:10:00,0.78,1007.87,95.9,8,1,23,0.040000000000000036,0.08000000000004093,0.0,0.09710818708743826,0.05046450819799017,0.2250925735743521,1,0.13972779332905677
AWS_001,2020-01-23 08:20:00,0.88,1007.81,95.9,8,1,23,0.09999999999999998,-0.06000000000005912,0.0,0.10765686229596828,0.048442404849133806,0.15055453058063276,1,0.14166820587952889
AWS_001,2020-01-23 08:30:00,0.93,1007.84,95.6,8,1,23,0.050000000000000044,0.030000000000086402,-0.30000000000001137,0.11771434350190153,0.03502380029885176,0.15055453058063276,1,0.1394415022708086
AWS_001,2020-01-23 08:40:00,0.91,1007.81,95.3,8,1,23,-0.020000000000000018,-0.030000000000086402,-0.29999999999999716,0.10139033484223409,0.03125166535283046,0.2401388487486728,1,0.14142591007973315
AWS_001,2020-01-23 08:50:00,0.79,1007.81,95.1,8,1,23,-0.12,0.0,-0.20000000000000284,0.07833687934867128,0.02857737894371793,0.3488074922909544,1,0.13476098200547432
AWS_001,2020-01-23 09:00:00,0.82,1007.71,95.2,9,1,23,0.029999999999999916,-0.09999999999990905,0.10000000000000853,0.06369196704521854,0.05382068921353887,0.3521363372496423,1,0.13605729017161883
AWS_001,2020-01-23 09:10:00,0.84,1007.67,95.2,9,1,23,0.020000000000000018,-0.04000000000007731,0.0,0.05419102016099988,0.0680441027648666,0.3060501048492163,1,0.1495696309271417
AWS_001,2020-01-23 09:20:00,0.8,1007.65,95.0,9,1,23,-0.039999999999999925,-0.01999999999998181,-0.20000000000000284,0.05845225971755905,0.08158839738589978,0.20655911182555026,1,0.1478483563737969
AWS_001,2020-01-23 09:30:00,0.76,1007.55,95.1,9,1,23,-0.040000000000000036,-0.10000000000002274,0.09999999999999432,0.051768716416580735,0.10019980000877579,0.10488088487166394,1,0.1388191622185067
AWS_001,2020-01-23 09:40:00,0.76,1007.44,95.2,9,1,23,0.0,-0.10999999999989996,0.10000000000000853,0.032093613062705036,0.12875040422874404,0.08164965816293177,1,0.13056236185960968
AWS_001,2020-01-23 09:50:00,0.89,1007.43,95.5,9,1,23,0.13,-0.010000000000104592,0.29999999999999716,0.04996665554233592,0.12062338049909736,0.16733200534112855,1,0.14423240841381701
AWS_001,2020-01-23 10:00:00,1.03,1007.37,95.3,10,1,23,0.14,-0.05999999999994543,-0.20000000000000284,0.10269696522336415,0.12432484301321689,0.17224014247020547,1,0.14158708567981032
AWS_001,2020-01-23 10:10:00,1.27,1007.35,95.1,10,1,23,0.24,-0.01999999999998181,-0.20000000000000284,0.20054093513817525,0.11449890796044832,0.1788854382320808,1,0.13735207387526888
AWS_001,2020-01-23 10:20:00,1.37,1007.34,93.9,10,1,23,0.10000000000000009,-0.009999999999990905,-1.1999999999999886,0.2595894194032191,0.07865536594111354,0.5671566509158401,1,0.1504937574808402
AWS_001,2020-01-23 10:30:00,1.44,1007.32,93.4,10,1,23,0.06999999999999984,-0.01999999999998181,-0.5,0.2748575388562377,0.049295029415369396,0.8640987597942464,1,0.159604159728358
AWS_001,2020-01-23 10:40:00,1.75,1007.31,92.6,10,1,23,0.31000000000000005,-0.010000000000104592,-0.8000000000000114,0.3060991124882914,0.04320493712474752,1.1781341180065714,1,0.12726686007666305
AWS_001,2020-01-23 10:50:00,1.89,1007.31,91.5,10,1,23,0.1399999999999999,0.0,-1.0999999999999943,0.31574778964567785,0.024221201294811784,1.4610498508529843,1,0.13006899484781487
AWS_001,2020-01-23 11:00:00,1.98,1007.2,90.8,11,1,23,0.09000000000000008,-0.10999999999989996,-0.7000000000000028,0.29554469487057666,0.05394441514923081,1.5841927492187413,1,0.12305349609323069
AWS_001,2020-01-23 11:10:00,2.13,1007.03,90.5,11,1,23,0.1499999999999999,-0.17000000000007276,-0.29999999999999716,0.30225816779615006,0.11923366384132508,1.3991664185067243,1,0.13196979258632113
AWS_001,2020-01-23 11:20:00,2.2,1006.83,89.6,11,1,23,0.07000000000000028,-0.1999999999999318,-0.9000000000000057,0.27694163043168857,0.19886343704642048,1.4042791745269128,1,0.13429575962761958
AWS_001,2020-01-23 11:30:00,2.49,1006.68,86.9,11,1,23,0.29000000000000004,-0.15000000000009095,-2.6999999999999886,0.26066581414940915,0.2618396454480902,1.9528611488470486,1,0.07490754177104464
AWS_001,2020-01-23 11:40:00,2.54,1006.64,85.0,11,1,23,0.04999999999999982,-0.03999999999996362,-1.9000000000000057,0.2641779703145531,0.27636328735239957,2.549313633119526,1,0.09379072324126059
AWS_001,2020-01-23 11:50:00,2.7,1006.51,84.7,11,1,23,0.16000000000000014,-0.12999999999999545,-0.29999999999999716,0.27763285108129104,0.25944170815611284,2.746209508882251,1,0.0913798534132021
AWS_001,2020-01-23 12:00:00,2.64,1006.43,83.6,12,1,23,-0.06000000000000005,-0.08000000000004093,-1.1000000000000085,0.2337520053379949,0.21805198141493348,2.8067181309627136,1,0.12249833955581013
AWS_001,2020-01-23 12:10:00,2.69,1006.33,82.5,12,1,23,0.04999999999999982,-0.09999999999990905,-1.0999999999999943,0.1876876838426197,0.18187908052753135,2.5372557353712457,1,0.122661214763433
AWS_001,2020-01-23 12:20:00,2.69,1006.13,81.4,12,1,23,0.0,-0.20000000000004547,-1.0999999999999943,0.08916277249809047,0.20480885381600963,1.9528611488464085,1,0.11283079280934738
AWS_001,2020-01-23 12:30:00,2.73,1006.0,79.4,12,1,23,0.040000000000000036,-0.12999999999999545,-2.0,0.06774953874048939,0.23949947794505275,2.130414670122507,1,0.08743984470947241
AWS_001,2020-01-23 12:40:00,2.7,1005.84,78.0,12,1,23,-0.029999999999999805,-0.15999999999996817,-1.4000000000000057,0.0292688685503491,0.2608192220753807,2.540078738938232,1,0.08911214934713901
AWS_001,2020-01-23 12:50:00,2.65,1005.69,76.4,12,1,23,-0.050000000000000266,-0.14999999999997726,-1.5999999999999943,0.03326659985957434,0.28390139122370833,2.764356465196216,1,0.07035836416525865
AWS_001,2020-01-23 13:00:00,2.64,1005.53,75.4,13,1,23,-0.009999999999999787,-0.16000000000008185,-1.0,0.03326659985957434,0.2932575658706012,2.7840617809245694,1,0.08533685657882761
AWS_001,2020-01-23 13:10:00,2.62,1005.45,74.8,13,1,23,-0.020000000000000018,-0.07999999999992724,-0.6000000000000085,0.04167333279468079,0.2659824554525281,2.527976793143287,1,0.11755124593817362
AWS_001,2020-01-23 13:20:00,2.75,1005.3,74.4,13,1,23,0.1299999999999999,-0.15000000000009095,-0.3999999999999915,0.052694085685368146,0.2591331702877291,1.955505049853832,1,0.11366194666807927
AWS_001,2020-01-23 13:30:00,2.76,1005.08,73.8,13,1,23,0.009999999999999787,-0.2199999999999136,-0.6000000000000085,0.059217114639412045,0.2718394132786237,1.5266521105576396,1,0.09549583549059903
AWS_001,2020-01-23 13:40:00,2.79,1004.98,72.8,13,1,23,0.03000000000000025,-0.10000000000002274,-1.0,0.07305249253939475,0.2718394132814201,1.2521980674011015,1,0.12037531320311845
AWS_001,2020-01-23 13:50:00,2.75,1004.88,72.7,13,1,23,-0.040000000000000036,-0.10000000000002274,-0.09999999999999432,0.07026141662548159,0.26326159350468986,1.0888832199411682,1,0.13725915968711894
AWS_001,2020-01-23 14:00:00,2.72,1004.66,72.6,14,1,23,-0.029999999999999805,-0.22000000000002728,-0.10000000000000853,0.05913261930796269,0.285966198380505,0.9516652072389941,1,0.10552261876698571
AWS_001,2020-01-23 14:10:00,2.79,1004.49,72.5,14,1,23,0.06999999999999984,-0.16999999999995907,-0.09999999999999432,0.02683281572171961,0.2915075755755118,0.778888096371404,1,0.1110207033166235
AWS_001,2020-01-23 14:20:00,2.7,1004.34,72.7,14,1,23,-0.08999999999999986,-0.14999999999997726,0.20000000000000284,0.0365604522157733,0.2904077592277069,0.4764451699852537,1,0.11713178542600072
AWS_001,2020-01-23 14:30:00,2.66,1004.22,72.8,14,1,23,-0.040000000000000036,-0.12000000000000455,0.09999999999999432,0.05167204272673972,0.3001166439145658,0.11690451945444122,1,0.11220163089405794
AWS_001,2020-01-23 14:40:00,2.73,1004.18,72.8,14,1,23,0.06999999999999984,-0.04000000000007731,0.0,0.044158804326581556,0.2711764492404825,0.11690451945444122,1,0.12902035788877136
AWS_001,2020-01-23 14:50:00,2.59,1004.22,72.8,14,1,23,-0.14000000000000012,0.04000000000007731,0.0,0.06794605703216437,0.18893561502237913,0.12649110641548808,1,0.1402633931484989
AWS_001,2020-01-23 15:00:00,2.66,1004.03,73.0,15,1,23,0.07000000000000028,-0.19000000000005457,0.20000000000000284,0.06853223085685622,0.15539197735097968,0.16329931619241336,1,0.1263847750425467
AWS_001,2020-01-23 15:10:00,2.93,1003.85,71.2,15,1,23,0.27,-0.17999999999994998,-1.7999999999999972,0.11686174167031337,0.17355114508276226,0.6685805860194752,1,0.09407308574201423
AWS_001,2020-01-23 15:20:00,2.9,1003.69,71.4,15,1,23,-0.03000000000000025,-0.15999999999996817,0.20000000000000284,0.1392479802350995,0.2203103870165562,0.8066391179881556,1,0.1494627415628898
AWS_001,2020-01-23 15:30:00,3.46,1003.54,70.2,15,1,23,0.56,-0.15000000000009095,-1.2000000000000028,0.31441480032948577,0.2727208584407363,1.1366617790714353,1,0.074184914936548
AWS_001,2020-01-23 15:40:00,3.64,1003.37,69.6,15,1,23,0.18000000000000016,-0.16999999999995907,-0.6000000000000085,0.42764471234843304,0.31455789074533924,1.3589211407098898,1,0.07297737563217505
AWS_001,2020-01-23 15:50:00,3.62,1003.25,69.11,15,1,23,-0.020000000000000018,-0.12000000000000455,-0.4899999999999949,0.4223939709160777,0.29383101713732973,1.4143608686145097,1,0.09996331300280142
AWS_001,2020-01-23 16:00:00,3.35,1003.21,70.1,16,1,23,-0.27,-0.03999999999996362,0.9899999999999949,0.3290390047794639,0.2539094326070402,0.8910761284355988,1,0.11021795871486284
AWS_001,2020-01-23 16:10:00,3.05,1003.09,71.1,16,1,23,-0.30000000000000027,-0.12000000000000455,1.0,0.30349080161721786,0.223106850264417,0.8708712112980683,1,0.11838833861748155
AWS_001,2020-01-23 16:20:00,2.67,1003.01,72.4,16,1,23,-0.3799999999999999,-0.08000000000004093,1.3000000000000114,0.37562836243587744,0.19138965481317277,1.176612368908231,1,0.1122081529032321
AWS_001,2020-01-23 16:30:00,2.2,1003.02,73.9,16,1,23,-0.46999999999999975,0.009999999999990905,1.5,0.5694002692888762,0.1426066851067925,1.828373594209197,1,0.09139205210981777
AWS_001,2020-01-23 16:40:00,1.87,1002.98,75.2,16,1,23,-0.33000000000000007,-0.03999999999996362,1.2999999999999972,0.6751197424651607,0.11254628664629722,2.314134107321471,1,0.08866917108580574
AWS_001,2020-01-23 16:50:00,1.72,1002.88,75.7,16,1,23,-0.15000000000000013,-0.10000000000002274,0.5,0.6551233980451343,0.11089033609183452,2.2491479868316873,1,0.10212180925386993
AWS_001,2020-01-23 17:00:00,1.57,1002.79,76.3,17,1,23,-0.1499999999999999,-0.09000000000003183,0.5999999999999943,0.5791718225186001,0.10833589727941323,2.026820169626015,1,0.11632201453850877
AWS_001,2020-01-23 17:10:00,1.54,1002.75,76.8,17,1,23,-0.030000000000000027,-0.03999999999996362,0.5,0.43586312836275387,0.11640446715348873,1.6379865689324953,1,0.14684418058694126
AWS_001,2020-01-23 17:20:00,1.44,1002.66,77.1,17,1,23,-0.10000000000000009,-0.09000000000003183,0.29999999999999716,0.27789686336148633,0.1388044186637994,1.1758684733720324,1,0.15859797602503029
AWS_001,2020-01-23 17:30:00,1.09,1002.51,78.2,17,1,23,-0.34999999999999987,-0.14999999999997726,1.1000000000000085,0.2663393824918499,0.16509593163226893,1.067239429558307,1,0.11652581728032746
AWS_001,2020-01-23 17:40:00,0.9,1002.36,79.8,17,1,23,-0.19000000000000006,-0.14999999999997726,1.5999999999999943,0.31474857690882235,0.19281251682047065,1.4770466027417508,1,0.11107642162637416
AWS_001,2020-01-23 17:50:00,0.84,1002.32,80.2,17,1,23,-0.06000000000000005,-0.03999999999996362,0.4000000000000057,0.327536257534112,0.19947430906504893,1.626857912256412,1,0.15702753917569273
AWS_001,2020-01-23 18:00:00,0.78,1002.34,80.8,18,1,23,-0.05999999999999994,0.01999999999998181,0.5999999999999943,0.32226800440954373,0.18176908421894655,1.685724374466842,1,0.14730738767721646
AWS_001,2020-01-23 18:10:00,0.49,1002.23,81.7,18,1,23,-0.29000000000000004,-0.11000000000001364,0.9000000000000057,0.3195413379612997,0.15500537618226054,1.700196067126377,1,0.12147669256277926
AWS_001,2020-01-23 18:20:00,0.17,1002.1,82.6,18,1,23,-0.31999999999999995,-0.12999999999999545,0.8999999999999915,0.32932759778992543,0.13711309193418014,1.5359036428128356,1,0.10831809934448028
AWS_001,2020-01-23 18:30:00,0.1,1001.97,82.9,18,1,23,-0.07,-0.12999999999999545,0.30000000000001137,0.3492658967979431,0.1555634917990991,1.2738393409974313,1,0.13933349687973196
AWS_001,2020-01-23 18:40:00,-0.01,1001.82,83.1,18,1,23,-0.11,-0.14999999999997726,0.19999999999998863,0.3624775855130828,0.20630075128729947,1.1889771514512026,1,0.12954678477063697
AWS_001,2020-01-23 18:50:00,-0.15,1001.77,83.8,18,1,23,-0.13999999999999999,-0.05000000000006821,0.7000000000000028,0.34426733797934245,0.2262226041963212,1.072225100747641,1,0.14708424049135344
AWS_001,2020-01-23 19:00:00,-0.13,1001.65,84.0,19,1,23,0.01999999999999999,-0.12000000000000455,0.20000000000000284,0.2373534635644463,0.21740898475133924,0.8376554582126966,1,0.15321459082429179
AWS_001,2020-01-23 19:10:00,-0.19,1001.57,84.0,19,1,23,-0.06,-0.07999999999992724,0.0,0.14638989035915148,0.1972477291422907,0.6099180272848401,1,0.16680715729234258
AWS_001,2020-01-23 19:20:00,-0.4,1001.54,84.7,19,1,23,-0.21000000000000002,-0.030000000000086402,0.7000000000000028,0.16982343772093947,0.1641950059719754,0.6595452979190953,1,0.15515168469604462
AWS_001,2020-01-23 19:30:00,-0.56,1001.44,85.4,19,1,23,-0.16000000000000003,-0.09999999999990905,0.7000000000000028,0.20179197208846086,0.14414113449592791,0.7916228058071881,1,0.1522929704264817
AWS_001,2020-01-23 19:40:00,-0.56,1001.36,85.8,19,1,23,0.0,-0.08000000000004093,0.3999999999999915,0.20133719642929981,0.14625320505193629,0.8304617189697759,1,0.16544107622182952
AWS_001,2020-01-23 19:50:00,-0.57,1001.36,85.9,19,1,23,-0.009999999999999898,0.0,0.10000000000000853,0.19853631069909,0.11893976061604376,0.8594571930435996,1,0.17132406503368003
AWS_001,2020-01-23 20:00:00,-0.48,1001.35,85.5,20,1,23,0.08999999999999997,-0.009999999999990905,-0.4000000000000057,0.14764823060008161,0.09770704506823275,0.7305249254299845,1,0.16561847115461698
AWS_001,2020-01-23 20:10:00,-0.66,1001.24,84.9,20,1,23,-0.18000000000000005,-0.11000000000001364,-0.5999999999999943,0.0886378399217631,0.1004821708393394,0.48027769745694515,1,0.13895084842817068
AWS_001,2020-01-23 20:20:00,-1.06,1001.11,86.8,20,1,23,-0.4,-0.12999999999999545,1.8999999999999915,0.20961075035882215,0.11696153209811186,0.6369196705038116,1,0.09046068119761885
AWS_001,2020-01-23 20:30:00,-1.23,1001.04,88.1,20,1,23,-0.16999999999999993,-0.07000000000005002,1.2999999999999972,0.30835044997423633,0.1398093940268802,1.130781440719142,1,0.13439100596826348
AWS_001,2020-01-23 20:40:00,-1.47,1001.01,89.1,20,1,23,-0.24,-0.029999999999972715,1.0,0.40037066159494017,0.15372052560462468,1.6154462747721063,1,0.11526546143891409
AWS_001,2020-01-23 20:50:00,-1.55,1001.05,89.3,20,1,23,-0.08000000000000007,0.03999999999996362,0.20000000000000284,0.43177540457892233,0.13396516957557736,1.8508556579796565,1,0.12208683431244027
AWS_001,2020-01-23 21:00:00,-1.75,1001.04,90.2,21,1,23,-0.19999999999999996,-0.009999999999990905,0.9000000000000057,0.39113510027347836,0.0842417156757277,1.93769622662471,1,0.10414112358057592
AWS_001,2020-01-23 21:10:00,-2.01,1000.95,90.3,21,1,23,-0.2599999999999998,-0.08999999999991815,0.09999999999999432,0.3440009689898101,0.05240865062691372,1.3321661558064075,1,0.12770430559518986
AWS_001,2020-01-23 21:20:00,-2.04,1000.93,90.8,21,1,23,-0.03000000000000025,-0.020000000000095497,0.5,0.3183551475934546,0.051251016193610686,0.987252078587983,1,0.14652943191442064
AWS_001,2020-01-23 21:30:00,-2.12,1000.91,91.1,21,1,23,-0.08000000000000007,-0.01999999999998181,0.29999999999999716,0.27376388853518774,0.059469880285140574,0.7966596931416208,1,0.15251739968584982
AWS_001,2020-01-23 21:40:00,-2.15,1000.92,91.3,21,1,23,-0.029999999999999805,0.009999999999990905,0.20000000000000284,0.23644590642660504,0.062182526977465805,0.7293833011592635,1,0.152409435214661
AWS_001,2020-01-23 21:50:00,-2.2,1000.93,91.4,21,1,23,-0.050000000000000266,0.009999999999990905,0.10000000000000853,0.16059265238243234,0.0476095228030621,0.5089204260099299,1,0.1536773548572426
AWS_001,2020-01-23 22:00:00,-2.25,1000.92,91.6,22,1,23,-0.04999999999999982,-0.009999999999990905,0.19999999999998863,0.09196013628679352,0.013662600842028562,0.47081489640504454,1,0.14100177344398795
AWS_001,2020-01-23 22:10:00,-2.18,1000.81,92.2,22,1,23,0.06999999999999984,-0.11000000000001364,0.6000000000000085,0.07229568912378981,0.046332134227146216,0.47749345546337635,1,0.12271873508725745
AWS_001,2020-01-23 22:20:00,-2.33,1000.79,91.7,22,1,23,-0.1499999999999999,-0.01999999999998181,-0.5,0.075564541944047,0.06260990333525623,0.3834057902671988,1,0.13249730776449414
AWS_001,2020-01-23 22:30:00,-2.57,1000.64,92.0,22,1,23,-0.23999999999999977,-0.14999999999997726,0.29999999999999716,0.1554348738192573,0.11326958990026417,0.34641016152889886,1,0.13074704682716753
AWS_001,2020-01-23 22:40:00,-2.69,1000.45,92.5,22,1,23,-0.1200000000000001,-0.18999999999994088,0.5,0.21137644144795859,0.18348478591899142,0.40987803065126943,1,0.116413421222828
AWS_001,2020-01-23 22:50:00,-2.71,1000.32,92.9,22,1,23,-0.020000000000000018,-0.12999999999999545,0.4000000000000057,0.2309761892472825,0.23106276203283935,0.4929503017654752,1,0.12197158222591387
AWS_001,2020-01-23 23:00:00,-2.7,1000.3,93.0,23,1,23,0.009999999999999787,-0.020000000000095497,0.09999999999999432,0.22405356502227616,0.227456955633656,0.5115336417846209,1,0.1339723174547226
AWS_001,2020-01-23 23:10:00,-2.86,1000.23,92.6,23,1,23,-0.1599999999999997,-0.06999999999993634,-0.4000000000000057,0.17907168024523096,0.21879213879979645,0.5089204260105882,1,0.12710118484259758
AWS_001,2020-01-23 23:20:00,-3.18,1000.2,92.5,23,1,23,-0.3200000000000003,-0.029999999999972715,-0.09999999999999432,0.21435951110033327,0.16378848148878897,0.3544949459125254,1,0.11800738814182393
AWS_001,2020-01-23 23:30:00,-3.27,1000.18,93.3,23,1,23,-0.08999999999999986,-0.020000000000095497,0.7999999999999972,0.2596471965298924,0.09979979961222653,0.3224903099489265,1,0.13145309603030358
AWS_001,2020-01-23 23:40:00,-3.38,1000.08,93.4,23,1,23,-0.10999999999999988,-0.09999999999990905,0.10000000000000853,0.2972316717071461,0.08727351642975968,0.361939221432305,1,0.12939941901950774
AWS_001,2020-01-23 23:50:00,-3.52,1000.07,93.5,23,1,23,-0.14000000000000012,-0.009999999999990905,0.09999999999999432,0.31358677693074927,0.08869423132590311,0.42308391603920337,1,0.126625494114449
AWS_001,2020-01-24 00:00:00,-3.52,999.98,93.9,0,1,24,0.0,-0.09000000000003183,0.4000000000000057,0.24951285871835602,0.09563820717222388,0.5440588203596519,1,0.12003182062570833
AWS_001,2020-01-24 00:10:00,-3.49,999.96,94.2,0,1,24,0.029999999999999805,-0.01999999999998181,0.29999999999999716,0.143061758222801,0.09887702802797328,0.5819507424842064,1,0.13614595973826088
AWS_001,2020-01-24 00:20:00,-3.56,999.93,94.3,0,1,24,-0.06999999999999984,-0.030000000000086402,0.09999999999999432,0.11003029885351999,0.0937372213806968,0.4273952113419728,1,0.13132003348181365
AWS_001,2020-01-24 00:30:00,-3.51,999.84,94.7,0,1,24,0.050000000000000266,-0.08999999999991815,0.4000000000000057,0.06153589737537142,0.09003702945362554,0.4979959839310838,1,0.10933066280709941
AWS_001,2020-01-24 00:40:00,-3.64,999.83,94.6,0,1,24,-0.13000000000000034,-0.009999999999990905,-0.10000000000000853,0.054037024336307506,0.09049861881066516,0.4472135955129019,1,0.11702159159993963
AWS_001,2020-01-24 00:50:00,-3.58,999.8,94.9,0,1,24,0.06000000000000005,-0.030000000000086402,0.30000000000001137,0.055136195000399076,0.07589466389114045,0.36696957186985996,1,0.12367906043326582
AWS_001,2020-01-24 01:00:00,-3.68,999.63,94.6,1,1,24,-0.10000000000000009,-0.16999999999995907,-0.30000000000001137,0.07339391436479559,0.11651895414260766,0.25884358213356207,1,0.1074654293533936
AWS_001,2020-01-24 01:10:00,-3.75,999.58,94.5,1,1,24,-0.06999999999999984,-0.049999999999954525,-0.09999999999999432,0.08740709352859995,0.13467244215208823,0.20000000002939214,1,0.12394523001890528
AWS_001,2020-01-24 01:20:00,-3.64,999.47,94.9,1,1,24,0.10999999999999988,-0.11000000000001364,0.4000000000000057,0.08238122762974104,0.15380723869857002,0.16733200534208384,1,0.09993361804277134
AWS_001,2020-01-24 01:30:00,-3.5,999.33,94.4,1,1,24,0.14000000000000012,-0.13999999999998636,-0.5,0.08542052836281987,0.19169420094782919,0.20736441356167895,1,0.09464710271040339
AWS_001,2020-01-24 01:40:00,-4.05,999.31,93.3,1,1,24,-0.5499999999999998,-0.020000000000095497,-1.1000000000000085,0.19152023391566772,0.1880425484068157,0.592171146441927,1,0.08636723895630433
AWS_001,2020-01-24 01:50:00,-4.13,999.22,94.2,1,1,24,-0.08000000000000007,-0.08999999999991815,0.9000000000000057,0.24636693500908896,0.16268579126366933,0.549241901786717,1,0.10184527439611485
AWS_001,2020-01-24 02:00:00,-4.15,999.09,94.3,2,1,24,-0.020000000000000462,-0.12999999999999545,0.09999999999999432,0.27662248643069653,0.174432412928616,0.531664054340959,1,0.12529953103135316
AWS_001,2020-01-24 02:10:00,-4.18,999.09,94.5,2,1,24,-0.02999999999999936,0.0,0.20000000000000284,0.29444297693401145,0.14864947588545152,0.531664054340959,1,0.1356673988145548
AWS_001,2020-01-24 02:20:00,-3.98,999.01,94.7,2,1,24,0.19999999999999973,-0.08000000000004093,0.20000000000000284,0.2548267385219987,0.13111064035857245,0.48853522562682106,1,0.12625777879698996
AWS_001,2020-01-24 02:30:00,-3.97,998.89,94.2,2,1,24,0.009999999999999787,-0.12000000000000455,-0.5,0.0898146238969689,0.14891832218618858,0.4816637831636981,1,0.12137982396121016
AWS_001,2020-01-24 02:40:00,-4.01,998.71,93.9,2,1,24,-0.03999999999999959,-0.17999999999994998,-0.29999999999999716,0.0935948716495073,0.17937855692333485,0.275680975062864,1,0.11524927872236451
AWS_001,2020-01-24 02:50:00,-4.22,998.67,94.0,2,1,24,-0.20999999999999996,-0.04000000000007731,0.09999999999999432,0.1107700320442616,0.18590320066715288,0.3011090611028893,1,0.11751325299351978
AWS_001,2020-01-24 03:00:00,-4.57,998.55,93.7,3,1,24,-0.35000000000000053,-0.12000000000000455,-0.29999999999999716,0.2293250967493138,0.21042813504695848,0.37771241266103384,1,0.09021001882015106
AWS_001,2020-01-24 03:10:00,-4.55,998.43,94.6,3,1,24,0.020000000000000462,-0.12000000000000455,0.8999999999999915,0.28125907392605964,0.21354156508889088,0.3970726214160647,1,0.10409255988398836
AWS_001,2020-01-24 03:20:00,-4.35,998.34,94.7,3,1,24,0.20000000000000018,-0.08999999999991815,0.10000000000000853,0.2586438993398851,0.20004166238203017,0.3970726214160647,1,0.11141183285123996
AWS_001,2020-01-24 03:30:00,-4.32,998.21,94.7,3,1,24,0.02999999999999936,-0.12999999999999545,0.0,0.2101110817299668,0.19429359233696253,0.45018514710978963,1,0.1179209000681194
AWS_001,2020-01-24 03:40:00,-4.34,998.03,94.8,3,1,24,-0.019999999999999574,-0.18000000000006366,0.09999999999999432,0.1384798420916673,0.23155272982880104,0.4535048695199753,1,0.11404815967733573
AWS_001,2020-01-24 03:50:00,-4.17,997.88,94.6,3,1,24,0.16999999999999993,-0.14999999999997726,-0.20000000000000284,0.15174540080586849,0.2517141236125112,0.4070217029574377,1,0.09291240366053949
AWS_001,2020-01-24 04:00:00,-4.29,997.75,93.7,4,1,24,-0.1200000000000001,-0.12999999999999545,-0.8999999999999915,0.12323419438506825,0.266132798982437,0.4070217029574377,1,0.09032497738807016
AWS_001,2020-01-24 04:10:00,-4.7,997.65,93.3,4,1,24,-0.41000000000000014,-0.10000000000002274,-0.4000000000000057,0.17814787864506032,0.2671079682370545,0.6356099432919606,1,0.09198800262152856
AWS_001,2020-01-24 04:20:00,-4.88,997.62,93.7,4,1,24,-0.17999999999999972,-0.029999999999972715,0.4000000000000057,0.2758260321272496,0.2304488374826557,0.6408327915128867,1,0.11409144528499693
AWS_001,2020-01-24 04:30:00,-4.93,997.62,94.0,4,1,24,-0.04999999999999982,0.0,0.29999999999999716,0.3261543601819888,0.16654328776096264,0.5776388722014338,1,0.12968096497131465
AWS_001,2020-01-24 04:40:00,-4.81,997.61,94.3,4,1,24,0.1200000000000001,-0.009999999999990905,0.29999999999999716,0.3215587038147943,0.10722251022540777,0.46761807779223874,1,0.13934860690221335
AWS_001,2020-01-24 04:50:00,-4.99,997.52,94.1,4,1,24,-0.1800000000000006,-0.09000000000003183,-0.20000000000000284,0.2541390695381334,0.07413950835911803,0.35637059364010887,1,0.1195739558695687
AWS_001,2020-01-24 05:00:00,-5.11,997.47,94.4,5,1,24,-0.1200000000000001,-0.049999999999954525,0.30000000000001137,0.14250146197741004,0.07026141686776585,0.4082482904778977,1,0.13599634236540425
AWS_001,2020-01-24 05:10:00,-5.1,997.38,94.6,5,1,24,0.010000000000000675,-0.09000000000003183,0.19999999999998863,0.1201665510823548,0.0985224172500282,0.318852107846609,1,0.13549905960412761
AWS_001,2020-01-24 05:20:00,-5.13,997.36,94.7,5,1,24,-0.03000000000000025,-0.01999999999998181,0.10000000000000853,0.12592325704845847,0.1109354168031483,0.2738612787738344,1,0.14959102830648657
AWS_001,2020-01-24 05:30:00,-5.16,997.21,94.7,5,1,24,-0.03000000000000025,-0.14999999999997726,0.0,0.13099618314677336,0.13982131466770953,0.24221202835194422,1,0.12623947151399634
AWS_001,2020-01-24 05:40:00,-5.05,997.13,94.9,5,1,24,0.11000000000000032,-0.08000000000004093,0.20000000000000284,0.060991802719876455,0.14976648502363712,0.2804757862604398,1,0.13280165760002505
AWS_001,2020-01-24 05:50:00,-5.24,997.09,94.2,5,1,24,-0.1900000000000004,-0.03999999999996362,-0.7000000000000028,0.06431692363355274,0.15214028626180273,0.24832774045285058,1,0.12298727161970535
AWS_001,2020-01-24 06:00:00,-5.32,997.09,94.3,6,1,24,-0.08000000000000007,0.0,0.09999999999999432,0.09831920802000978,0.13160547115480375,0.26583202718711474,1,0.14104958896134057
AWS_001,2020-01-24 06:10:00,-5.43,997.12,94.3,6,1,24,-0.10999999999999943,0.029999999999972715,0.0,0.1379009306193336,0.10443498793528153,0.2857738033452109,1,0.13536596204467571
AWS_001,2020-01-24 06:20:00,-5.39,997.1,94.5,6,1,24,0.040000000000000036,-0.01999999999998181,0.20000000000000284,0.14404860290543853,0.04546060608412211,0.2714160398325256,1,0.14252899012862535
AWS_001,2020-01-24 06:30:00,-5.39,997.12,94.5,6,1,24,0.0,0.01999999999998181,0.0,0.14109098718795926,0.017224015376951916,0.2509980079835063,1,0.12615495830442897
AWS_001,2020-01-24 06:40:00,-5.47,997.01,94.3,6,1,24,-0.08000000000000007,-0.11000000000001364,-0.20000000000000284,0.08213809509398398,0.04070217077670009,0.12247448718666366,1,0.10987901342310491
AWS_001,2020-01-24 06:50:00,-5.52,996.9,94.4,6,1,24,-0.04999999999999982,-0.11000000000001364,0.10000000000000853,0.06985699677912537,0.08687155291753168,0.09831920808428321,1,0.11500195266853713
AWS_001,2020-01-24 07:00:00,-5.21,996.92,94.8,7,1,24,0.3099999999999996,0.01999999999998181,0.3999999999999915,0.10628577828508651,0.10048217108835851,0.18618986728166637,1,0.10514384784108105
AWS_001,2020-01-24 07:10:00,-5.18,997.03,94.2,7,1,24,0.03000000000000025,0.11000000000001364,-0.5999999999999943,0.13740451229491177,0.09025888713473221,0.20736441356146043,1,0.12232665513389607
AWS_001,2020-01-24 07:20:00,-5.15,997.05,94.1,7,1,24,0.02999999999999936,0.01999999999998181,-0.10000000000000853,0.1599999999968907,0.08264381428895859,0.2483277404526505,1,0.13884239836337464
AWS_001,2020-01-24 07:30:00,-5.02,997.07,94.3,7,1,24,0.13000000000000078,0.020000000000095497,0.20000000000000284,0.19508117968085903,0.0703325437261339,0.2428991560537695,1,0.13896280147884366
AWS_001,2020-01-24 07:40:00,-4.78,996.98,94.4,7,1,24,0.23999999999999932,-0.09000000000003183,0.10000000000000853,0.24287170824466725,0.0702614169160037,0.24221202835183386,1,0.12611071473827734
AWS_001,2020-01-24 07:50:00,-4.46,996.99,94.0,7,1,24,0.3200000000000003,0.009999999999990905,-0.4000000000000057,0.29418814841134244,0.05465040445299551,0.2828427124951328,1,0.1151825292345468
AWS_001,2020-01-24 08:00:00,-4.35,997.1,93.7,8,1,24,0.11000000000000032,0.11000000000001364,-0.29999999999999716,0.3551150048444916,0.046332134707357794,0.2483277404523361,1,0.12433815387238167
AWS_001,2020-01-24 08:10:00,-4.84,997.08,91.4,8,1,24,-0.4900000000000002,-0.01999999999998181,-2.299999999999997,0.31123410267145685,0.04929503057897321,1.1291589790685848,1,0.07946463359681549
AWS_001,2020-01-24 08:20:00,-5.28,997.0,92.5,8,1,24,-0.4400000000000004,-0.08000000000004093,1.0999999999999943,0.3458564249304985,0.052408651065842346,1.1889771514531797,1,0.09567267290620574
AWS_001,2020-01-24 08:30:00,-5.22,997.01,93.1,8,1,24,0.0600000000000005,0.009999999999990905,0.5999999999999943,0.3805478506912152,0.050464509376903235,1.1016654059548208,1,0.12097609741301923
AWS_001,2020-01-24 08:40:00,-5.06,997.02,93.2,8,1,24,0.16000000000000014,0.009999999999990905,0.10000000000000853,0.39142900590745766,0.04546060609558734,0.9325592027734629,1,0.12246947707337302
AWS_001,2020-01-24 08:50:00,-4.79,997.1,93.1,8,1,24,0.2699999999999996,0.08000000000004093,-0.10000000000000853,0.34273410490597106,0.046654760811458945,0.7991662321928923,1,0.11191195395442699
AWS_001,2020-01-24 09:00:00,-4.6,997.05,92.2,9,1,24,0.1900000000000004,-0.05000000000006821,-0.8999999999999915,0.2656124997040387,0.040331956392739794,0.7026141662941511,1,0.12329789251989876
AWS_001,2020-01-24 09:10:00,-4.57,997.1,91.4,9,1,24,0.02999999999999936,0.05000000000006821,-0.7999999999999972,0.31016124838385384,0.04457203951391208,0.7026141662941511,1,0.12889477152561568
AWS_001,2020-01-24 09:20:00,-4.35,997.13,91.6,9,1,24,0.22000000000000064,0.029999999999972715,0.19999999999998863,0.3262361108139935,0.04875106876978328,0.8115828156615511,1,0.13031738132102094
AWS_001,2020-01-24 09:30:00,-4.15,997.13,90.0,9,1,24,0.1999999999999993,0.0,-1.5999999999999943,0.320166623284998,0.044459720039387016,1.1973582031609444,1,0.10595250026885816
AWS_001,2020-01-24 09:40:00,-3.96,997.15,88.5,9,1,24,0.1900000000000004,0.01999999999998181,-1.5,0.3096880150501942,0.03521363427824317,1.643978913087485,1,0.09290550791248431
AWS_001,2020-01-24 09:50:00,-3.54,997.25,88.6,9,1,24,0.41999999999999993,0.10000000000002274,0.09999999999999432,0.40372020013751525,0.06625707538683266,1.5930055450863445,1,0.08688914399708558
AWS_001,2020-01-24 10:00:00,-2.82,997.2,86.3,10,1,24,0.7200000000000002,-0.049999999999954525,-2.299999999999997,0.6345838531398037,0.05513619535796038,2.012958022415906,1,0.040556605958516734
AWS_001,2020-01-24 10:10:00,-2.45,997.2,84.7,10,1,24,0.36999999999999966,0.0,-1.5999999999999943,0.7630137613432108,0.04802777014440049,2.4846864322635387,1,0.05064540294328912
AWS_001,2020-01-24 10:20:00,-2.63,997.22,84.6,10,1,24,-0.17999999999999972,0.01999999999998181,-0.10000000000000853,0.7220918685775364,0.04445972002707359,2.2480361800188637,1,0.07612471394304166
AWS_001,2020-01-24 10:30:00,-2.31,997.24,85.1,10,1,24,0.31999999999999984,0.01999999999998181,0.5,0.6552989139818685,0.03577708817142543,1.844993224921604,1,0.0855488637748274
AWS_001,2020-01-24 10:40:00,-1.99,997.25,84.1,10,1,24,0.32000000000000006,0.009999999999990905,-1.0,0.5307227776022391,0.02338090469845306,1.6609234379322877,1,0.08941679057832475
AWS_001,2020-01-24 10:50:00,-1.4,997.22,83.1,10,1,24,0.5900000000000001,-0.029999999999972715,-1.0,0.5101633725247795,0.020412415451636835,1.0616025621698293,1,0.07938452867915685
AWS_001,2020-01-24 11:00:00,-1.24,997.09,82.9,11,1,24,0.15999999999999992,-0.12999999999999545,-0.19999999999998863,0.5715126128668314,0.05819507457475238,0.8998147957617917,1,0.12036521345356727
AWS_001,2020-01-24 11:10:00,-1.14,996.98,83.8,11,1,24,0.10000000000000009,-0.11000000000001364,0.8999999999999915,0.6152966764083966,0.10838204051012264,0.8500980335653852,1,0.11523355407621455
AWS_001,2020-01-24 11:20:00,-0.68,996.89,82.6,11,1,24,0.45999999999999985,-0.09000000000003183,-1.2000000000000028,0.5943399700501715,0.15118421447263822,0.925202680500252,1,0.09914513531341945
AWS_001,2020-01-24 11:30:00,-0.28,996.74,81.2,11,1,24,0.4,-0.14999999999997726,-1.3999999999999915,0.5914868271279806,0.19712094436305425,1.0251829105113035,1,0.07880476782652751
AWS_001,2020-01-24 11:40:00,-0.23,996.6,81.6,11,1,24,0.05000000000000002,-0.13999999999998636,0.3999999999999915,0.5047936872286967,0.2272443619565839,0.9709102258555302,1,0.12346290438444968
AWS_001,2020-01-24 11:50:00,0.21,996.46,81.1,11,1,24,0.44,-0.13999999999998636,-0.5,0.5645174930852831,0.23813161635751903,1.0751744044590927,1,0.08854806421918732
AWS_001,2020-01-24 12:00:00,0.53,996.44,80.7,12,1,24,0.32000000000000006,-0.01999999999998181,-0.3999999999999915,0.5994914511478128,0.2235844360493567,1.1604596790368849,1,0.12732130071321163
AWS_001,2020-01-24 12:10:00,1.04,996.46,79.4,12,1,24,0.51,0.01999999999998181,-1.2999999999999972,0.6232629193735169,0.18356651849146247,1.0545141061186607,1,0.09329160435722511
AWS_001,2020-01-24 12:20:00,1.54,996.33,77.8,12,1,24,0.5,-0.12999999999999545,-1.6000000000000085,0.7202059890517581,0.14363147303212628,1.4394443372366708,1,0.07698914224415793
AWS_001,2020-01-24 12:30:00,1.96,996.17,76.6,12,1,24,0.41999999999999993,-0.16000000000008185,-1.2000000000000028,0.8273189630765413,0.14560219794483242,1.9856149341372547,1,0.05678083714656268
AWS_001,2020-01-24 12:40:00,2.62,996.16,74.1,12,1,24,0.6600000000000001,-0.009999999999990905,-2.5,0.9036075844447476,0.14151560590194273,2.6678955501795976,1,0.010694970171007623
AWS_001,2020-01-24 12:50:00,3.4,996.14,71.4,12,1,24,0.7799999999999998,-0.01999999999998181,-2.6999999999999886,1.0490074674024505,0.14596803319341115,3.4453833845694217,-1,-0.011307575339210563
AWS_001,2020-01-24 13:00:00,3.94,996.05,68.98,13,1,24,0.54,-0.09000000000003183,-2.4200000000000017,1.1136546442529376,0.14905256359768687,3.981892347448107,-1,-0.011744041669554783
AWS_001,2020-01-24 13:10:00,4.03,995.93,67.71,13,1,24,0.0900000000000003,-0.12000000000000455,-1.2700000000000102,1.0410331406826103,0.13341664082608345,4.088597559065686,1,0.01778757323838076
AWS_001,2020-01-24 13:20:00,4.2,995.87,66.95,13,1,24,0.16999999999999993,-0.05999999999994543,-0.7599999999999909,0.894436507901032,0.12754084332788376,3.8059357149935424,1,0.03899163125150573
AWS_001,2020-01-24 13:30:00,4.51,995.83,65.83,13,1,24,0.3099999999999996,-0.03999999999996362,-1.1200000000000045,0.6763628217652256,0.14023789330059258,3.0831504450257223,1,0.07336403585988055
AWS_001,2020-01-24 13:40:00,4.78,995.7,64.59,13,1,24,0.27000000000000046,-0.12999999999999545,-1.2399999999999949,0.47952754526329355,0.1577339533883896,2.4070202879621396,1,0.08108753946444058
AWS_001,2020-01-24 13:50:00,4.85,995.63,63.67,13,1,24,0.0699999999999994,-0.07000000000005002,-0.9200000000000017,0.38630298989211564,0.15280706807093852,1.9826287263783284,1,0.12676751794110214
AWS_001,2020-01-24 14:00:00,4.79,995.57,64.05,14,1,24,-0.05999999999999961,-0.05999999999994543,0.37999999999999545,0.34401550352602306,0.14307340791808187,1.635135060678493,1,0.1433679548058162
AWS_001,2020-01-24 14:10:00,4.63,995.41,64.6,14,1,24,-0.16000000000000014,-0.16000000000008185,0.5499999999999972,0.2432008771905834,0.17069465932154693,1.2226923843141222,1,0.12799412846581976
AWS_001,2020-01-24 14:20:00,4.68,995.31,64.52,14,1,24,0.04999999999999982,-0.10000000000002274,-0.0799999999999983,0.12500666648732772,0.19034179797207976,0.7304154069154816,1,0.14867202096933213
AWS_001,2020-01-24 14:30:00,4.76,995.13,64.27,14,1,24,0.08000000000000007,-0.17999999999994998,-0.25,0.07985403350035884,0.215630857539353,0.36908896848775297,1,0.12206828514424917
AWS_001,2020-01-24 14:40:00,4.79,994.98,64.25,14,1,24,0.03000000000000025,-0.14999999999997726,-0.01999999999999602,0.08074651695032957,0.251588288130489,0.3373227929733181,1,0.1223988319456148
AWS_001,2020-01-24 14:50:00,4.83,994.88,64.05,14,1,24,0.040000000000000036,-0.10000000000002274,-0.20000000000000284,0.0760701430672793,0.2637170201670074,0.23073794658159139,1,0.1262890010211542
AWS_001,2020-01-24 15:00:00,4.8,994.93,64.16,15,1,24,-0.03000000000000025,0.049999999999954525,0.10999999999999943,0.07730890418494135,0.21565404407733343,0.21141586189159642,1,0.1273535492142337
AWS_001,2020-01-24 15:10:00,4.81,995.12,63.99,15,1,24,0.009999999999999787,0.19000000000005457,-0.1699999999999946,0.053447793839205684,0.15917495634499465,0.1885382365975454,1,0.11302075713055992
AWS_001,2020-01-24 15:20:00,4.65,995.18,65.8,15,1,24,-0.15999999999999925,0.05999999999994543,1.8099999999999952,0.06470445630926748,0.12274635117862617,0.6848649501856302,1,0.11533474741516286
AWS_001,2020-01-24 15:30:00,4.27,995.27,69.19,15,1,24,-0.3800000000000008,0.09000000000003183,3.3900000000000006,0.21637159394493796,0.1534926710326841,2.0513995222757613,1,0.07229673984551122
AWS_001,2020-01-24 15:40:00,3.71,995.28,72.1,15,1,24,-0.5599999999999996,0.009999999999990905,2.9099999999999966,0.44579890832780433,0.17017637926636706,3.3719514626786404,1,0.028429914025091874
AWS_001,2020-01-24 15:50:00,3.3,995.28,74.0,15,1,24,-0.41000000000000014,0.0,1.9000000000000057,0.6277472952281408,0.13721030109349755,4.234041410598342,1,0.039325733738716506
AWS_001,2020-01-24 16:00:00,3.12,995.24,74.9,16,1,24,-0.17999999999999972,-0.03999999999996362,0.9000000000000057,0.7066446537448857,0.0652431354674258,4.446034937634054,1,0.06548663110631592
AWS_001,2020-01-24 16:10:00,2.81,995.38,76.1,16,1,24,-0.31000000000000005,0.13999999999998636,1.1999999999999886,0.7066446537448713,0.06524313546394485,3.887537781166524,1,0.04141775820245275
AWS_001,2020-01-24 16:20:00,2.42,995.39,77.7,16,1,24,-0.3900000000000001,0.009999999999990905,1.6000000000000085,0.6559090384086699,0.0625033337094402,3.0217903081889967,1,0.06977358028311864
AWS_001,2020-01-24 16:30:00,2.04,995.35,79.0,16,1,24,-0.3799999999999999,-0.03999999999996362,1.2999999999999972,0.6070584815316367,0.061644140500013184,2.510511236116239,1,0.0935132447947451
AWS_001,2020-01-24 16:40:00,1.57,995.38,80.7,16,1,24,-0.47,0.029999999999972715,1.7000000000000028,0.6621379513863715,0.062182527485391124,2.544536631032591,1,0.0662628867679852
AWS_001,2020-01-24 16:50:00,1.31,995.41,82.2,16,1,24,-0.26,0.029999999999972715,1.5,0.704369694596609,0.06112828088728964,2.760917721821395,1,0.06301258363461126
AWS_001,2020-01-24 17:00:00,1.02,995.32,82.9,17,1,24,-0.29000000000000004,-0.08999999999991815,0.7000000000000028,0.6842051349311099,0.031885211683286334,2.642473588641555,1,0.0825644857434959
AWS_001,2020-01-24 17:10:00,0.66,995.45,83.9,17,1,24,-0.36,0.12999999999999545,1.0,0.6503742512323776,0.045460606286784985,2.383834446153693,1,0.06512055959624274
AWS_001,2020-01-24 17:20:00,0.39,995.38,84.5,17,1,24,-0.27,-0.07000000000005002,0.5999999999999943,0.6045411483095158,0.045350487582607166,2.057182539300498,1,0.1124704799447136
AWS_001,2020-01-24 17:30:00,0.23,995.36,85.2,17,1,24,-0.16,-0.01999999999998181,0.7000000000000028,0.5272444088523232,0.044121046270030155,1.6439789130855873,1,0.12982655666261045
AWS_001,2020-01-24 17:40:00,0.07,995.35,85.6,17,1,24,-0.16,-0.009999999999990905,0.3999999999999915,0.4785255130774324,0.04622409246287567,1.3187114923302403,1,0.13853400512183406
AWS_001,2020-01-24 17:50:00,-0.11,995.22,85.9,17,1,24,-0.18,-0.12999999999999545,0.30000000000001137,0.411517516839812,0.0758067722855746,1.1325487480328909,1,0.12885634402030072
AWS_001,2020-01-24 18:00:00,-0.39,995.24,86.8,18,1,24,-0.28,0.01999999999998181,0.8999999999999915,0.3712905421176119,0.0875595039073413,1.0303721010738045,1,0.12202502592928754
AWS_001,2020-01-24 18:10:00,-0.66,995.11,87.5,18,1,24,-0.27,-0.12999999999999545,0.7000000000000028,0.39316239223249255,0.10519822586483411,1.087044923943623,1,0.11191615714951497
AWS_001,2020-01-24 18:20:00,-0.67,995.03,88.6,18,1,24,-0.010000000000000009,-0.08000000000004093,1.0999999999999943,0.3785102376413332,0.13044794642209467,1.2884098726745732,1,0.13173602727892658
AWS_001,2020-01-24 18:30:00,-0.45,995.12,87.9,18,1,24,0.22000000000000003,0.09000000000003183,-0.6999999999999886,0.2973494016573063,0.11409060752827704,1.1674759098180838,1,0.12584322199704223
AWS_001,2020-01-24 18:40:00,-0.4,995.3,87.6,18,1,24,0.04999999999999999,0.17999999999994998,-0.30000000000001137,0.20694604771764333,0.10000000029796617,0.9325592027707469,1,0.13808513831506286
AWS_001,2020-01-24 18:50:00,-0.39,995.42,87.2,18,1,24,0.010000000000000009,0.12000000000000455,-0.3999999999999915,0.1348579499545732,0.14375905789168283,0.6164414003016581,1,0.15190625128465945
AWS_001,2020-01-24 19:00:00,-0.55,995.34,86.7,19,1,24,-0.16000000000000003,-0.07999999999992724,-0.5,0.12585706177756503,0.15427248639684482,0.643169236416454,1,0.15530697172918484
AWS_001,2020-01-24 19:10:00,-0.68,995.43,86.9,19,1,24,-0.13,0.08999999999991815,0.20000000000000284,0.13048627002849106,0.16366632740174522,0.7026141662907661,1,0.15058127454052445
AWS_001,2020-01-24 19:20:00,-0.9,995.41,87.0,19,1,24,-0.21999999999999997,-0.01999999999998181,0.09999999999999432,0.19833473388679518,0.11775681179669154,0.4535048695133582,1,0.15902916795759026
AWS_001,2020-01-24 19:30:00,-1.09,995.37,87.4,19,1,24,-0.19000000000000006,-0.03999999999996362,0.4000000000000057,0.2810990335556833,0.051153364738763404,0.3326659986717631,1,0.15229612135998294
AWS_001,2020-01-24 19:40:00,-1.34,995.27,88.2,19,1,24,-0.25,-0.10000000000002274,0.7999999999999972,0.35410450434760443,0.06088240077516994,0.5316640543353808,1,0.1279025470186193
AWS_001,2020-01-24 19:50:00,-1.5,995.27,88.7,19,1,24,-0.15999999999999992,0.0,0.5,0.3709447398188184,0.0682397737716698,0.7985403350316534,1,0.13878276163480363
AWS_001,2020-01-24 20:00:00,-1.61,995.37,89.2,20,1,24,-0.1100000000000001,0.10000000000002274,0.5,0.3603146772834912,0.06860515085878402,0.9465727652991144,1,0.12575646518963668
AWS_001,2020-01-24 20:10:00,-1.62,995.52,88.8,20,1,24,-0.010000000000000009,0.14999999999997726,-0.4000000000000057,0.2942561242623448,0.09389710711305989,0.8588752334727311,1,0.13693049148100733
AWS_001,2020-01-24 20:20:00,-1.54,995.7,89.1,20,1,24,0.08000000000000007,0.18000000000006366,0.29999999999999716,0.20337158110026854,0.16633299950310104,0.6713171133473445,1,0.13126516460864407
AWS_001,2020-01-24 20:30:00,-1.33,995.79,88.8,20,1,24,0.20999999999999996,0.08999999999991815,-0.29999999999999716,0.12806248474561385,0.22187083342106967,0.35213633724235477,1,0.11981934957972834
AWS_001,2020-01-24 20:40:00,-1.63,995.78,88.0,20,1,24,-0.2999999999999998,-0.009999999999990905,-0.7999999999999972,0.11409060726406965,0.21994696342998216,0.42268979958488845,1,0.1213119533828409
AWS_001,2020-01-24 20:50:00,-1.84,995.87,89.1,20,1,24,-0.2100000000000002,0.09000000000003183,1.0999999999999943,0.16452963258700218,0.18967516105440227,0.44121045621465593,1,0.1146558150696474
AWS_001,2020-01-24 21:00:00,-1.99,995.97,89.4,21,1,24,-0.1499999999999999,0.10000000000002274,0.30000000000001137,0.23112045921094176,0.15354695281885916,0.48027769745550586,1,0.13964293987947896
AWS_001,2020-01-24 21:10:00,-2.12,996.09,89.9,21,1,24,-0.13000000000000012,0.12000000000000455,0.5,0.2956630965573339,0.1426417425543643,0.6348228099293435,1,0.13299653793903565
AWS_001,2020-01-24 21:20:00,-2.28,996.07,90.3,21,1,24,-0.1599999999999997,-0.01999999999998181,0.3999999999999915,0.344949271631637,0.13600245114810713,0.8167006795679069,1,0.14174084294541867
AWS_001,2020-01-24 21:30:00,-2.32,996.04,90.6,21,1,24,-0.040000000000000036,-0.030000000000086402,0.29999999999999716,0.2654806960951898,0.12280065167243862,0.9396807968703104,1,0.1549992474806554
AWS_001,2020-01-24 21:40:00,-2.32,996.11,90.5,21,1,24,0.0,0.07000000000005002,-0.09999999999999432,0.19856988693953392,0.0902773507064874,0.6121002096664315,1,0.14114092728424266
AWS_001,2020-01-24 21:50:00,-2.2,996.23,90.5,21,1,24,0.11999999999999966,0.12000000000000455,0.0,0.13080519867029564,0.08619744804770448,0.46475800155256275,1,0.14227792681716983
AWS_001,2020-01-24 22:00:00,-2.1,996.26,90.2,22,1,24,0.10000000000000009,0.029999999999972715,-0.29999999999999716,0.09831920802081869,0.09003702969379686,0.2581988897610984,1,0.14031259993111705
AWS_001,2020-01-24 22:10:00,-2.17,996.25,89.9,22,1,24,-0.06999999999999984,-0.009999999999990905,-0.29999999999999716,0.08953584011914169,0.09797958996202705,0.2581988897610984,1,0.1462972748386696
AWS_001,2020-01-24 22:20:00,-2.23,996.38,90.3,22,1,24,-0.06000000000000005,0.12999999999999545,0.3999999999999915,0.086409875973994,0.12023587948374975,0.2581988897610984,1,0.13078855744053075
AWS_001,2020-01-24 22:30:00,-2.28,996.39,90.1,22,1,24,-0.04999999999999982,0.009999999999990905,-0.20000000000000284,0.0786553664147682,0.10411532090866507,0.23452078800643233,1,0.1393261193000923
AWS_001,2020-01-24 22:40:00,-2.45,996.4,90.4,22,1,24,-0.17000000000000037,0.009999999999990905,0.30000000000001137,0.11990273835838823,0.07935153882592592,0.21602468996347862,1,0.1405658735366856
AWS_001,2020-01-24 22:50:00,-2.54,996.28,90.9,22,1,24,-0.08999999999999986,-0.12000000000000455,0.5,0.16861198059203825,0.07033254377563804,0.3405877273290714,1,0.1290001121260969
AWS_001,2020-01-24 23:00:00,-2.4,996.26,91.5,23,1,24,0.14000000000000012,-0.01999999999998181,0.5999999999999943,0.14152738250659044,0.07033254377563804,0.5879342366914387,1,0.13822587789162816
AWS_001,2020-01-24 23:10:00,-2.39,996.17,90.7,23,1,24,0.009999999999999787,-0.09000000000003183,-0.7999999999999972,0.11267948644642975,0.09201449187004496,0.5049752469253713,1,0.13373035445878917
AWS_001,2020-01-24 23:20:00,-2.88,996.1,90.6,23,1,24,-0.48999999999999977,-0.06999999999993634,-0.10000000000000853,0.20899760763979508,0.11860297936653352,0.47749345546024236,1,0.10956675521992737
AWS_001,2020-01-24 23:30:00,-2.92,996.02,92.0,23,1,24,-0.040000000000000036,-0.08000000000004093,1.4000000000000057,0.24121912582922966,0.13649175817109377,0.6112828041701952,1,0.10867506539840743
AWS_001,2020-01-24 23:40:00,-2.74,996.0,91.5,23,1,24,0.17999999999999972,-0.01999999999998181,-0.5,0.2349255201104131,0.11872938438330104,0.5513619500905008,1,0.12745801112147798
AWS_001,2020-01-24 23:50:00,-2.96,995.9,91.2,23,1,24,-0.21999999999999975,-0.10000000000002274,-0.29999999999999716,0.25874698065705765,0.1289573574871477,0.5319774431379813,1,0.12439219068703511
AWS_001,2020-01-25 00:00:00,-2.88,995.81,91.6,0,1,25,0.08000000000000007,-0.09000000000003183,0.3999999999999915,0.2118253997969527,0.13069047421635097,0.5428320796289567,1,0.1270113329311337
AWS_001,2020-01-25 00:10:00,-2.77,995.78,91.5,0,1,25,0.10999999999999988,-0.029999999999972715,-0.09999999999999432,0.08588752334187788,0.1261348486803212,0.4690415759905481,1,0.13975285530778148
AWS_001,2020-01-25 00:20:00,-2.67,995.77,91.2,0,1,25,0.10000000000000009,-0.009999999999990905,-0.29999999999999716,0.11360751148495338,0.11081516165307836,0.29664793949688,1,0.1440890495089785
AWS_001,2020-01-25 00:30:00,-2.68,995.73,90.9,0,1,25,-0.010000000000000231,-0.03999999999996362,-0.29999999999999716,0.1150072461447813,0.10028293334052361,0.26394443861221717,1,0.14324653383563274
AWS_001,2020-01-25 00:40:00,-2.84,995.6,90.7,0,1,25,-0.1599999999999997,-0.12999999999999545,-0.20000000000000284,0.11471704319384546,0.0989444291176804,0.34302575220273807,1,0.11271495909951246
AWS_001,2020-01-25 00:50:00,-3.1,995.53,90.8,0,1,25,-0.26000000000000023,-0.07000000000005002,0.09999999999999432,0.15933193862438197,0.11236844183641793,0.37638632636457936,1,0.12480120313096571
AWS_001,2020-01-25 01:00:00,-2.94,995.55,90.9,1,1,25,0.16000000000000014,0.01999999999998181,0.10000000000000853,0.16536827587479766,0.11313708523087271,0.29664793949647444,1,0.13282740979931817
AWS_001,2020-01-25 01:10:00,-3.05,995.49,89.8,1,1,25,-0.10999999999999988,-0.05999999999994543,-1.1000000000000085,0.18253766734330082,0.11356349202855048,0.4792355023097076,1,0.11748823885794873
AWS_001,2020-01-25 01:20:00,-3.06,995.48,90.3,1,1,25,-0.010000000000000231,-0.009999999999990905,0.5,0.1609658348815966,0.09244818398561556,0.43665394384336675,1,0.137339354507363
AWS_001,2020-01-25 01:30:00,-2.85,995.51,90.4,1,1,25,0.20999999999999996,0.029999999999972715,0.10000000000000853,0.11272385136160978,0.04412104625497605,0.4070217029519737,1,0.11277111445209403
AWS_001,2020-01-25 01:40:00,-2.76,995.55,90.1,1,1,25,0.0900000000000003,0.03999999999996362,-0.30000000000001137,0.13431306711980223,0.029944393844633897,0.41673332800950347,1,0.11917890182118795
AWS_001,2020-01-25 01:50:00,-2.95,995.48,89.7,1,1,25,-0.1900000000000004,-0.06999999999993634,-0.3999999999999915,0.11571516754138192,0.032863354304548835,0.43817804601225624,1,0.11274604704023489
AWS_001,2020-01-25 02:00:00,-2.76,995.43,91.3,2,1,25,0.1900000000000004,-0.05000000000006821,1.5999999999999943,0.1357571360891649,0.039496836029811376,0.5750362307488261,1,0.09500069892569085
AWS_001,2020-01-25 02:10:00,-2.78,995.42,90.9,2,1,25,-0.020000000000000018,-0.009999999999990905,-0.3999999999999915,0.1221474518732788,0.048751068943780444,0.5718391382261665,1,0.1392651036375639
AWS_001,2020-01-25 02:20:00,-2.68,995.41,91.1,2,1,25,0.09999999999999964,-0.009999999999990905,0.19999999999998863,0.09266426854945602,0.05609515775261291,0.6210206652551734,1,0.1342324623082703
AWS_001,2020-01-25 02:30:00,-2.78,995.38,90.6,2,1,25,-0.09999999999999964,-0.029999999999972715,-0.5,0.0889381807726006,0.06090976979814931,0.6145459028209335,1,0.12937557465416105
AWS_001,2020-01-25 02:40:00,-2.44,995.4,91.1,2,1,25,0.33999999999999986,0.01999999999998181,0.5,0.16785906786888175,0.034058773570735015,0.5810909280603859,1,0.0985032352533885
AWS_001,2020-01-25 02:50:00,-2.43,995.38,90.0,2,1,25,0.009999999999999787,-0.01999999999998181,-1.0999999999999943,0.16682325976658244,0.02065591256745687,0.4718756898528541,1,0.11620861190309828
AWS_001,2020-01-25 03:00:00,-2.46,995.28,90.3,3,1,25,-0.029999999999999805,-0.10000000000002274,0.29999999999999716,0.17038192392138257,0.050760877891104964,0.4501851471050778,1,0.13797645987284607
AWS_001,2020-01-25 03:10:00,-2.46,995.24,90.3,3,1,25,0.0,-0.03999999999996362,0.0,0.14972196454035017,0.07054549400643279,0.4546060565742249,1,0.14683212771936177
AWS_001,2020-01-25 03:20:00,-2.55,995.29,90.2,3,1,25,-0.08999999999999986,0.049999999999954525,-0.09999999999999432,0.13431306711990673,0.06645800722889876,0.38686776380811283,1,0.13185601262954466
AWS_001,2020-01-25 03:30:00,-2.66,995.29,90.8,3,1,25,-0.11000000000000032,0.0,0.5999999999999943,0.08921883208806237,0.06250333371111373,0.4135214625714604,1,0.12274581534783019
AWS_001,2020-01-25 03:40:00,-2.64,995.21,91.2,3,1,25,0.020000000000000018,-0.07999999999992724,0.4000000000000057,0.09912954486843178,0.057763887727128926,0.44572039068671454,1,0.13098199332827365
AWS_001,2020-01-25 03:50:00,-2.69,995.13,91.4,3,1,25,-0.04999999999999982,-0.08000000000004093,0.20000000000000284,0.10171856598389341,0.06260990384232741,0.5138093031537777,1,0.1357922458932106
AWS_001,2020-01-25 04:00:00,-2.72,995.04,91.6,4,1,25,-0.03000000000000025,-0.09000000000003183,0.19999999999998863,0.0973652915527409,0.09838699131278172,0.581090928060441,1,0.14524044903289468
AWS_001,2020-01-25 04:10:00,-2.72,995.04,91.5,4,1,25,0.0,0.0,-0.09999999999999432,0.06408327914373704,0.11465891472800932,0.5307227776101603,1,0.15139470105230235
AWS_001,2020-01-25 04:20:00,-2.76,995.11,91.0,4,1,25,-0.03999999999999959,0.07000000000005002,-0.5,0.04400757509579284,0.09831920833145283,0.30822070016084896,1,0.12487308558750781
AWS_001,2020-01-25 04:30:00,-2.8,995.04,90.6,4,1,25,-0.040000000000000036,-0.07000000000005002,-0.4000000000000057,0.05528712929616014,0.06892024420084682,0.37103458959279795,1,0.1372120055843576
AWS_001,2020-01-25 04:40:00,-2.93,994.96,90.7,4,1,25,-0.13000000000000034,-0.07999999999992724,0.10000000000000853,0.08717797886588412,0.060553007586860164,0.42739521133753305,1,0.13321207351498898
AWS_001,2020-01-25 04:50:00,-2.93,994.82,91.0,4,1,25,0.0,-0.13999999999998636,0.29999999999999716,0.09757048733678614,0.10087946633662948,0.4082482904731154,1,0.13167397888805843
AWS_001,2020-01-25 05:00:00,-3.04,994.79,91.6,5,1,25,-0.10999999999999988,-0.030000000000086402,0.5999999999999943,0.12274635092662073,0.12946041890148047,0.4082482904731154,1,0.14682722561681266
AWS_001,2020-01-25 05:10:00,-3.13,994.84,92.2,5,1,25,-0.08999999999999986,0.05000000000006821,0.6000000000000085,0.1399166418471964,0.1304862702707589,0.6080021929847594,1,0.1380635921008337
AWS_001,2020-01-25 05:20:00,-3.21,994.91,92.7,5,1,25,-0.08000000000000007,0.06999999999993634,0.5,0.14975535605043197,0.0950087718557268,0.8524474568408366,1,0.14221438175159634
AWS_001,2020-01-25 05:30:00,-3.37,994.92,92.8,5,1,25,-0.16000000000000014,0.009999999999990905,0.09999999999999432,0.17162944580049574,0.06623191624702839,0.8778762251448567,1,0.1397584050932026
AWS_001,2020-01-25 05:40:00,-3.53,994.95,93.3,5,1,25,-0.1599999999999997,0.030000000000086402,0.5,0.21967400088717506,0.06369196754514432,0.8477420991520899,1,0.13153836621358866
AWS_001,2020-01-25 05:50:00,-3.53,995.02,93.6,5,1,25,0.0,0.06999999999993634,0.29999999999999716,0.20750100401147914,0.0811788153568646,0.7266360849891337,1,0.13526999930497857
AWS_001,2020-01-25 06:00:00,-3.47,994.97,93.7,6,1,25,0.05999999999999961,-0.049999999999954525,0.10000000000000853,0.16990193249568133,0.06090976984373171,0.582237065127695,1,0.15013687648586632
AWS_001,2020-01-25 06:10:00,-3.59,994.93,93.4,6,1,25,-0.11999999999999966,-0.04000000000007731,-0.29999999999999716,0.13914021704415722,0.040496914231285375,0.41352146257312494,1,0.14234363682760026
AWS_001,2020-01-25 06:20:00,-3.52,994.91,93.7,6,1,25,0.06999999999999984,-0.01999999999998181,0.29999999999999716,0.07494442384699705,0.040496914231285375,0.3430257522043631,1,0.13542230958891982
AWS_001,2020-01-25 06:30:00,-3.36,995.05,93.6,6,1,25,0.16000000000000014,0.13999999999998636,-0.10000000000000853,0.07848566747560852,0.05382069052593442,0.16431676727823083,1,0.114326563292654
AWS_001,2020-01-25 06:40:00,-3.55,995.17,93.1,6,1,25,-0.18999999999999995,0.12000000000000455,-0.5,0.08041558720645042,0.09516652104755703,0.23166067140414337,1,0.10963328362909364
AWS_001,2020-01-25 06:50:00,-3.61,995.23,93.5,6,1,25,-0.06000000000000005,0.06000000000005912,0.4000000000000057,0.09157874570967511,0.13185851025977124,0.22803508503899897,1,0.1247724725281395
AWS_001,2020-01-25 07:00:00,-3.7,995.21,93.7,7,1,25,-0.0900000000000003,-0.01999999999998181,0.20000000000000284,0.11362218092911308,0.14123266876863297,0.22803508503899897,1,0.14567711113096848
AWS_001,2020-01-25 07:10:00,-3.59,995.33,94.1,7,1,25,0.11000000000000032,0.12000000000000455,0.3999999999999915,0.11362218092911308,0.14859340517042416,0.3250640962571384,1,0.12501870157982475
AWS_001,2020-01-25 07:20:00,-3.43,995.43,93.8,7,1,25,0.1599999999999997,0.09999999999990905,-0.29999999999999716,0.12457929201552362,0.131250397050368,0.33266599867656843,1,0.1365283547247127
AWS_001,2020-01-25 07:30:00,-3.52,995.55,93.4,7,1,25,-0.08999999999999986,0.12000000000000455,-0.3999999999999915,0.09092121130821985,0.14683323894238734,0.34641016152646803,1,0.13302830595816822
AWS_001,2020-01-25 07:40:00,-3.49,995.64,93.6,7,1,25,0.029999999999999805,0.09000000000003183,0.19999999999998863,0.09626352718322055,0.17371432504007966,0.24832774044698133,1,0.1315460039385527
AWS_001,2020-01-25 07:50:00,-3.42,995.75,93.5,7,1,25,0.07000000000000028,0.11000000000001364,-0.09999999999999432,0.10597169432961868,0.2005741759462514,0.24832774044698133,1,0.12457330548409973
AWS_001,2020-01-25 08:00:00,-3.51,995.77,93.4,8,1,25,-0.08999999999999986,0.01999999999998181,-0.09999999999999432,0.06282250126952078,0.17577447687925143,0.27325202044170926,1,0.14260265270525274
AWS_001,2020-01-25 08:10:00,-3.36,995.81,93.6,8,1,25,0.1499999999999999,0.03999999999996362,0.19999999999998863,0.06220932405270846,0.14702607497077935,0.1516575089099335,1,0.13665962509116475
AWS_001,2020-01-25 08:20:00,-3.28,995.88,93.6,8,1,25,0.08000000000000007,0.07000000000005002,0.0,0.09549869108577676,0.11944315267311968,0.09831920806951268,1,0.13999154171578843
AWS_001,2020-01-25 08:30:00,-3.07,995.96,93.1,8,1,25,0.20999999999999996,0.08000000000004093,-0.5,0.16330952207113264,0.11052903111739294,0.19663841607221694,1,0.12939640477883468
AWS_001,2020-01-25 08:40:00,-3.15,996.1,92.7,8,1,25,-0.08000000000000007,0.13999999999998636,-0.3999999999999915,0.1660622373261672,0.13317907763203735,0.35449494590939884,1,0.14480211607286586
AWS_001,2020-01-25 08:50:00,-3.12,996.14,92.6,8,1,25,0.029999999999999805,0.03999999999996362,-0.10000000000000853,0.16726226910387082,0.1518771435016064,0.4412104562170123,1,0.15454064850941918
AWS_001,2020-01-25 09:00:00,-3.13,996.2,92.7,9,1,25,-0.009999999999999787,0.06000000000005912,0.10000000000000853,0.11077003204438195,0.15514509354391373,0.4593473631234768,1,0.15362721287033754
AWS_001,2020-01-25 09:10:00,-3.13,996.24,92.7,9,1,25,0.0,0.03999999999996362,0.0,0.0706163342703563,0.1400952059015887,0.3847076812443579,1,0.15222850274499172
AWS_001,2020-01-25 09:20:00,-3.11,996.25,92.7,9,1,25,0.020000000000000018,0.009999999999990905,0.0,0.02714160396484758,0.10888832222013443,0.17606816864025274,1,0.14177603115886123
AWS_001,2020-01-25 09:30:00,-3.07,996.27,92.6,9,1,25,0.040000000000000036,0.01999999999998181,-0.10000000000000853,0.02714160396484758,0.06723094561787127,0.05163977802967571,1,0.13629096874601104
AWS_001,2020-01-25 09:40:00,-3.04,996.39,92.2,9,1,25,0.029999999999999805,0.12000000000000455,-0.3999999999999915,0.036878177817229574,0.08328665388162694,0.19407902172801966,1,0.12873962071982564
AWS_001,2020-01-25 09:50:00,-2.97,996.42,91.9,9,1,25,0.06999999999999984,0.029999999999972715,-0.29999999999999716,0.06252999279642436,0.08871302073320131,0.33862466932406626,1,0.15058891183528755
AWS_001,2020-01-25 10:00:00,-2.85,996.49,91.1,10,1,25,0.1200000000000001,0.07000000000005002,-0.8000000000000114,0.10400320507460677,0.10424330536655387,0.626099033706331,1,0.1402934401556536
AWS_001,2020-01-25 10:10:00,-2.87,996.52,91.0,10,1,25,-0.020000000000000018,0.029999999999972715,-0.09999999999999432,0.10728466805246224,0.11117553708692471,0.7305249254299861,1,0.15948178563927956
AWS_001,2020-01-25 10:20:00,-2.72,996.62,90.9,10,1,25,0.1499999999999999,0.10000000000002274,-0.09999999999999432,0.13175735273270897,0.1202358794726368,0.7139094246991649,1,0.14918060620894608
AWS_001,2020-01-25 10:30:00,-2.67,996.64,90.3,10,1,25,0.050000000000000266,0.01999999999998181,-0.6000000000000085,0.14151560573238137,0.10191499748259908,0.6976149845538425,1,0.15733796083887114
AWS_001,2020-01-25 10:40:00,-2.77,996.71,90.3,10,1,25,-0.10000000000000009,0.07000000000005002,0.0,0.10962055767877643,0.10801234518005617,0.5946988033230469,1,0.1484305578699895
AWS_001,2020-01-25 10:50:00,-2.68,996.75,90.6,10,1,25,0.08999999999999986,0.03999999999996362,0.29999999999999716,0.08532291602578194,0.10225784425011503,0.3521363372432118,1,0.144433334260547
AWS_001,2020-01-25 11:00:00,-2.58,996.78,90.0,11,1,25,0.10000000000000009,0.029999999999972715,-0.5999999999999943,0.0985393322442657,0.0959166306928758,0.3868677638077642,1,0.15015717672919077
AWS_001,2020-01-25 11:10:00,-2.52,996.75,89.8,11,1,25,0.06000000000000005,-0.029999999999972715,-0.20000000000000284,0.09179687721168135,0.06493586612740204,0.39707262141011,1,0.15667946638018349
AWS_001,2020-01-25 11:20:00,-2.46,996.68,89.5,11,1,25,0.06000000000000005,-0.07000000000005002,-0.29999999999999716,0.11448435118311806,0.05192943971975081,0.39707262140992544,1,0.1581647333816461
AWS_001,2020-01-25 11:30:00,-2.58,996.57,89.3,11,1,25,-0.1200000000000001,-0.10999999999989996,-0.20000000000000284,0.11143009766584853,0.07554248281419053,0.4875106836503681,1,0.150060411823758
AWS_001,2020-01-25 11:40:00,-2.61,996.49,89.8,11,1,25,-0.029999999999999805,-0.08000000000004093,0.5,0.07547626557946792,0.11610340237679866,0.4501851471041666,1,0.1488164714809887
AWS_001,2020-01-25 11:50:00,-2.52,996.44,89.6,11,1,25,0.08999999999999986,-0.049999999999954525,-0.20000000000000284,0.05504543577043893,0.1399166420076872,0.25033311141977305,1,0.15509385201857895
AWS_001,2020-01-25 12:00:00,-2.39,996.41,89.2,12,1,25,0.1299999999999999,-0.030000000000086402,-0.3999999999999915,0.07991662321336111,0.13589211423551753,0.2503331114196182,1,0.15969145589072847
AWS_001,2020-01-25 12:10:00,-2.44,996.38,89.3,12,1,25,-0.04999999999999982,-0.029999999999972715,0.09999999999999432,0.08508818953979784,0.11256109472375585,0.22583179582669963,1,0.16183562624036063
AWS_001,2020-01-25 12:20:00,-2.5,996.34,89.5,12,1,25,-0.06000000000000005,-0.03999999999996362,0.20000000000000284,0.08286535262597258,0.08232051210175564,0.22583179582669963,1,0.15530961099764207
AWS_001,2020-01-25 12:30:00,-2.32,996.28,89.0,12,1,25,0.18000000000000016,-0.06000000000005912,-0.5,0.10250203249609106,0.0742967027972679,0.28982753493462954,1,0.14763108732365693
AWS_001,2020-01-25 12:40:00,-2.19,996.15,88.3,12,1,25,0.1299999999999999,-0.12999999999999545,-0.7000000000000028,0.12355835328230304,0.10576703982725212,0.46797435827846967,1,0.1460074494645685
AWS_001,2020-01-25 12:50:00,-2.09,996.04,87.9,12,1,25,0.10000000000000009,-0.11000000000001364,-0.3999999999999915,0.15587388064021238,0.14417581875797503,0.6282250127722162,1,0.16015597951534788
AWS_001,2020-01-25 13:00:00,-2.02,995.9,87.4,13,1,25,0.06999999999999984,-0.13999999999998636,-0.5,0.1923538406145731,0.18680649537806449,0.8334666560051928,1,0.14401837485213914
AWS_001,2020-01-25 13:10:00,-2.05,995.8,87.9,13,1,25,-0.029999999999999805,-0.10000000000002274,0.5,0.18512158166778112,0.2120141505885668,0.7814516406485736,1,0.15397556503421045
AWS_001,2020-01-25 13:20:00,-1.77,995.71,86.8,13,1,25,0.2799999999999998,-0.08999999999991815,-1.1000000000000085,0.18446318512336196,0.21642550693224577,0.7521081482553548,1,0.13204402142671812
AWS_001,2020-01-25 13:30:00,-1.86,995.57,86.4,13,1,25,-0.09000000000000008,-0.13999999999998636,-0.3999999999999915,0.15461780837232417,0.21367420695716413,0.7286974680930225,1,0.1495581056406416
AWS_001,2020-01-25 13:40:00,-1.87,995.55,87.0,13,1,25,-0.010000000000000009,-0.020000000000095497,0.5999999999999943,0.1273839340963541,0.1909362896879982,0.6088240030351347,1,0.16179303287317698
AWS_001,2020-01-25 13:50:00,-1.7,995.39,86.8,13,1,25,0.17000000000000015,-0.15999999999996817,-0.20000000000000284,0.13673575489193962,0.18575970155267954,0.5282045058544573,1,0.1376608491643938
AWS_001,2020-01-25 14:00:00,-1.28,995.3,85.4,14,1,25,0.41999999999999993,-0.09000000000003183,-1.3999999999999915,0.26082561223777484,0.18790068313334526,0.8158839786828882,1,0.09644743209803663
AWS_001,2020-01-25 14:10:00,-1.3,995.22,84.8,14,1,25,-0.020000000000000018,-0.07999999999992724,-0.6000000000000085,0.27070278904957445,0.18478816716167284,0.8944271910024042,1,0.15771448434973528
AWS_001,2020-01-25 14:20:00,-1.12,995.06,84.7,14,1,25,0.17999999999999994,-0.16000000000008185,-0.09999999999999432,0.3275616990215618,0.19671468354973612,1.0153817016296147,1,0.13476437591668894
AWS_001,2020-01-25 14:30:00,-0.91,994.9,84.2,14,1,25,0.21000000000000008,-0.15999999999996817,-0.5,0.3593698188021675,0.2326083977959643,1.1634718160190707,1,0.12364377332856358
AWS_001,2020-01-25 14:40:00,-0.38,994.77,82.0,14,1,25,0.53,-0.12999999999999545,-2.200000000000003,0.44406080664617575,0.24030536141862338,1.5770225109374894,1,0.0608848584061098
AWS_001,2020-01-25 14:50:00,-0.28,994.69,80.8,14,1,25,0.09999999999999998,-0.07999999999992724,-1.2000000000000028,0.4483042121884808,0.24511221932218166,1.824006578936332,1,0.11463873096321725
AWS_001,2020-01-25 15:00:00,-0.21,994.59,80.7,15,1,25,0.07000000000000003,-0.10000000000002274,-0.09999999999999432,0.46891363810330733,0.2367628913679784,1.928384470656522,1,0.11688453521878206
AWS_001,2020-01-25 15:10:00,-0.12,994.62,80.2,15,1,25,0.09,0.029999999999972715,-0.5,0.4107878609038478,0.18015733881791296,1.9204166214658056,1,0.1328378600244135
AWS_001,2020-01-25 15:20:00,-0.55,994.62,81.7,15,1,25,-0.43000000000000005,0.0,1.5,0.2868739560607849,0.11822295348499733,1.4380542409804482,1,0.11728452137379147
AWS_001,2020-01-25 15:30:00,-0.87,994.62,83.6,15,1,25,-0.31999999999999995,0.0,1.8999999999999915,0.2730140411516697,0.0667582708823092,1.226376777341202,1,0.11205111016067132
AWS_001,2020-01-25 15:40:00,-0.97,994.49,84.7,15,1,25,-0.09999999999999998,-0.12999999999999545,1.1000000000000085,0.3569873947344535,0.06534523750826887,1.805270062899747,1,0.10616604814203273
AWS_001,2020-01-25 15:50:00,-1.04,994.41,85.2,15,1,25,-0.07000000000000006,-0.08000000000004093,0.5,0.3960134677835477,0.08841191510291847,2.1122657661073685,1,0.1272256064444891
AWS_001,2020-01-25 16:00:00,-1.01,994.42,85.3,16,1,25,0.030000000000000027,0.009999999999990905,0.09999999999999432,0.3607769393950721,0.1023718714579299,2.0830266440933776,1,0.1345047679933858
AWS_001,2020-01-25 16:10:00,-1.09,994.41,85.2,16,1,25,-0.08000000000000007,-0.009999999999990905,-0.09999999999999432,0.19661298702255559,0.1013410088077413,1.4162156144705058,1,0.16016154061817917
AWS_001,2020-01-25 16:20:00,-1.37,994.41,86.5,16,1,25,-0.28,0.0,1.2999999999999972,0.16975472501795844,0.08438009283323827,0.9410986487454648,1,0.12838573331656572
AWS_001,2020-01-25 16:30:00,-1.62,994.4,87.6,16,1,25,-0.25,-0.009999999999990905,1.0999999999999943,0.2570343686472969,0.03326660087241476,1.0858176642531896,1,0.1255772001780156
AWS_001,2020-01-25 16:40:00,-1.74,994.41,89.0,16,1,25,-0.11999999999999988,0.009999999999990905,1.4000000000000057,0.3149232710771087,0.006324560623368997,1.5667375870487485,1,0.1118438544036533
AWS_001,2020-01-25 16:50:00,-1.56,994.4,88.9,16,1,25,0.17999999999999994,-0.009999999999990905,-0.09999999999999432,0.29620375869644255,0.007527730983708107,1.6916461410920698,1,0.1305879908746253
AWS_001,2020-01-25 17:00:00,-1.68,994.38,88.9,17,1,25,-0.11999999999999988,-0.01999999999998181,0.0,0.2418263840014699,0.011690454817237612,1.5664184200500262,1,0.14063627139045404
AWS_001,2020-01-25 17:10:00,-1.81,994.46,89.5,17,1,25,-0.13000000000000012,0.08000000000004093,0.5999999999999943,0.1546609194309233,0.026832816979955387,1.1242775458069671,1,0.1254886558971905
AWS_001,2020-01-25 17:20:00,-1.91,994.58,89.9,17,1,25,-0.09999999999999987,0.12000000000000455,0.4000000000000057,0.12790621563947818,0.07440878129257228,0.7788880963737409,1,0.13546851431223933
AWS_001,2020-01-25 17:30:00,-2.02,994.59,90.3,17,1,25,-0.1100000000000001,0.009999999999990905,0.3999999999999915,0.16439789130604762,0.09295160066637184,0.5879342366905957,1,0.14988262212763204
AWS_001,2020-01-25 17:40:00,-1.97,994.56,90.6,17,1,25,0.050000000000000044,-0.030000000000086402,0.29999999999999716,0.17762319668108076,0.0937550002195719,0.7111024305070985,1,0.15657037274039576
AWS_001,2020-01-25 17:50:00,-1.78,994.59,90.2,17,1,25,0.18999999999999995,0.030000000000086402,-0.3999999999999915,0.12765839833661624,0.08710147376766401,0.6164414003022194,1,0.14375905622345136
AWS_001,2020-01-25 18:00:00,-1.84,994.67,88.7,18,1,25,-0.06000000000000005,0.07999999999992724,-1.5,0.09453394451660437,0.06774953922580472,0.6831300510687597,1,0.11222884637744202
AWS_001,2020-01-25 18:10:00,-2.05,994.65,89.9,18,1,25,-0.20999999999999974,-0.01999999999998181,1.2000000000000028,0.10496030995507685,0.04320493874125495,0.6592925501423825,1,0.12196447698613821
AWS_001,2020-01-25 18:20:00,-2.23,994.69,90.3,18,1,25,-0.18000000000000016,0.04000000000007731,0.3999999999999915,0.16042651484671208,0.052057660961437505,0.6752777206502667,1,0.14166845867771838
AWS_001,2020-01-25 18:30:00,-2.4,994.78,90.3,18,1,25,-0.16999999999999993,0.08999999999991815,0.0,0.23586012804031023,0.07788881005065142,0.6752777206502667,1,0.13725261106679187
AWS_001,2020-01-25 18:40:00,-2.34,994.8,91.6,18,1,25,0.06000000000000005,0.01999999999998181,1.2999999999999972,0.2595123632235162,0.07991662361912298,0.9287985070365823,1,0.12238170910368096
AWS_001,2020-01-25 18:50:00,-2.25,994.86,90.2,18,1,25,0.08999999999999986,0.06000000000005912,-1.3999999999999915,0.2067607312793764,0.08376554620017979,0.9287985070365823,1,0.11818809630534105
AWS_001,2020-01-25 19:00:00,-2.21,994.8,89.3,19,1,25,0.040000000000000036,-0.06000000000005912,-0.9000000000000057,0.12044362443004288,0.07814516446964193,0.7554248252959699,1,0.1465190383109855
AWS_001,2020-01-25 19:10:00,-2.48,994.84,90.3,19,1,25,-0.27,0.04000000000007731,1.0,0.10722251007060328,0.0592452535060234,0.7339391437125347,1,0.11268333848058587
AWS_001,2020-01-25 19:20:00,-2.47,994.91,91.4,19,1,25,0.009999999999999787,0.06999999999993634,1.1000000000000085,0.11232393629960659,0.048339080765822336,0.8518607084926526,1,0.11849172344214848
AWS_001,2020-01-25 19:30:00,-2.76,994.9,90.6,19,1,25,-0.2899999999999996,-0.009999999999990905,-0.8000000000000114,0.20054093513752794,0.0475043864193602,0.8453795991586469,1,0.12340609868948721
AWS_001,2020-01-25 19:40:00,-2.94,994.85,91.4,19,1,25,-0.18000000000000016,-0.049999999999954525,0.8000000000000114,0.28533605917554083,0.04049691423216646,0.7991662321905363,1,0.1291256246433642
AWS_001,2020-01-25 19:50:00,-3.0,994.8,91.9,19,1,25,-0.06000000000000005,-0.05000000000006821,0.5,0.30767948691100566,0.047328638924327364,0.9453394452120336,1,0.134938533080955
AWS_001,2020-01-25 20:00:00,-3.2,994.79,91.6,20,1,25,-0.20000000000000018,-0.009999999999990905,-0.30000000000001137,0.29396711834116596,0.04956477306629159,0.6164414003028698,1,0.13214032313263557
AWS_001,2020-01-25 20:10:00,-3.32,994.82,91.9,20,1,25,-0.11999999999999966,0.030000000000086402,0.30000000000001137,0.30609911248776933,0.05089204321384213,0.48027769745657706,1,0.13001699958396873
AWS_001,2020-01-25 20:20:00,-3.52,994.91,92.2,20,1,25,-0.20000000000000018,0.08999999999991815,0.29999999999999716,0.2766706827001894,0.05089204321384213,0.5621387729089753,1,0.11430192088034424
AWS_001,2020-01-25 20:30:00,-3.54,994.73,92.8,20,1,25,-0.020000000000000018,-0.17999999999994998,0.5999999999999943,0.25413906953827564,0.06055300760023412,0.4926120853922522,1,0.10080206130505565
AWS_001,2020-01-25 20:40:00,-3.42,994.67,93.1,20,1,25,0.1200000000000001,-0.06000000000005912,0.29999999999999716,0.20694604771721384,0.08164965847900738,0.5822370651272735,1,0.13469629026181001
AWS_001,2020-01-25 20:50:00,-3.4,994.66,92.8,20,1,25,0.020000000000000018,-0.009999999999990905,-0.29999999999999716,0.12712198865304294,0.09584710079065592,0.589915248156985,1,0.1482508103633683
AWS_001,2020-01-25 21:00:00,-3.47,994.67,92.8,21,1,25,-0.07000000000000028,0.009999999999990905,0.0,0.0819145896596051,0.10152175496009558,0.45166359163457076,1,0.1378916836003255
AWS_001,2020-01-25 21:10:00,-3.51,994.68,93.0,21,1,25,-0.03999999999999959,0.009999999999990905,0.20000000000000284,0.05680375573644844,0.09633275696120515,0.3125166662356174,1,0.12904915650249277
AWS_001,2020-01-25 21:20:00,-3.49,994.79,93.5,21,1,25,0.019999999999999574,0.11000000000001364,0.5,0.05344779383441771,0.0505964431946723,0.2756809750572056,1,0.09857011117641767
AWS_001,2020-01-25 21:30:00,-3.58,994.77,92.9,21,1,25,-0.08999999999999986,-0.01999999999998181,-0.5999999999999943,0.06493586578899206,0.05750362362973188,0.2639444386138264,1,0.12153685007497633
AWS_001,2020-01-25 21:40:00,-3.67,994.77,93.0,21,1,25,-0.08999999999999986,0.0,0.09999999999999432,0.09380831519165367,0.05921711518116855,0.260768096224387,1,0.1283488814525019
AWS_001,2020-01-25 21:50:00,-3.73,994.66,92.6,21,1,25,-0.06000000000000005,-0.11000000000001364,-0.4000000000000057,0.1054039847401089,0.05921711518116855,0.30110906109769964,1,0.11739871067945845
AWS_001,2020-01-25 22:00:00,-3.8,994.65,92.8,22,1,25,-0.06999999999999984,-0.009999999999990905,0.20000000000000284,0.12409673645624038,0.06324555370732893,0.30110906109769964,1,0.13022585464872982
AWS_001,2020-01-25 22:10:00,-3.93,994.65,92.6,22,1,25,-0.13000000000000034,0.0,-0.20000000000000284,0.15697133495987448,0.06804410381360908,0.33466401062622786,1,0.12403011424079374
AWS_001,2020-01-25 22:20:00,-4.07,994.63,92.8,22,1,25,-0.14000000000000012,-0.01999999999998181,0.20000000000000284,0.1788481665149118,0.06400520862192204,0.1602081979020701,1,0.12501627002022397
AWS_001,2020-01-25 22:30:00,-4.16,994.67,93.1,22,1,25,-0.08999999999999986,0.03999999999996362,0.29999999999999716,0.19438792829221524,0.04996665619097791,0.20412414525246028,1,0.11322897345802752
AWS_001,2020-01-25 22:40:00,-4.23,994.56,93.3,22,1,25,-0.07000000000000028,-0.11000000000001364,0.20000000000000284,0.20006665555692543,0.03983298546771069,0.28047578625449443,1,0.11369254969046294
AWS_001,2020-01-25 22:50:00,-4.22,994.43,93.3,22,1,25,0.010000000000000675,-0.12999999999999545,0.0,0.17244322736984533,0.09086620236189585,0.29268868559468536,1,0.1135659573290772
AWS_001,2020-01-25 23:00:00,-4.18,994.34,93.2,23,1,25,0.040000000000000036,-0.08999999999991815,-0.09999999999999432,0.1140906072633681,0.13366625128357976,0.2880972058325392,1,0.11811766670333956
AWS_001,2020-01-25 23:10:00,-3.84,994.28,93.5,23,1,25,0.33999999999999986,-0.06000000000005912,0.29999999999999716,0.14706007842281713,0.15934239883402299,0.23664319134216524,1,0.08817603020397641
AWS_001,2020-01-25 23:20:00,-4.16,994.18,90.6,23,1,25,-0.3200000000000003,-0.10000000000002274,-2.9000000000000057,0.14593377493138512,0.18176908446425513,1.102119170813692,1,0.0519408545709672
AWS_001,2020-01-25 23:30:00,-4.65,994.2,91.9,23,1,25,-0.4900000000000002,0.020000000000095497,1.3000000000000114,0.2585858980410937,0.14483323767170675,1.151810169548324,1,0.07480575058730615
AWS_001,2020-01-25 23:40:00,-4.58,994.24,93.1,23,1,25,0.07000000000000028,0.03999999999996362,1.1999999999999886,0.2993604293585161,0.09389710717075313,1.1313708499021229,1,0.09105839135117627
AWS_001,2020-01-25 23:50:00,-4.58,994.18,93.2,23,1,25,0.0,-0.06000000000005912,0.10000000000000853,0.3221438602017912,0.06377042210523405,1.1196725711898592,1,0.11227724279132933
AWS_001,2020-01-26 00:00:00,-4.51,994.21,93.6,0,1,26,0.07000000000000028,0.030000000000086402,0.3999999999999915,0.31922823600945394,0.03885871934376732,1.1743083070506997,1,0.09553684236584209
AWS_001,2020-01-26 00:10:00,-4.62,994.22,93.0,0,1,26,-0.11000000000000032,0.009999999999990905,-0.5999999999999943,0.18096040082211132,0.023452080273253056,1.118332091408852,1,0.08138442277167679
AWS_001,2020-01-26 00:20:00,-4.61,994.12,93.3,0,1,26,0.009999999999999787,-0.10000000000002274,0.29999999999999716,0.04792355022005645,0.04183300215437043,0.5845225972322667,1,0.09318863465768401
AWS_001,2020-01-26 00:30:00,-4.6,994.04,93.3,0,1,26,0.010000000000000675,-0.08000000000004093,0.0,0.039327683197651155,0.07547626604563622,0.20736441355407684,1,0.10815789954550831
AWS_001,2020-01-26 00:40:00,-4.67,994.0,93.5,0,1,26,-0.07000000000000028,-0.03999999999996362,0.20000000000000284,0.05269408568040477,0.09174239334463898,0.21369760568459872,1,0.1123166363342975
AWS_001,2020-01-26 00:50:00,-4.61,993.93,93.4,0,1,26,0.05999999999999961,-0.07000000000005002,-0.09999999999999432,0.05202563469765186,0.11690451974596777,0.2073644135542125,1,0.11296299229408302
AWS_001,2020-01-26 01:00:00,-4.87,993.93,93.2,1,1,26,-0.2599999999999998,0.0,-0.20000000000000284,0.10424330513605992,0.11366617821870793,0.17224014246195019,1,0.09953882830562139
AWS_001,2020-01-26 01:10:00,-4.92,993.9,93.6,1,1,26,-0.04999999999999982,-0.029999999999972715,0.3999999999999915,0.1437590576822432,0.08334666602847099,0.14719601446835523,1,0.11664218718367148
AWS_001,2020-01-26 01:20:00,-4.79,993.86,93.8,1,1,26,0.1299999999999999,-0.03999999999996362,0.20000000000000284,0.1364795466935785,0.06592925555857407,0.21602468996717408,1,0.11845203041908631
AWS_001,2020-01-26 01:30:00,-4.79,993.82,93.7,1,1,26,0.0,-0.03999999999996362,-0.09999999999999432,0.11726039399139017,0.06250333382214292,0.21602468996725782,1,0.12065416163922166
AWS_001,2020-01-26 01:40:00,-4.7,993.75,94.0,1,1,26,0.08999999999999986,-0.07000000000005002,0.29999999999999716,0.11242775457606426,0.07063993256399488,0.2857738033401529,1,0.11366454713337781
AWS_001,2020-01-26 01:50:00,-4.56,993.69,94.2,1,1,26,0.14000000000000057,-0.05999999999994543,0.20000000000000284,0.12828354011985696,0.09137833481225796,0.3449637662261175,1,0.11840801840087872
AWS_001,2020-01-26 02:00:00,-4.31,993.73,93.5,2,1,26,0.25,0.03999999999996362,-0.7000000000000028,0.2160941152962954,0.08134289606399635,0.2607680962252412,1,0.08892660622794318
AWS_001,2020-01-26 02:10:00,-4.75,993.8,92.4,2,1,26,-0.4400000000000004,0.06999999999993634,-1.0999999999999943,0.18729655629248407,0.06284902603532219,0.6356099432897623,1,0.06994672901672461
AWS_001,2020-01-26 02:20:00,-4.89,993.84,92.5,2,1,26,-0.13999999999999968,0.04000000000007731,0.09999999999999432,0.2057830572853103,0.057763887856435644,0.7626707459155313,1,0.10612542649592577
AWS_001,2020-01-26 02:30:00,-4.92,993.88,92.4,2,1,26,-0.03000000000000025,0.03999999999996362,-0.09999999999999432,0.22710496838618022,0.07139094298427491,0.8358628276668483,1,0.11520590914424289
AWS_001,2020-01-26 02:40:00,-5.08,993.81,92.4,2,1,26,-0.16000000000000014,-0.07000000000005002,0.0,0.27823850679890444,0.07026141715108175,0.7694153624723069,1,0.11133896507117702
AWS_001,2020-01-26 02:50:00,-5.03,993.89,93.2,2,1,26,0.04999999999999982,0.08000000000004093,0.7999999999999972,0.2796426290804255,0.05890670652025652,0.48853522562345125,1,0.09876133292711053
AWS_001,2020-01-26 03:00:00,-5.1,993.92,92.7,3,1,26,-0.0699999999999994,0.029999999999972715,-0.5,0.133778423767328,0.047609523620758064,0.3162277660298239,1,0.11294395468033919
AWS_001,2020-01-26 03:10:00,-5.07,993.82,93.3,3,1,26,0.02999999999999936,-0.09999999999990905,0.5999999999999943,0.08871302045923572,0.04335896761560432,0.4037325847740042,1,0.10378774752332487
AWS_001,2020-01-26 03:20:00,-5.26,993.69,92.5,3,1,26,-0.1899999999999995,-0.12999999999999545,-0.7999999999999972,0.11039323650325454,0.08264381448696834,0.4037325847740042,1,0.08846866887439375
AWS_001,2020-01-26 03:30:00,-5.19,993.61,92.9,3,1,26,0.0699999999999994,-0.08000000000004093,0.4000000000000057,0.08612007121258472,0.11882760652912283,0.3669695718653178,1,0.11693927237274532
AWS_001,2020-01-26 03:40:00,-5.24,993.52,92.1,3,1,26,-0.04999999999999982,-0.09000000000003183,-0.8000000000000114,0.09495613021632156,0.1606756569634242,0.4490731195195147,1,0.11077290025419395
AWS_001,2020-01-26 03:50:00,-5.27,993.51,92.6,3,1,26,-0.02999999999999936,-0.009999999999990905,0.5,0.08518607084292913,0.1653380377932045,0.4020779360707686,1,0.1159005484222877
AWS_001,2020-01-26 04:00:00,-5.12,993.44,92.8,4,1,26,0.14999999999999947,-0.06999999999993634,0.20000000000000284,0.08134289560653914,0.13905634376819534,0.4049691346365453,1,0.12185804183880011
AWS_001,2020-01-26 04:10:00,-5.32,993.42,92.0,4,1,26,-0.20000000000000018,-0.020000000000095497,-0.7999999999999972,0.06976149844759455,0.10264826712079464,0.3656045222297022,1,0.10859569494760357
AWS_001,2020-01-26 04:20:00,-5.14,993.34,93.2,4,1,26,0.1800000000000006,-0.07999999999992724,1.2000000000000028,0.0773735527532178,0.09373722176132952,0.4690415759911007,1,0.09391987929717521
AWS_001,2020-01-26 04:30:00,-5.17,993.32,91.2,4,1,26,-0.03000000000000025,-0.01999999999998181,-2.0,0.07899367062612368,0.0833666604668447,0.7054549359630995,1,0.09537661483958065
AWS_001,2020-01-26 04:40:00,-5.45,993.29,91.6,4,1,26,-0.28000000000000025,-0.030000000000086402,0.3999999999999915,0.1269251748038443,0.0838252154455201,0.7633260552834865,1,0.11416944504159504
AWS_001,2020-01-26 04:50:00,-5.48,993.31,92.2,4,1,26,-0.03000000000000025,0.01999999999998181,0.6000000000000085,0.15987495113051434,0.06186005775020839,0.7420691791703834,1,0.1153119144988844
AWS_001,2020-01-26 05:00:00,-5.51,993.31,92.5,5,1,26,-0.02999999999999936,0.0,0.29999999999999716,0.1610900369327054,0.04622409269087838,0.6997618642613894,1,0.12670578940639893
AWS_001,2020-01-26 05:10:00,-5.46,993.32,92.5,5,1,26,0.04999999999999982,0.010000000000104592,0.0,0.16678329252549737,0.01643167911730028,0.7127411872538033,1,0.11126868783110133
AWS_001,2020-01-26 05:20:00,-5.44,993.32,92.4,5,1,26,0.019999999999999574,0.0,-0.09999999999999432,0.12416387021047032,0.011690455308379191,0.542832079629181,1,0.11621103576025549
AWS_001,2020-01-26 05:30:00,-5.43,993.31,92.4,5,1,26,0.010000000000000675,-0.010000000000104592,0.0,0.029268868540479748,0.010954454740824151,0.34448028488532545,1,0.10324547106535764
AWS_001,2020-01-26 05:40:00,-5.31,993.25,92.7,5,1,26,0.1200000000000001,-0.05999999999994543,0.29999999999999716,0.06911343332262768,0.026583204197555697,0.16431676727627417,1,0.1028042783436966
AWS_001,2020-01-26 05:50:00,-5.1,993.11,92.9,5,1,26,0.20999999999999996,-0.13999999999998636,0.20000000000000284,0.15003332962704805,0.0827042929908329,0.1966384160708917,1,0.10409441253328594
AWS_001,2020-01-26 06:00:00,-4.86,993.08,92.6,6,1,26,0.23999999999999932,-0.029999999999972715,-0.30000000000001137,0.24047175856148173,0.10943795843403245,0.19407902172795502,1,0.11826420078885214
AWS_001,2020-01-26 06:10:00,-4.79,993.06,92.5,6,1,26,0.07000000000000028,-0.020000000000095497,-0.09999999999999432,0.28430617298783994,0.1185608145497424,0.19407902172795502,1,0.13291387353568845
AWS_001,2020-01-26 06:20:00,-4.66,993.03,91.6,6,1,26,0.1299999999999999,-0.029999999999972715,-0.9000000000000057,0.3054668558109036,0.11313708534593264,0.4505552130517699,1,0.12777673931958783
AWS_001,2020-01-26 06:30:00,-4.72,992.95,91.6,6,1,26,-0.05999999999999961,-0.07999999999992724,0.0,0.2496130338457374,0.09959919719176737,0.5706721183610658,1,0.1349116836331884
AWS_001,2020-01-26 06:40:00,-4.43,992.97,91.7,6,1,26,0.29000000000000004,0.01999999999998181,0.10000000000000853,0.22226110770671434,0.0628225019275473,0.5822370651271936,1,0.1145472806472998
AWS_001,2020-01-26 06:50:00,-4.56,992.94,89.2,6,1,26,-0.1299999999999999,-0.029999999999972715,-2.5,0.1567163041901551,0.059581877127962285,1.2290918056329923,1,0.09776650921357383
AWS_001,2020-01-26 07:00:00,-4.85,992.95,90.6,7,1,26,-0.29000000000000004,0.009999999999990905,1.3999999999999915,0.15432649372576293,0.04966554891475365,1.1506519890945632,1,0.0935942635276395
AWS_001,2020-01-26 07:10:00,-5.03,992.95,91.1,7,1,26,-0.1800000000000006,0.0,0.5,0.2123597576418037,0.033316663736780154,0.9605553949011869,1,0.11545892697490479
AWS_001,2020-01-26 07:20:00,-5.14,992.98,91.6,7,1,26,-0.10999999999999943,0.029999999999972715,0.5,0.27242736034708565,0.015055455798933541,0.9605553949011869,1,0.10143624795906497
AWS_001,2020-01-26 07:30:00,-5.25,993.0,91.9,7,1,26,-0.11000000000000032,0.01999999999998181,0.30000000000001137,0.32641486894085503,0.022583181408981388,1.0068101443041855,1,0.10547205799786868
AWS_001,2020-01-26 07:40:00,-5.16,993.07,92.7,7,1,26,0.08999999999999986,0.07000000000005002,0.7999999999999972,0.25482673852182025,0.048751069209075175,1.2056809970609697,1,0.10654891891160034
AWS_001,2020-01-26 07:50:00,-5.15,993.08,92.3,7,1,26,0.009999999999999787,0.009999999999990905,-0.4000000000000057,0.13966626889002962,0.057532600168053366,0.772010362629697,1,0.12425298220832048
AWS_001,2020-01-26 08:00:00,-5.15,993.18,92.4,8,1,26,0.0,0.09999999999990905,0.10000000000000853,0.07004760285447977,0.08406346857180433,0.586515131951297,1,0.12086051340851778
AWS_001,2020-01-26 08:10:00,-4.95,993.2,92.6,8,1,26,0.20000000000000018,0.020000000000095497,0.19999999999998863,0.09852241707174955,0.09027735087597571,0.4230839160356068,1,0.11823340453917142
AWS_001,2020-01-26 08:20:00,-4.62,993.2,92.3,8,1,26,0.33000000000000007,0.0,-0.29999999999999716,0.23105554887443255,0.08352644340225224,0.28047578625395303,1,0.11692048990192988
AWS_001,2020-01-26 08:30:00,-4.32,993.2,91.9,8,1,26,0.2999999999999998,0.0,-0.3999999999999915,0.34913703135828367,0.06252999344619524,0.28047578625395303,1,0.1136130378499261
AWS_001,2020-01-26 08:40:00,-4.22,993.21,90.7,8,1,26,0.10000000000000053,0.009999999999990905,-1.2000000000000028,0.4102072646833776,0.04915960482738103,0.6918574034253894,1,0.10562834577277574
AWS_001,2020-01-26 08:50:00,-4.15,993.2,90.6,8,1,26,0.0699999999999994,-0.009999999999990905,-0.10000000000000853,0.4110190587621161,0.009831924865425636,0.8826097665489797,1,0.11324992282136365
AWS_001,2020-01-26 09:00:00,-3.81,993.2,90.4,9,1,26,0.3400000000000003,0.0,-0.19999999999998863,0.39551232597612346,0.004082492684765336,0.9621157241590292,1,0.08875556268225554
AWS_001,2020-01-26 09:10:00,-3.65,993.2,89.6,9,1,26,0.16000000000000014,0.0,-0.8000000000000114,0.35142092519615786,0.004082492684765336,1.0028293307805025,1,0.10597468946987493
AWS_001,2020-01-26 09:20:00,-3.77,993.27,89.0,9,1,26,-0.1200000000000001,0.06999999999993634,-0.5999999999999943,0.2770318874529292,0.028047580045143267,0.9973297682678735,1,0.10673504196691475
AWS_001,2020-01-26 09:30:00,-3.98,993.33,88.9,9,1,26,-0.20999999999999996,0.06000000000005912,-0.09999999999999432,0.2251221890420163,0.05394441657374326,0.8091147425877627,1,0.12468218350175997
AWS_001,2020-01-26 09:40:00,-3.97,993.34,89.3,9,1,26,0.009999999999999787,0.009999999999990905,0.3999999999999915,0.17915542600138762,0.06653320032816501,0.7174027227943051,1,0.14064184569063837
AWS_001,2020-01-26 09:50:00,-3.61,993.43,88.8,9,1,26,0.3600000000000003,0.08999999999991815,-0.5,0.15548847759800205,0.08961026770862572,0.598887858177518,1,0.10536189473540425
AWS_001,2020-01-26 10:00:00,-3.36,993.43,87.6,10,1,26,0.25,0.0,-1.2000000000000028,0.23627667397724467,0.09003702985468871,0.6860515043873165,1,0.12094119287471056
AWS_001,2020-01-26 10:10:00,-3.1,993.36,87.6,10,1,26,0.2599999999999998,-0.06999999999993634,0.0,0.3498237651529053,0.0619677341694651,0.7420691791685257,1,0.12174179959968523
AWS_001,2020-01-26 10:20:00,-2.85,993.3,87.2,10,1,26,0.25,-0.06000000000005912,-0.3999999999999915,0.46101699173215394,0.05394441656041092,0.8687155268968226,1,0.1166633030744787
AWS_001,2020-01-26 10:30:00,-2.64,993.22,86.7,10,1,26,0.20999999999999996,-0.07999999999992724,-0.5,0.4928590062067574,0.08041558769856419,0.9872520785854787,1,0.11818636745197186
AWS_001,2020-01-26 10:40:00,-2.55,993.2,86.2,10,1,26,0.0900000000000003,-0.01999999999998181,-0.5,0.4157603476352623,0.10053191903645452,0.8938679992058677,1,0.1381380837943706
AWS_001,2020-01-26 10:50:00,-2.5,993.16,86.9,10,1,26,0.04999999999999982,-0.04000000000007731,0.7000000000000028,0.3398627173813067,0.1036178881546885,0.5465040408549031,1,0.14642432739748956
AWS_001,2020-01-26 11:00:00,-2.33,993.12,85.8,11,1,26,0.16999999999999993,-0.03999999999996362,-1.1000000000000085,0.27447525692822816,0.08914407858172571,0.6562519841269256,1,0.13194582387237452
AWS_001,2020-01-26 11:10:00,-2.24,993.11,86.2,11,1,26,0.08999999999999986,-0.009999999999990905,0.4000000000000057,0.21867022354638493,0.07092249346961604,0.5215361924197554,1,0.14989624109569083
AWS_001,2020-01-26 11:20:00,-1.9,993.07,85.6,11,1,26,0.3400000000000003,-0.03999999999996362,-0.6000000000000085,0.26870057684934223,0.05715476136779246,0.5006662228173309,1,0.1152904889232903
AWS_001,2020-01-26 11:30:00,-1.81,993.07,86.2,11,1,26,0.08999999999999986,0.0,0.6000000000000085,0.3066865935541438,0.05115336496523002,0.44609416046777234,1,0.14590437208296425
AWS_001,2020-01-26 11:40:00,-1.67,993.02,86.1,11,1,26,0.14000000000000012,-0.05000000000006821,-0.10000000000000853,0.3279481666348925,0.04875106919420182,0.4457203906824339,1,0.14888981174966653
AWS_001,2020-01-26 11:50:00,-1.58,992.91,86.5,11,1,26,0.08999999999999986,-0.11000000000001364,0.4000000000000057,0.30367197214406144,0.07720103678931986,0.32041639575722786,1,0.14852537168882973
AWS_001,2020-01-26 12:00:00,-1.3,992.74,86.6,12,1,26,0.28,-0.16999999999995907,0.09999999999999432,0.3174901573265033,0.1392360109622056,0.35213633723811866,1,0.12279278444066655
AWS_001,2020-01-26 12:10:00,-0.73,992.58,86.2,12,1,26,0.5700000000000001,-0.15999999999996817,-0.3999999999999915,0.4299496094496312,0.20014161673569694,0.35213633723811866,1,0.08701948467192339
AWS_001,2020-01-26 12:20:00,-0.53,992.52,85.0,12,1,26,0.19999999999999996,-0.06000000000005912,-1.2000000000000028,0.5268396340436415,0.22957932561648461,0.5727128425340292,1,0.11021578987824415
AWS_001,2020-01-26 12:30:00,-0.41,992.48,86.1,12,1,26,0.12000000000000005,-0.03999999999996362,1.0999999999999943,0.5493875377781331,0.2204011496147866,0.5706721183569974,1,0.10782700053843336
AWS_001,2020-01-26 12:40:00,-0.16,992.35,85.9,12,1,26,0.24999999999999997,-0.12999999999999545,-0.19999999999998863,0.5470923139647175,0.19966638864028718,0.5753259945486323,1,0.1132814231297325
AWS_001,2020-01-26 12:50:00,0.09,992.21,85.8,12,1,26,0.25,-0.13999999999998636,-0.10000000000000853,0.482769786405439,0.18384776334558853,0.535412613476708,1,0.11376449353205292
AWS_001,2020-01-26 13:00:00,0.43,992.1,85.4,13,1,26,0.33999999999999997,-0.11000000000001364,-0.3999999999999915,0.42766419848517995,0.18843212771426074,0.4546060565696601,1,0.11942086473128521
AWS_001,2020-01-26 13:10:00,0.78,992.02,85.1,13,1,26,0.35000000000000003,-0.08000000000004093,-0.30000000000001137,0.5038518300710908,0.20366639410857879,0.4505552130461038,1,0.11655456180981405
AWS_001,2020-01-26 13:20:00,1.04,991.91,84.4,13,1,26,0.26,-0.11000000000001364,-0.6999999999999886,0.5575930415628743,0.21198270390972318,0.628490254501171,1,0.11913880313023872
AWS_001,2020-01-26 13:30:00,1.17,991.82,84.2,13,1,26,0.1299999999999999,-0.08999999999991815,-0.20000000000000284,0.5304871974572247,0.1946706622939393,0.7089898917963445,1,0.13967004434054997
AWS_001,2020-01-26 13:40:00,1.27,991.72,83.8,13,1,26,0.10000000000000009,-0.10000000000002274,-0.4000000000000057,0.45972455521326644,0.18184242288034894,0.7704976746682286,1,0.15068708173348416
AWS_001,2020-01-26 13:50:00,1.33,991.6,84.4,13,1,26,0.06000000000000005,-0.12000000000000455,0.6000000000000085,0.34220851343303665,0.18680649549734185,0.5924525297459042,1,0.15830251834177494
AWS_001,2020-01-26 14:00:00,1.65,991.45,83.7,14,1,26,0.31999999999999984,-0.14999999999997726,-0.7000000000000028,0.2922099701688184,0.20819862334093503,0.5046450898094522,1,0.12473993398350536
AWS_001,2020-01-26 14:10:00,1.89,991.34,83.6,14,1,26,0.24,-0.11000000000001364,-0.10000000000000853,0.318271372677584,0.2188149905639612,0.36009258069088423,1,0.1439887869898417
AWS_001,2020-01-26 14:20:00,2.23,991.34,82.4,14,1,26,0.3400000000000001,0.0,-1.1999999999999886,0.41221353689492,0.2011715688074153,0.6997618642569698,1,0.12047954186877496
AWS_001,2020-01-26 14:30:00,2.29,991.29,82.9,14,1,26,0.06000000000000005,-0.05000000000006821,0.5,0.4368371168594745,0.17025471142956733,0.7089898917955321,1,0.15440527898815515
AWS_001,2020-01-26 14:40:00,2.43,991.21,83.0,14,1,26,0.14000000000000012,-0.07999999999992724,0.09999999999999432,0.42426406871127326,0.13644290661228545,0.7089898917954695,1,0.1500507218008757
AWS_001,2020-01-26 14:50:00,2.59,991.17,82.6,14,1,26,0.1599999999999997,-0.04000000000007731,-0.4000000000000057,0.3493422390714548,0.10079682583723952,0.5240865068554511,1,0.1542794556764991
AWS_001,2020-01-26 15:00:00,2.73,991.05,82.3,15,1,26,0.14000000000000012,-0.12000000000000455,-0.29999999999999716,0.29577018105189223,0.11325487524249425,0.47749345545370586,1,0.16017582078826487
AWS_001,2020-01-26 15:10:00,2.89,990.97,81.9,15,1,26,0.16000000000000014,-0.07999999999992724,-0.3999999999999915,0.2571899427779918,0.14091368551986355,0.40702170294419626,1,0.15554886552966657
AWS_001,2020-01-26 15:20:00,3.07,990.97,81.6,15,1,26,0.17999999999999972,0.0,-0.30000000000001137,0.2899425230388876,0.13326665036953023,0.5564770136020916,1,0.15758801383897902
AWS_001,2020-01-26 15:30:00,3.3,990.97,81.2,15,1,26,0.22999999999999998,0.0,-0.3999999999999915,0.31923345689244476,0.10856641639060396,0.6633249580715579,1,0.15483352022736058
AWS_001,2020-01-26 15:40:00,3.44,990.96,80.8,15,1,26,0.14000000000000012,-0.009999999999990905,-0.4000000000000057,0.3290997822335624,0.0828854637534973,0.6742897497864275,1,0.1638084037567959
AWS_001,2020-01-26 15:50:00,3.43,990.96,80.6,15,1,26,-0.009999999999999787,0.0,-0.20000000000000284,0.29500282484441975,0.034641017623312745,0.6542170893519558,1,0.1619444925452913
AWS_001,2020-01-26 16:00:00,3.41,990.89,80.9,16,1,26,-0.020000000000000018,-0.07000000000005002,0.30000000000001137,0.22730302828205978,0.03141125226586181,0.5006662228138091,1,0.15318128360563282
AWS_001,2020-01-26 16:10:00,3.43,990.84,80.8,16,1,26,0.020000000000000018,-0.049999999999954525,-0.10000000000000853,0.14514360704557677,0.054191021111647045,0.36009258068795935,1,0.1623968064335335
AWS_001,2020-01-26 16:20:00,3.06,990.76,82.2,16,1,26,-0.3700000000000001,-0.08000000000004093,1.4000000000000057,0.14896308267330527,0.08406346869760328,0.5810909280539409,1,0.13171880817541198
AWS_001,2020-01-26 16:30:00,2.84,990.66,83.2,16,1,26,-0.2200000000000002,-0.10000000000002274,1.0,0.2563916275274908,0.11827933083734993,1.0476958846281863,1,0.13943385006400205
AWS_001,2020-01-26 16:40:00,2.74,990.57,83.5,16,1,26,-0.09999999999999964,-0.08999999999991815,0.29999999999999716,0.3151771988361274,0.14628738873871094,1.2832251036615383,1,0.15566155501749546
AWS_001,2020-01-26 16:50:00,2.95,990.49,83.6,16,1,26,0.20999999999999996,-0.08000000000004093,0.09999999999999432,0.2903388824566603,0.15613028780943816,1.2754084313142693,1,0.14666989389158608
AWS_001,2020-01-26 17:00:00,3.07,990.54,83.4,17,1,26,0.11999999999999966,0.049999999999954525,-0.19999999999998863,0.23989581071688584,0.13574485909991024,1.0962055768275583,1,0.1487587159172819
AWS_001,2020-01-26 17:10:00,3.07,990.49,83.4,17,1,26,0.0,-0.049999999999954525,0.0,0.13924798023493154,0.10634848426739996,0.5154286242227571,1,0.16590411090290363
AWS_001,2020-01-26 17:20:00,3.08,990.52,83.7,17,1,26,0.010000000000000231,0.029999999999972715,0.29999999999999716,0.14246637029901046,0.06410928252897799,0.17511900715899167,1,0.15249147596303397
AWS_001,2020-01-26 17:30:00,3.27,990.53,83.6,17,1,26,0.18999999999999995,0.009999999999990905,-0.10000000000000853,0.17538529014576143,0.030767950423553007,0.12110601417105987,1,0.13739107612504692
AWS_001,2020-01-26 17:40:00,3.3,990.48,83.3,17,1,26,0.029999999999999805,-0.049999999999954525,-0.29999999999999716,0.1344123010225846,0.02483277619227402,0.15491933385381396,1,0.14387610061876993
AWS_001,2020-01-26 17:50:00,3.15,990.49,84.2,17,1,26,-0.1499999999999999,0.009999999999990905,0.9000000000000057,0.10424330513845083,0.02483277619227402,0.32863353450581817,1,0.1310148096157252
AWS_001,2020-01-26 18:00:00,3.0,990.5,85.4,18,1,26,-0.1499999999999999,0.009999999999990905,1.2000000000000028,0.11878552100117555,0.019407904922568595,0.7840068026928811,1,0.13476627121692836
AWS_001,2020-01-26 18:10:00,2.96,990.48,85.8,18,1,26,-0.040000000000000036,-0.01999999999998181,0.3999999999999915,0.13937957765105383,0.020976179509945757,1.0308572484437544,1,0.15337476982459863
AWS_001,2020-01-26 18:20:00,2.9,990.41,85.6,18,1,26,-0.06000000000000005,-0.07000000000005002,-0.20000000000000284,0.16788885212003846,0.03970726348777473,1.0876580344955005,1,0.14525751265976355
AWS_001,2020-01-26 18:30:00,2.53,990.38,86.5,18,1,26,-0.3700000000000001,-0.029999999999972715,0.9000000000000057,0.26104916522788557,0.04926120962727986,1.1690451944512947,1,0.128388087532595
AWS_001,2020-01-26 18:40:00,2.11,990.4,87.4,18,1,26,-0.41999999999999993,0.01999999999998181,0.9000000000000057,0.385577488968814,0.05240865171018335,1.0778064142832942,1,0.11188746112865794
AWS_001,2020-01-26 18:50:00,1.68,990.46,88.6,18,1,26,-0.42999999999999994,0.06000000000005912,1.1999999999999886,0.5369543742251099,0.0483390812296884,1.2421755109500927,1,0.0901003941596919
AWS_001,2020-01-26 19:00:00,1.61,990.47,89.6,19,1,26,-0.06999999999999984,0.009999999999990905,1.0,0.5907763254110057,0.04179314266936851,1.5971850237228855,1,0.09047742278553189
AWS_001,2020-01-26 19:10:00,1.59,990.54,89.9,19,1,26,-0.020000000000000018,0.06999999999993634,0.30000000000001137,0.5470283356458315,0.058878406687667216,1.7247221998547704,1,0.11002745136945286
AWS_001,2020-01-26 19:20:00,1.63,990.61,90.2,19,1,26,0.039999999999999813,0.07000000000005002,0.29999999999999716,0.38264430828917495,0.08640987659830118,1.4859340496824904,1,0.12973878799792837
AWS_001,2020-01-26 19:30:00,1.85,990.6,90.0,19,1,26,0.2200000000000002,-0.009999999999990905,-0.20000000000000284,0.20196534356029258,0.08382521561769427,1.0815112882780842,1,0.1417170490231428
AWS_001,2020-01-26 19:40:00,1.87,990.61,89.6,19,1,26,0.020000000000000018,0.009999999999990905,-0.4000000000000057,0.1238951169313157,0.06968978958922614,0.5648008498635022,1,0.15246498317678425
AWS_001,2020-01-26 19:50:00,2.05,990.66,89.9,19,1,26,0.17999999999999972,0.049999999999954525,0.30000000000001137,0.18565200420705164,0.066758271192781,0.23380903890431287,1,0.13790598025317163
AWS_001,2020-01-26 20:00:00,2.18,990.68,89.3,20,1,26,0.13000000000000034,0.01999999999998181,-0.6000000000000085,0.22999275350780385,0.049261209610549125,0.3188521078389198,1,0.1330045175819357
AWS_001,2020-01-26 20:10:00,2.09,990.63,89.1,20,1,26,-0.0900000000000003,-0.049999999999954525,-0.20000000000000284,0.20057417580396597,0.0318852124368243,0.42622372842584483,1,0.1451037713262427
AWS_001,2020-01-26 20:20:00,1.99,990.6,89.5,20,1,26,-0.09999999999999987,-0.029999999999972715,0.4000000000000057,0.12833549781507914,0.03346640263744315,0.3444802848831042,1,0.14644978384728585
AWS_001,2020-01-26 20:30:00,1.91,990.61,89.7,20,1,26,-0.08000000000000007,0.009999999999990905,0.20000000000000284,0.11554220008051103,0.0318852124368243,0.2857738033359747,1,0.14630184563777215
AWS_001,2020-01-26 20:40:00,1.75,990.58,90.1,20,1,26,-0.15999999999999992,-0.029999999999972715,0.3999999999999915,0.1506983742428681,0.03777124266146633,0.37416573868607883,1,0.14286986573931598
AWS_001,2020-01-26 20:50:00,1.75,990.57,90.7,20,1,26,0.0,-0.009999999999990905,0.6000000000000085,0.17638027100398798,0.039707263470829236,0.5853773711660375,1,0.14509989313231675
AWS_001,2020-01-26 21:00:00,1.85,990.64,90.7,21,1,26,0.10000000000000009,0.06999999999993634,0.0,0.13505554412698725,0.027386129805870515,0.653197264747357,1,0.1323144530609216
AWS_001,2020-01-26 21:10:00,1.91,990.69,90.7,21,1,26,0.05999999999999983,0.05000000000006821,0.0,0.09612491872264257,0.04415880552783396,0.5465040408575373,1,0.13921878864154946
AWS_001,2020-01-26 21:20:00,2.1,990.63,91.0,21,1,26,0.19000000000000017,-0.06000000000005912,0.29999999999999716,0.13029453812843614,0.0438178058053417,0.48339080118864075,1,0.12809686814813326
AWS_001,2020-01-26 21:30:00,2.34,990.6,90.1,21,1,26,0.23999999999999977,-0.029999999999972715,-0.9000000000000057,0.2307379465962208,0.04445972078497641,0.3674234614272454,1,0.10965891536732869
AWS_001,2020-01-26 21:40:00,2.3,990.61,89.6,21,1,26,-0.040000000000000036,0.009999999999990905,-0.5,0.24424714259559518,0.04082483033924236,0.5163977795012169,1,0.1419022437332454
AWS_001,2020-01-26 21:50:00,2.2,990.56,90.0,21,1,26,-0.09999999999999964,-0.05000000000006821,0.4000000000000057,0.2022539657611634,0.0435507379070364,0.5319774431374308,1,0.13904067497793116
AWS_001,2020-01-26 22:00:00,2.24,990.53,90.3,22,1,26,0.040000000000000036,-0.029999999999972715,0.29999999999999716,0.15702441423588273,0.05573748085834098,0.5036533199271676,1,0.14755437475596955
AWS_001,2020-01-26 22:10:00,2.31,990.46,90.4,22,1,26,0.06999999999999984,-0.06999999999993634,0.10000000000000853,0.08863783992249827,0.06284902629435203,0.467618077787441,1,0.13609446650210028
AWS_001,2020-01-26 22:20:00,2.38,990.46,90.1,22,1,26,0.06999999999999984,0.0,-0.30000000000001137,0.0656505902445883,0.06592925582089887,0.2786873995599982,1,0.13720713655554168
AWS_001,2020-01-26 22:30:00,2.21,990.39,90.2,22,1,26,-0.16999999999999993,-0.07000000000005002,0.10000000000000853,0.06918574033807877,0.0798540341714105,0.28284271248674464,1,0.13270444226021422
AWS_001,2020-01-26 22:40:00,1.99,990.35,90.6,22,1,26,-0.21999999999999997,-0.03999999999996362,0.3999999999999915,0.13227496613541279,0.07985403417413733,0.21602468996307198,1,0.12791160987690753
AWS_001,2020-01-26 22:50:00,1.92,990.38,91.6,22,1,26,-0.07000000000000006,0.029999999999972715,1.0,0.18163149506474582,0.0667582712043464,0.5501514942939184,1,0.1274338939187517
AWS_001,2020-01-26 23:00:00,1.94,990.37,91.4,23,1,26,0.020000000000000018,-0.009999999999990905,-0.19999999999998863,0.20047443727181627,0.047081490784255484,0.6337717780668083,1,0.1414715250874342
AWS_001,2020-01-26 23:10:00,1.7,990.36,91.5,23,1,26,-0.24,-0.009999999999990905,0.09999999999999432,0.2388863048944228,0.039370040741295007,0.681175454642508,1,0.12888160711514085
AWS_001,2020-01-26 23:20:00,1.52,990.29,92.2,23,1,26,-0.17999999999999994,-0.07000000000005002,0.7000000000000028,0.2400833188695848,0.03559026236104489,0.7259476565205473,1,0.11912582891282064
AWS_001,2020-01-26 23:30:00,1.39,990.24,92.5,23,1,26,-0.13000000000000012,-0.049999999999954525,0.29999999999999716,0.247924719756002,0.05492419116544328,0.6653319973326248,1,0.1289693488012204
AWS_001,2020-01-26 23:40:00,1.4,990.22,93.1,23,1,26,0.010000000000000009,-0.01999999999998181,0.5999999999999943,0.24752777621798078,0.06985699756449541,0.6715653356213768,1,0.1314447839816661
AWS_001,2020-01-26 23:50:00,1.44,990.23,93.1,23,1,26,0.040000000000000036,0.009999999999990905,0.0,0.2164948036314344,0.06655824598781067,0.7456540752979416,1,0.12970880526472583
AWS_001,2020-01-27 00:00:00,1.19,990.19,92.9,0,1,27,-0.25,-0.03999999999996362,-0.19999999999998863,0.16769019052826195,0.06090977022837825,0.6252999280414265,1,0.11148129866698597
AWS_001,2020-01-27 00:10:00,0.88,990.18,93.1,0,1,27,-0.30999999999999994,-0.010000000000104592,0.19999999999998863,0.23432171616404265,0.039370040761687576,0.38166302765066573,1,0.10446705030376491
AWS_001,2020-01-27 00:20:00,0.53,990.13,93.5,0,1,27,-0.35,-0.049999999999954525,0.4000000000000057,0.3639459666846865,0.040702171643742166,0.3265986323848118,1,0.08625887563799484
AWS_001,2020-01-27 00:30:00,0.29,990.1,94.1,0,1,27,-0.24000000000000005,-0.029999999999972715,0.5999999999999943,0.47264151319935055,0.050892043681567106,0.4381780460145757,1,0.07766051660913775
AWS_001,2020-01-27 00:40:00,0.3,990.11,94.9,0,1,27,0.010000000000000009,0.009999999999990905,0.8000000000000114,0.4788075465842473,0.051251017325916415,0.7668115805133446,1,0.08276811952609892
AWS_001,2020-01-27 00:50:00,0.65,989.99,95.6,0,1,27,0.35000000000000003,-0.12000000000000455,0.6999999999999886,0.3493994848298299,0.0720185169060994,1.0628577829024624,1,0.06970311119401218
AWS_001,2020-01-27 01:00:00,0.9,989.91,95.2,1,1,27,0.25,-0.08000000000004093,-0.3999999999999915,0.26888039472228903,0.10019980095376847,0.991967741415996,1,0.10681535491006078
AWS_001,2020-01-27 01:10:00,0.87,989.79,94.8,1,1,27,-0.030000000000000027,-0.12000000000000455,-0.4000000000000057,0.2667583175823149,0.1350185176627961,0.7626707459164969,1,0.12458225646140197
AWS_001,2020-01-27 01:20:00,0.86,989.76,95.0,1,1,27,-0.010000000000000009,-0.029999999999972715,0.20000000000000284,0.2852893268234038,0.15015547535524587,0.4966554808687913,1,0.129582067191283
AWS_001,2020-01-27 01:30:00,0.81,989.68,95.0,1,1,27,-0.04999999999999993,-0.08000000000004093,0.0,0.22938323100441196,0.16008331199685896,0.2857738033429935,1,0.1273055925609291
AWS_001,2020-01-27 01:40:00,0.73,989.63,94.9,1,1,27,-0.08000000000000007,-0.049999999999954525,-0.09999999999999432,0.09584710045707306,0.13633292625300347,0.2857738033429935,1,0.128809523143663
AWS_001,2020-01-27 01:50:00,0.61,989.57,95.1,1,1,27,-0.12,-0.05999999999994543,0.19999999999998863,0.10911767348155756,0.12225656130214073,0.14142135627404656,1,0.11732840712397802
AWS_001,2020-01-27 02:00:00,0.99,989.52,95.9,2,1,27,0.38,-0.05000000000006821,0.8000000000000114,0.1302945381281534,0.1057197558742493,0.3970726214147047,1,0.07955051930799373
AWS_001,2020-01-27 02:10:00,1.25,989.48,95.5,2,1,27,0.26,-0.03999999999996362,-0.4000000000000057,0.2234054609882364,0.10424330569710362,0.3881580434271967,1,0.10782176804036708
AWS_001,2020-01-27 02:20:00,1.34,989.39,94.9,2,1,27,0.09000000000000008,-0.09000000000003183,-0.5999999999999943,0.29228410835926716,0.10483320140421613,0.40207793607361364,1,0.12543129588139668
AWS_001,2020-01-27 02:30:00,1.13,989.31,94.4,2,1,27,-0.2100000000000002,-0.08000000000004093,-0.5,0.2897182539399996,0.11758684783594263,0.5231315959461306,1,0.11630248253175551
AWS_001,2020-01-27 02:40:00,0.99,989.27,94.7,2,1,27,-0.1399999999999999,-0.03999999999996362,0.29999999999999716,0.25740370367585047,0.1196104794097509,0.545588367432007,1,0.12412970769288756
AWS_001,2020-01-27 02:50:00,0.91,989.25,94.8,2,1,27,-0.07999999999999996,-0.01999999999998181,0.09999999999999432,0.16809719410522125,0.11224972213114304,0.5573747991047753,1,0.12779780830137
AWS_001,2020-01-27 03:00:00,0.98,989.24,95.1,3,1,27,0.06999999999999995,-0.009999999999990905,0.29999999999999716,0.1694697613126945,0.09416297991072362,0.374165738691195,1,0.13147204939819396
AWS_001,2020-01-27 03:10:00,0.97,989.16,95.0,3,1,27,-0.010000000000000009,-0.08000000000004093,-0.09999999999999432,0.15807171368099085,0.0766811588302427,0.24832774044987108,1,0.12826732974747213
AWS_001,2020-01-27 03:20:00,0.88,989.05,95.1,3,1,27,-0.08999999999999997,-0.11000000000001364,0.09999999999999432,0.08664102184323505,0.09395034213247641,0.2738612787713775,1,0.12010552952709119
AWS_001,2020-01-27 03:30:00,1.02,988.99,95.5,3,1,27,0.14,-0.05999999999994543,0.4000000000000057,0.05269408568367703,0.11627553534900231,0.2804757862580801,1,0.1153417251349787
AWS_001,2020-01-27 03:40:00,1.29,988.87,95.5,3,1,27,0.27,-0.12000000000000455,0.0,0.14688998150330773,0.15028861163790058,0.280475786258246,1,0.1017905078773127
AWS_001,2020-01-27 03:50:00,1.43,988.94,95.1,3,1,27,0.1399999999999999,0.07000000000005002,-0.4000000000000057,0.21491858923643925,0.13847984253520051,0.22286019536295923,1,0.11900442815759565
AWS_001,2020-01-27 04:00:00,1.53,988.85,95.0,4,1,27,0.10000000000000009,-0.09000000000003183,-0.09999999999999432,0.2670330815948731,0.11656185820946972,0.23664319134625078,1,0.13031805172078859
AWS_001,2020-01-27 04:10:00,1.53,988.7,95.0,4,1,27,0.0,-0.14999999999997726,0.0,0.27393429869111646,0.12296340969316896,0.23664319134625078,1,0.12271781693735978
AWS_001,2020-01-27 04:20:00,1.84,988.71,95.4,4,1,27,0.31000000000000005,0.009999999999990905,0.4000000000000057,0.2739342986911363,0.1182652391475113,0.2428991560515855,1,0.09870344134752002
AWS_001,2020-01-27 04:30:00,1.88,988.81,94.6,4,1,27,0.039999999999999813,0.09999999999990905,-0.8000000000000114,0.2320057470539923,0.09395034215436598,0.32249030994817685,1,0.12087949634415718
AWS_001,2020-01-27 04:40:00,1.68,988.84,93.6,4,1,27,-0.19999999999999996,0.030000000000086402,-1.0,0.1828022611076938,0.09108604059335323,0.6337717780691425,1,0.12141484219054288
AWS_001,2020-01-27 04:50:00,1.67,988.81,93.8,4,1,27,-0.010000000000000009,-0.030000000000086402,0.20000000000000284,0.14851487018506995,0.06531972742742269,0.7201851613833593,1,0.13780741491387394
AWS_001,2020-01-27 05:00:00,1.79,988.78,94.1,5,1,27,0.1200000000000001,-0.029999999999972715,0.29999999999999716,0.12983322635631886,0.05753260053782666,0.7054549359644959,1,0.13065545088589742
AWS_001,2020-01-27 05:10:00,2.13,988.63,94.1,5,1,27,0.33999999999999986,-0.14999999999997726,0.0,0.1686910390806161,0.07890923134484747,0.6501281924948069,1,0.1081869539131583
AWS_001,2020-01-27 05:20:00,2.11,988.52,93.4,5,1,27,-0.020000000000000018,-0.11000000000001364,-0.6999999999999886,0.20373184990595122,0.12765839882968386,0.4273952113399476,1,0.12848496212889982
AWS_001,2020-01-27 05:30:00,1.88,988.38,93.1,5,1,27,-0.22999999999999998,-0.13999999999998636,-0.30000000000001137,0.20373184990595122,0.18341210463278915,0.39707262141343347,1,0.11886230877796622
AWS_001,2020-01-27 05:40:00,1.83,988.27,93.5,5,1,27,-0.04999999999999982,-0.11000000000001364,0.4000000000000057,0.18291163622389567,0.21621748339762958,0.4033195590051683,1,0.13185244848046085
AWS_001,2020-01-27 05:50:00,1.87,988.2,93.4,5,1,27,0.040000000000000036,-0.06999999999993634,-0.09999999999999432,0.14693535993571577,0.2213293175214398,0.4098780306498598,1,0.14039293081612197
AWS_001,2020-01-27 06:00:00,1.85,988.15,93.4,6,1,27,-0.020000000000000018,-0.05000000000006821,0.0,0.13678450204405113,0.1879804957850157,0.3311595788679368,1,0.1437121971409191
AWS_001,2020-01-27 06:10:00,1.71,987.98,93.3,6,1,27,-0.14000000000000012,-0.16999999999995907,-0.10000000000000853,0.13049904213991087,0.18740330874883504,0.1378404875543651,1,0.1150538964971895
AWS_001,2020-01-27 06:20:00,1.47,987.99,93.8,6,1,27,-0.24,0.009999999999990905,0.5,0.15854547191923707,0.15715173176763925,0.23166067140526944,1,0.11351431212529439
AWS_001,2020-01-27 06:30:00,1.47,987.91,94.3,6,1,27,0.0,-0.08000000000004093,0.5,0.18665476152357385,0.14306175868610743,0.3763863263670522,1,0.12830128017823528
AWS_001,2020-01-27 06:40:00,1.64,987.96,94.4,6,1,27,0.16999999999999993,0.05000000000006821,0.10000000000000853,0.17600189392755608,0.11548448726511006,0.4844240566654345,1,0.12113061894002769
AWS_001,2020-01-27 06:50:00,1.65,987.87,94.3,6,1,27,0.010000000000000009,-0.09000000000003183,-0.10000000000000853,0.14593377493261853,0.09626352787757424,0.4875106836535032,1,0.13556173811835293
AWS_001,2020-01-27 07:00:00,1.68,987.76,94.3,7,1,27,0.030000000000000027,-0.11000000000001364,0.0,0.10614455551785118,0.0870440509173589,0.43204937990514347,1,0.12424278368632063
AWS_001,2020-01-27 07:10:00,1.72,987.66,94.5,7,1,27,0.040000000000000036,-0.10000000000002274,0.20000000000000284,0.10821275340465022,0.1260819844413024,0.24221202834824618,1,0.12516140907285367
AWS_001,2020-01-27 07:20:00,1.69,987.47,94.2,7,1,27,-0.030000000000000027,-0.18999999999994088,-0.29999999999999716,0.08886319072644656,0.18323937022802148,0.10327955594706792,1,0.10257459107379147
AWS_001,2020-01-27 07:30:00,1.56,987.45,94.0,7,1,27,-0.1299999999999999,-0.01999999999998181,-0.20000000000000284,0.05537749241420957,0.208302664734993,0.1722401424656403,1,0.12055218639839693
AWS_001,2020-01-27 07:40:00,1.11,987.49,93.7,7,1,27,-0.44999999999999996,0.03999999999996362,-0.29999999999999716,0.2311204592113813,0.17431771798410958,0.2804757862570173,1,0.09500637024345915
AWS_001,2020-01-27 07:50:00,0.94,987.56,94.5,7,1,27,-0.17000000000000015,0.06999999999993634,0.7999999999999972,0.3379940827875615,0.12243365606349257,0.3098386677124909,1,0.1114055854770874
AWS_001,2020-01-27 08:00:00,1.04,987.55,95.1,8,1,27,0.10000000000000009,-0.009999999999990905,0.5999999999999943,0.35160583992030664,0.0772010371526944,0.48442405666587374,1,0.11968197967473038
AWS_001,2020-01-27 08:10:00,1.38,987.48,95.4,8,1,27,0.33999999999999986,-0.06999999999993634,0.30000000000001137,0.30276503540874794,0.04472136109042859,0.655489638878253,1,0.09924624352661648
AWS_001,2020-01-27 08:20:00,1.81,987.47,94.9,8,1,27,0.43000000000000016,-0.009999999999990905,-0.5,0.33678875673938663,0.04472136109042859,0.6572670690139342,1,0.10310632084476556
AWS_001,2020-01-27 08:30:00,1.65,987.47,93.1,8,1,27,-0.16000000000000014,0.0,-1.8000000000000114,0.3519895831783418,0.040824830733407744,0.8848728722308388,1,0.1024624853268607
AWS_001,2020-01-27 08:40:00,1.96,987.35,93.0,8,1,27,0.31000000000000005,-0.12000000000000455,-0.09999999999999432,0.4151465604651839,0.07536577564118914,1.0366613076008135,1,0.10424663325089922
AWS_001,2020-01-27 08:50:00,2.15,987.25,92.5,8,1,27,0.18999999999999995,-0.10000000000002274,-0.5,0.40381926650349387,0.10852035203240237,1.2680693987356104,1,0.11378456006272802
AWS_001,2020-01-27 09:00:00,2.56,987.27,92.5,9,1,27,0.41000000000000014,0.01999999999998181,0.0,0.41004471300835477,0.10590876642544331,1.2612163441202329,1,0.09065875040111632
AWS_001,2020-01-27 09:10:00,3.2,987.2,91.6,9,1,27,0.6400000000000001,-0.06999999999993634,-0.9000000000000057,0.572971785226921,0.11519548662862501,1.1003029885788211,1,0.06902529864008788
AWS_001,2020-01-27 09:20:00,4.53,987.08,88.4,9,1,27,1.33,-0.12000000000000455,-3.1999999999999886,1.0552108793978052,0.13251415071723457,1.771722325876132,-1,-0.029319578744144592
AWS_001,2020-01-27 09:30:00,5.54,987.14,84.3,9,1,27,1.0099999999999998,0.05999999999994543,-4.1000000000000085,1.428491045357373,0.0964883419948181,3.4125747855063087,-1,-0.06835819068223259
AWS_001,2020-01-27 09:40:00,5.71,987.07,82.3,9,1,27,0.16999999999999993,-0.06999999999993634,-2.0,1.52948902142717,0.08518607167889006,4.419049671592903,-1,-0.02525122080962272
AWS_001,2020-01-27 09:50:00,5.68,986.84,82.8,9,1,27,-0.03000000000000025,-0.2300000000000182,0.5,1.3700024330877232,0.14791889717728848,4.480810938509983,-1,-0.004153768053203111
AWS_001,2020-01-27 10:00:00,5.83,986.8,82.6,10,1,27,0.15000000000000036,-0.04000000000007731,-0.20000000000000284,1.0361354480309597,0.16351350650528945,3.8166302763916478,1,0.0231875363771481
AWS_001,2020-01-27 10:10:00,5.94,986.76,81.6,10,1,27,0.11000000000000032,-0.03999999999996362,-1.0,0.5123833200508665,0.1661826308927473,2.4832774042921733,1,0.10067902167424309
AWS_001,2020-01-27 10:20:00,5.97,986.67,81.7,10,1,27,0.02999999999999936,-0.09000000000003183,0.10000000000000853,0.1653380375665708,0.18449932288358545,0.9813256340280225,1,0.15568542359817172
AWS_001,2020-01-27 10:30:00,6.13,986.54,80.6,10,1,27,0.16000000000000014,-0.12999999999999545,-1.1000000000000085,0.17060676031849187,0.1778763619640589,0.8091147425839444,1,0.12265699344585834
AWS_001,2020-01-27 10:40:00,6.34,986.48,79.9,10,1,27,0.20999999999999996,-0.05999999999994543,-0.6999999999999886,0.2307740597779099,0.1456594206128643,1.1236844159577728,1,0.12482344960090935
AWS_001,2020-01-27 10:50:00,6.59,986.47,79.3,10,1,27,0.25,-0.009999999999990905,-0.6000000000000085,0.2854236617142809,0.14352700145712816,1.237335847698287,1,0.12180753327674726
AWS_001,2020-01-27 11:00:00,6.68,986.54,78.7,11,1,27,0.08999999999999986,0.06999999999993634,-0.5999999999999943,0.3142451272489851,0.11465891511095612,1.2214745187676777,1,0.12851272296012733
AWS_001,2020-01-27 11:10:00,6.74,986.47,78.2,11,1,27,0.0600000000000005,-0.06999999999993634,-0.5,0.3133953839264488,0.07678975722683257,1.2847827313071083,1,0.13737544278264463
AWS_001,2020-01-27 11:20:00,6.84,986.31,77.8,11,1,27,0.09999999999999964,-0.16000000000008185,-0.4000000000000057,0.26800497507773163,0.08424171659951084,1.0571975532815234,1,0.12993894684954616
AWS_001,2020-01-27 11:30:00,6.9,986.19,77.0,11,1,27,0.0600000000000005,-0.11999999999989086,-0.7999999999999972,0.20064064061506584,0.13221195161414614,1.045785191453756,1,0.13508551011258402
AWS_001,2020-01-27 11:40:00,6.91,986.06,76.4,11,1,27,0.009999999999999787,-0.13000000000010914,-0.5999999999999943,0.1284782731298575,0.18740330880327996,1.0733126291984236,1,0.1428418419203511
AWS_001,2020-01-27 11:50:00,7.04,985.72,76.0,11,1,27,0.1299999999999999,-0.33999999999991815,-0.4000000000000057,0.12906070922800367,0.2997832552892507,1.0578279633269227,1,0.0852050446766292
AWS_001,2020-01-27 12:00:00,6.99,985.73,76.1,12,1,27,-0.04999999999999982,0.009999999999990905,0.09999999999999432,0.10670832519742238,0.30646370120023647,0.917423929632693,1,0.12480690846341547
AWS_001,2020-01-27 12:10:00,6.93,985.62,76.6,12,1,27,-0.0600000000000005,-0.11000000000001364,0.5,0.07063993204820024,0.2858962518495271,0.668580586014731,1,0.12826832226433893
AWS_001,2020-01-27 12:20:00,6.91,985.51,77.1,12,1,27,-0.019999999999999574,-0.11000000000001364,0.5,0.05609515724589587,0.2635716224415467,0.45460605656146996,1,0.1338482041730336
AWS_001,2020-01-27 12:30:00,6.99,985.41,77.4,12,1,27,0.08000000000000007,-0.10000000000002274,0.30000000000001137,0.053072277758193044,0.22527760687190765,0.5549774770166477,1,0.139937696196626
AWS_001,2020-01-27 12:40:00,7.37,985.3,76.3,12,1,27,0.3799999999999999,-0.11000000000001364,-1.1000000000000085,0.16904634472962665,0.17313771058336222,0.5636192568236262,1,0.10412905858885668
AWS_001,2020-01-27 12:50:00,7.39,985.18,76.1,12,1,27,0.019999999999999574,-0.12000000000000455,-0.20000000000000284,0.22187083329372423,0.20370730675916723,0.5440588203455263,1,0.14829131891426062
AWS_001,2020-01-27 13:00:00,7.58,985.05,75.3,13,1,27,0.1900000000000004,-0.12999999999999545,-0.7999999999999972,0.2864786204933826,0.21135278602775184,0.7501111028789765,1,0.11861422291071622
AWS_001,2020-01-27 13:10:00,7.52,984.86,75.7,13,1,27,-0.0600000000000005,-0.18999999999994088,0.4000000000000057,0.27847202133511495,0.23945076076259353,0.8060190237594772,1,0.12747405294317748
AWS_001,2020-01-27 13:20:00,7.62,984.72,75.5,13,1,27,0.10000000000000053,-0.13999999999998636,-0.20000000000000284,0.22955754543572005,0.2630335849872928,0.7582875444020417,1,0.12900021175828674
AWS_001,2020-01-27 13:30:00,7.54,984.5,75.8,13,1,27,-0.08000000000000007,-0.22000000000002728,0.29999999999999716,0.10171856598713362,0.2991822190009203,0.37103458957582575,1,0.10274669178625245
AWS_001,2020-01-27 13:40:00,7.71,984.3,75.1,13,1,27,0.16999999999999993,-0.20000000000004547,-0.7000000000000028,0.10714476188697229,0.33192870745820596,0.3600925806810302,1,0.083232812788125
AWS_001,2020-01-27 13:50:00,8.08,984.17,73.2,13,1,27,0.3700000000000001,-0.12999999999999545,-1.8999999999999915,0.20954713073631825,0.3374611091223867,0.9654014708888842,1,0.054805010212630845
AWS_001,2020-01-27 14:00:00,8.33,983.94,71.3,14,1,27,0.25,-0.2299999999999045,-1.9000000000000057,0.3303937045402529,0.3455864583171698,1.8107088851222017,1,0.020585104169535184
AWS_001,2020-01-27 14:10:00,8.2,983.77,71.4,14,1,27,-0.13000000000000078,-0.17000000000007276,0.10000000000000853,0.3317629675935908,0.35132131566551433,2.0449123860595644,1,0.06338005343516906
AWS_001,2020-01-27 14:20:00,7.93,983.7,72.2,14,1,27,-0.2699999999999996,-0.06999999999993634,0.7999999999999972,0.2995162766859971,0.3134751454946559,1.9085771314409374,1,0.07273589914562373
AWS_001,2020-01-27 14:30:00,7.77,983.65,72.1,14,1,27,-0.16000000000000014,-0.05000000000006821,-0.10000000000000853,0.24377585332947152,0.2649842765987105,1.4237275020143756,1,0.10965117461536061
AWS_001,2020-01-27 14:40:00,7.65,983.59,72.4,14,1,27,-0.11999999999999922,-0.05999999999994543,0.30000000000001137,0.258972327993767,0.21630225806939893,0.6985699678569669,1,0.12654195333369628
AWS_001,2020-01-27 14:50:00,7.59,983.42,72.8,14,1,27,-0.0600000000000005,-0.17000000000007276,0.3999999999999915,0.30016106787274327,0.17474743731278333,0.5819507424673391,1,0.12783735602183172
AWS_001,2020-01-27 15:00:00,7.56,983.38,72.7,15,1,27,-0.03000000000000025,-0.03999999999996362,-0.09999999999999432,0.2450850192616774,0.15553134790707696,0.5046450897992667,1,0.1332784670014709
AWS_001,2020-01-27 15:10:00,7.45,983.26,73.1,15,1,27,-0.10999999999999943,-0.12000000000000455,0.3999999999999915,0.16975472501962444,0.172626765545718,0.3834057902433367,1,0.12536420885632604
AWS_001,2020-01-27 15:20:00,7.38,983.12,73.5,15,1,27,-0.07000000000000028,-0.13999999999998636,0.4000000000000057,0.13952299690904735,0.19866219280613895,0.4966554808506518,1,0.1255143634205631
AWS_001,2020-01-27 15:30:00,7.34,983.03,73.7,15,1,27,-0.040000000000000036,-0.09000000000003183,0.20000000000000284,0.12373358476909384,0.20581545176458904,0.49665548085090777,1,0.1370462770457636
AWS_001,2020-01-27 15:40:00,7.34,982.97,73.9,15,1,27,0.0,-0.05999999999994543,0.20000000000000284,0.11003029885660427,0.18575970190784266,0.49159604011778935,1,0.13537252300729674
AWS_001,2020-01-27 15:50:00,7.31,982.82,74.1,15,1,27,-0.03000000000000025,-0.14999999999997726,0.19999999999998863,0.09352361555495219,0.20225396622566783,0.5215361924095284,1,0.13159267271295694
AWS_001,2020-01-27 16:00:00,7.27,982.67,74.3,16,1,27,-0.040000000000000036,-0.15000000000009095,0.20000000000000284,0.06177917664122152,0.21084749667793815,0.4320493798860832,1,0.12279598891689791
AWS_001,2020-01-27 16:10:00,7.17,982.62,74.8,16,1,27,-0.09999999999999964,-0.049999999999954525,0.5,0.0741395081347599,0.20153577066255215,0.46368092476783107,1,0.1201856420599019
AWS_001,2020-01-27 16:20:00,7.12,982.47,75.3,16,1,27,-0.04999999999999982,-0.14999999999997726,0.5,0.09282600210318895,0.21556128329956162,0.5991660871526698,1,0.12236910085798397
AWS_001,2020-01-27 16:30:00,7.05,982.3,75.6,16,1,27,-0.07000000000000028,-0.17000000000007276,0.29999999999999716,0.11471704319669034,0.23961775155260218,0.6831300510596878,1,0.12550034274957672
AWS_001,2020-01-27 16:40:00,6.98,982.14,75.9,16,1,27,-0.0699999999999994,-0.15999999999996817,0.30000000000001137,0.1266491215910602,0.2514491337441208,0.7211102550889681,1,0.12497760552392778
AWS_001,2020-01-27 16:50:00,6.9,982.0,76.2,16,1,27,-0.08000000000000007,-0.13999999999998636,0.29999999999999716,0.133479087000358,0.26725767877124773,0.7063993204943068,1,0.12847190593030317
AWS_001,2020-01-27 17:00:00,6.81,981.92,76.7,17,1,27,-0.09000000000000075,-0.08000000000004093,0.5,0.13575713609154189,0.2723539367507074,0.6715653356116611,1,0.12374940533057494
AWS_001,2020-01-27 17:10:00,6.81,981.79,76.6,17,1,27,0.0,-0.12999999999999545,-0.10000000000000853,0.1275539101704587,0.25176708852661134,0.5540758070837271,1,0.1350315306821827
AWS_001,2020-01-27 17:20:00,6.81,981.69,76.5,17,1,27,0.0,-0.09999999999990905,-0.09999999999999432,0.10289152864272472,0.22446974599402317,0.43243496620378474,1,0.13826491455073758
AWS_001,2020-01-27 17:30:00,6.8,981.52,76.5,17,1,27,-0.009999999999999787,-0.17000000000007276,0.0,0.0730524925408698,0.22330845677691624,0.2966479394767552,1,0.12754618314613086
AWS_001,2020-01-27 17:40:00,6.78,981.4,76.6,17,1,27,-0.019999999999999574,-0.12000000000000455,0.09999999999999432,0.04167333279726416,0.2309112387971193,0.17224014242498306,1,0.12072090318014667
AWS_001,2020-01-27 17:50:00,6.65,981.32,77.0,17,1,27,-0.1299999999999999,-0.07999999999992724,0.4000000000000057,0.06314005595839021,0.23286619950254758,0.18708286932809756,1,0.10999257825036207
AWS_001,2020-01-27 18:00:00,6.55,981.17,77.3,18,1,27,-0.10000000000000053,-0.15000000000009095,0.29999999999999716,0.10856641592327579,0.23232879045047689,0.3271085446699991,1,0.12040697353619373
AWS_001,2020-01-27 18:10:00,6.5,981.0,77.5,18,1,27,-0.04999999999999982,-0.16999999999995907,0.20000000000000284,0.13526517166818006,0.24608941506493634,0.433589667769264,1,0.12283750272307714
AWS_001,2020-01-27 18:20:00,6.45,980.88,77.6,18,1,27,-0.04999999999999982,-0.12000000000000455,0.09999999999999432,0.1463443427892522,0.2444381316581189,0.46224091842143467,1,0.12883296423833085
AWS_001,2020-01-27 18:30:00,6.47,980.72,77.5,18,1,27,0.019999999999999574,-0.15999999999996817,-0.09999999999999432,0.12659647177711741,0.2623293099840077,0.3834057902491492,1,0.12505215787360818
AWS_001,2020-01-27 18:40:00,6.47,980.58,77.4,18,1,27,0.0,-0.13999999999998636,-0.09999999999999432,0.07476630256836524,0.2765320961688763,0.21369760565658705,1,0.104853922661103
AWS_001,2020-01-27 18:50:00,6.47,980.47,77.2,18,1,27,0.0,-0.11000000000001364,-0.20000000000000284,0.03563705935879553,0.2634134903147808,0.14719601442765967,1,0.10771014589658628
AWS_001,2020-01-27 19:00:00,6.54,980.35,77.0,19,1,27,0.07000000000000028,-0.12000000000000455,-0.20000000000000284,0.03204163957117158,0.24735938810033836,0.22509257354107068,1,0.10297792019771201
AWS_001,2020-01-27 19:10:00,6.58,980.22,76.8,19,1,27,0.040000000000000036,-0.12999999999999545,-0.20000000000000284,0.05125101624758056,0.24204682787190426,0.3082207001428872,1,0.11286035645025294
AWS_001,2020-01-27 19:20:00,6.5,980.13,77.1,19,1,27,-0.08000000000000007,-0.09000000000003183,0.29999999999999716,0.045934736308633185,0.22211858743533683,0.25819888974037997,1,0.11156674739770411
AWS_001,2020-01-27 19:30:00,6.42,980.04,77.4,19,1,27,-0.08000000000000007,-0.09000000000003183,0.30000000000001137,0.05680375574211416,0.2062441923680781,0.23452078798367437,1,0.11301691499703947
AWS_001,2020-01-27 19:40:00,6.38,979.97,77.7,19,1,27,-0.040000000000000036,-0.06999999999993634,0.29999999999999716,0.07440878084210721,0.18927933560403004,0.3162277660113508,1,0.12439333823494136
AWS_001,2020-01-27 19:50:00,6.3,979.78,78.2,19,1,27,-0.08000000000000007,-0.19000000000005457,0.5,0.10557777543785811,0.19934058013359787,0.5163977794911088,1,0.11166081004117184
AWS_001,2020-01-27 20:00:00,6.19,979.54,78.6,20,1,27,-0.10999999999999943,-0.2400000000000091,0.3999999999999915,0.1393915348926758,0.24929233219156421,0.6772493386217426,1,0.0948376932230166
AWS_001,2020-01-27 20:10:00,6.15,979.27,78.9,20,1,27,-0.040000000000000036,-0.2699999999999818,0.30000000000001137,0.135744858710736,0.3296917755893517,0.7026141662846749,1,0.07073433859448675
AWS_001,2020-01-27 20:20:00,6.05,979.11,79.5,20,1,27,-0.10000000000000053,-0.15999999999996817,0.5999999999999943,0.1427468621945589,0.3777521236117111,0.7782458908752888,1,0.0828374992489117
AWS_001,2020-01-27 20:30:00,6.02,978.97,79.9,20,1,27,-0.03000000000000025,-0.13999999999998636,0.4000000000000057,0.13991664184930871,0.391203272261973,0.8148619514973022,1,0.08048609621718167
AWS_001,2020-01-27 20:40:00,6.02,978.87,80.1,20,1,27,0.0,-0.10000000000002274,0.19999999999998863,0.11232393630203466,0.34857806427994453,0.753657747255582,1,0.0976302767771498
AWS_001,2020-01-27 20:50:00,5.95,978.68,80.3,20,1,27,-0.0699999999999994,-0.19000000000005457,0.20000000000000284,0.08981462390045139,0.3048059495796968,0.6804410334471916,1,0.0984463686950876
AWS_001,2020-01-27 21:00:00,5.92,978.43,80.9,21,1,27,-0.03000000000000025,-0.25,0.6000000000000085,0.08084965470783671,0.30175597243671015,0.686051504382653,1,0.07420411216622036
AWS_001,2020-01-27 21:10:00,6.0,978.28,80.7,21,1,27,0.08000000000000007,-0.14999999999997726,-0.20000000000000284,0.048853522558508125,0.32135131383431,0.5163977794936554,1,0.08848451071151414
AWS_001,2020-01-27 21:20:00,6.0,978.2,81.0,21,1,27,0.0,-0.07999999999992724,0.29999999999999716,0.04086563347982543,0.31707517547846625,0.44907311950973816,1,0.09527220911878098
AWS_001,2020-01-27 21:30:00,5.94,978.19,81.4,21,1,27,-0.05999999999999961,-0.009999999999990905,0.4000000000000057,0.04020779360239959,0.27866945815091726,0.47609522856928593,1,0.10128617430214776
AWS_001,2020-01-27 21:40:00,5.9,978.19,81.6,21,1,27,-0.040000000000000036,0.0,0.19999999999998863,0.04119061381397187,0.19549083586546376,0.47081489639418395,1,0.12310080660873857
AWS_001,2020-01-27 21:50:00,5.83,978.1,81.9,21,1,27,-0.07000000000000028,-0.09000000000003183,0.30000000000001137,0.06462713568130952,0.11267948752300451,0.4593473631145026,1,0.11489997512207589
AWS_001,2020-01-27 22:00:00,5.88,977.97,81.3,22,1,27,0.04999999999999982,-0.12999999999999545,-0.6000000000000085,0.06804410334263555,0.10709808701661895,0.42622372841851,1,0.1103613775088011
AWS_001,2020-01-27 22:10:00,6.12,977.91,78.7,22,1,27,0.2400000000000002,-0.06000000000005912,-2.5999999999999943,0.10310189134882382,0.12564500352168093,1.1583033569262657,1,0.07265340891108563
AWS_001,2020-01-27 22:20:00,6.24,977.73,76.7,22,1,27,0.1200000000000001,-0.17999999999994998,-2.0,0.15971850237122645,0.18041618620330901,2.0963460274167445,1,0.058884126893887445
AWS_001,2020-01-27 22:30:00,6.32,977.62,75.8,22,1,27,0.08000000000000007,-0.11000000000001364,-0.9000000000000057,0.20672848537726624,0.2163330770945245,2.661327989306292,1,0.0890869864228363
AWS_001,2020-01-27 22:40:00,6.27,977.44,76.1,22,1,27,-0.05000000000000071,-0.17999999999994998,0.29999999999999716,0.20880613017753133,0.24402868734343106,2.6716411934734405,1,0.0833716992911746
AWS_001,2020-01-27 22:50:00,6.1,977.24,77.6,22,1,27,-0.16999999999999993,-0.20000000000004547,1.5,0.15971850237126356,0.27909974366665513,2.0562101059952065,1,0.05271398582274056
AWS_001,2020-01-27 23:00:00,6.03,977.03,77.5,23,1,27,-0.0699999999999994,-0.21000000000003638,-0.09999999999999432,0.11296016997030876,0.324761451298997,1.078270219686543,1,0.07819599650840997
AWS_001,2020-01-27 23:10:00,5.79,976.75,78.8,23,1,27,-0.2400000000000002,-0.2799999999999727,1.2999999999999972,0.19705329228337515,0.370373685510498,1.1089033621839546,1,0.02111997118926834
AWS_001,2020-01-27 23:20:00,5.41,976.52,80.6,23,1,27,-0.3799999999999999,-0.2300000000000182,1.7999999999999972,0.33980386499622744,0.4169892087982796,1.7795130420043341,-1,-0.003378201549789517
AWS_001,2020-01-27 23:30:00,5.34,976.3,80.2,23,1,27,-0.07000000000000028,-0.22000000000002728,-0.3999999999999915,0.38061353978328594,0.43556859420383476,1.72935440747819,1,0.014275452227644814
AWS_001,2020-01-27 23:40:00,5.2,976.19,80.5,23,1,27,-0.13999999999999968,-0.10999999999989996,0.29999999999999716,0.38014470928803373,0.41247626225721895,1.432480366357,1,0.046862681804135664
AWS_001,2020-01-27 23:50:00,5.11,975.97,80.5,23,1,27,-0.08999999999999986,-0.22000000000002728,0.0,0.35732338294557775,0.3876080497892308,1.2639883965707204,1,0.03893825982598331
AWS_001,2020-01-28 00:00:00,4.87,975.9,81.6,0,1,28,-0.2400000000000002,-0.07000000000005002,1.0999999999999943,0.3110412619996338,0.3246793293855124,0.9048020041236049,1,0.07172393884549422
AWS_001,2020-01-28 00:10:00,4.69,975.74,82.2,0,1,28,-0.17999999999999972,-0.15999999999996817,0.6000000000000085,0.2773926218671139,0.28668217058644047,0.7840068026915733,1,0.08823289511197713
AWS_001,2020-01-28 00:20:00,4.49,975.48,83.1,0,1,28,-0.20000000000000018,-0.2599999999999909,0.8999999999999915,0.32428382629979235,0.29852973096073676,1.1502173707610315,1,0.04510420684901317
AWS_001,2020-01-28 00:30:00,4.63,975.3,83.0,0,1,28,0.13999999999999968,-0.18000000000006366,-0.09999999999999432,0.28002976032252735,0.32830879813994923,1.1583033569266599,1,0.0698657589572158
AWS_001,2020-01-28 00:40:00,4.88,975.0,82.7,0,1,28,0.25,-0.2999999999999545,-0.29999999999999716,0.2198560134867552,0.3751133165747052,0.9948199167024885,1,0.017698888835720572
AWS_001,2020-01-28 00:50:00,4.99,974.76,82.7,0,1,28,0.11000000000000032,-0.2400000000000091,0.0,0.1865922470690753,0.43440380631459136,0.5612486080175604,1,0.036159139179278155
AWS_001,2020-01-28 01:00:00,4.9,974.58,83.2,1,1,28,-0.08999999999999986,-0.17999999999994998,0.5,0.1905430834910761,0.44243266938946724,0.36560452222118484,1,0.05334530567736584
AWS_001,2020-01-28 01:10:00,4.92,974.36,83.9,1,1,28,0.019999999999999574,-0.22000000000002728,0.7000000000000028,0.19589963416578882,0.4287034720476408,0.44271887242605806,1,0.04155282297754381
AWS_001,2020-01-28 01:20:00,5.21,974.1,83.0,1,1,28,0.29000000000000004,-0.2599999999999909,-0.9000000000000057,0.1871274075764913,0.43403532914763354,0.44459719597501984,1,0.004860875410460874
AWS_001,2020-01-28 01:30:00,5.41,973.94,82.4,1,1,28,0.20000000000000018,-0.15999999999996817,-0.5999999999999943,0.21311186420823083,0.40148059349220394,0.5269408568983328,1,0.046671937773061
AWS_001,2020-01-28 01:40:00,5.73,973.76,81.0,1,1,28,0.3200000000000003,-0.18000000000006366,-1.4000000000000057,0.32782108941664734,0.3846556905682203,0.9757048734129623,1,0.011229275565067476
AWS_001,2020-01-28 01:50:00,6.25,973.47,78.9,1,1,28,0.5199999999999996,-0.2899999999999636,-2.0999999999999943,0.5192173597505503,0.4026785321927542,1.832666545410767,-1,-0.06316629178876354
AWS_001,2020-01-28 02:00:00,6.49,973.38,77.8,2,1,28,0.2400000000000002,-0.09000000000003183,-1.1000000000000085,0.6089471788803615,0.374899987051358,2.4022211943671943,-1,-0.00885830144084987
AWS_001,2020-01-28 02:10:00,6.61,973.48,77.2,2,1,28,0.1200000000000001,0.10000000000002274,-0.5999999999999943,0.5839178024343012,0.2912330114519661,2.4345430782796122,1,0.00588044711742941
AWS_001,2020-01-28 02:20:00,6.63,973.47,77.0,2,1,28,0.019999999999999574,-0.009999999999990905,-0.20000000000000284,0.5066622806824941,0.21731697347548015,2.201590334280692,1,0.03548651143722159
AWS_001,2020-01-28 02:30:00,6.65,973.38,77.1,2,1,28,0.020000000000000462,-0.09000000000003183,0.09999999999999432,0.3574166569515201,0.14000000105327984,1.5577761927388496,1,0.07720136538768751
AWS_001,2020-01-28 02:40:00,6.56,973.28,77.7,2,1,28,-0.09000000000000075,-0.10000000000002274,0.6000000000000085,0.1494545638861861,0.07848566936592025,0.7082843120268799,1,0.09318666584740626
AWS_001,2020-01-28 02:50:00,6.52,973.05,78.2,2,1,28,-0.040000000000000036,-0.2300000000000182,0.5,0.06377042156370934,0.159624560442955,0.4732863826443813,1,0.06663634467774804
AWS_001,2020-01-28 03:00:00,6.42,972.73,78.9,3,1,28,-0.09999999999999964,-0.31999999999993634,0.7000000000000028,0.08549853799770932,0.29239813091826133,0.7467708260661092,1,0.03888217633107449
AWS_001,2020-01-28 03:10:00,6.33,972.47,79.2,3,1,28,-0.08999999999999986,-0.2599999999999909,0.29999999999999716,0.1238412962884722,0.3939373896526891,0.9152413160821585,1,0.03826502612065952
AWS_001,2020-01-28 03:20:00,6.21,972.39,79.5,3,1,28,-0.1200000000000001,-0.08000000000004093,0.29999999999999716,0.16117278512951325,0.4170211828773234,0.928798507031653,1,0.060671237578596826
AWS_001,2020-01-28 03:30:00,6.04,972.24,80.6,3,1,28,-0.16999999999999993,-0.14999999999997726,1.0999999999999943,0.19694330825493173,0.40500205798305905,1.0186592495357878,1,0.05075111700376489
AWS_001,2020-01-28 03:40:00,5.94,972.1,81.1,3,1,28,-0.09999999999999964,-0.13999999999998636,0.5,0.22348750897173147,0.3452342204542801,1.0833589740549499,1,0.06627350853695269
AWS_001,2020-01-28 03:50:00,5.87,971.96,81.2,3,1,28,-0.07000000000000028,-0.13999999999998636,0.10000000000000853,0.2200681712554443,0.2755902761491873,1.0068101443002604,1,0.0870994545858379
AWS_001,2020-01-28 04:00:00,5.86,971.8,81.1,4,1,28,-0.009999999999999787,-0.16000000000008185,-0.10000000000000853,0.19198090182717598,0.25635912371060193,0.8826097665444377,1,0.09632547286928428
AWS_001,2020-01-28 04:10:00,5.75,971.68,82.0,4,1,28,-0.11000000000000032,-0.12000000000000455,0.9000000000000057,0.16133815419702308,0.2679116775688679,0.8280499179800598,1,0.08856365331711868
AWS_001,2020-01-28 04:20:00,5.55,971.56,83.8,4,1,28,-0.20000000000000018,-0.12000000000000455,1.7999999999999972,0.16932217810935074,0.2579147151920908,1.1535452599129041,1,0.0705479378468643
AWS_001,2020-01-28 04:30:00,5.42,971.5,84.9,4,1,28,-0.1299999999999999,-0.05999999999994543,1.1000000000000085,0.20468675254240098,0.23278029766416802,1.6232683080752897,1,0.08257739014314447
AWS_001,2020-01-28 04:40:00,5.32,971.43,85.5,4,1,28,-0.09999999999999964,-0.07000000000005002,0.5999999999999943,0.23301645149290792,0.1991732921733284,1.9135481877049858,1,0.08515161264118931
AWS_001,2020-01-28 04:50:00,5.34,971.4,84.9,4,1,28,0.019999999999999574,-0.029999999999972715,-0.5999999999999943,0.22333830840156776,0.15367715179178085,1.7765134392970445,1,0.09691268254832669
AWS_001,2020-01-28 05:00:00,5.38,971.28,84.4,5,1,28,0.040000000000000036,-0.12000000000000455,-0.5,0.16382917932916619,0.13823892475386199,1.2405643876895658,1,0.10671215377910231
AWS_001,2020-01-28 05:10:00,5.32,971.05,84.5,5,1,28,-0.05999999999999961,-0.2300000000000182,0.09999999999999432,0.08818541073403063,0.18330302866628462,0.5750362307461088,1,0.08065185430824695
AWS_001,2020-01-28 05:20:00,5.27,970.96,84.6,5,1,28,-0.05000000000000071,-0.08999999999991815,0.09999999999999432,0.052313159590359,0.21908902373075873,0.40000000000520475,1,0.09748399561144488
AWS_001,2020-01-28 05:30:00,5.27,970.94,84.5,5,1,28,0.0,-0.01999999999998181,-0.09999999999999432,0.04226897995367971,0.22078647374090488,0.41311822360040984,1,0.10336686243220283
AWS_001,2020-01-28 05:40:00,5.33,970.94,83.5,5,1,28,0.0600000000000005,0.0,-1.0,0.04262237283780313,0.19776248461512,0.4732863826519103,1,0.09795260075115741
AWS_001,2020-01-28 05:50:00,5.25,970.94,84.1,5,1,28,-0.08000000000000007,0.0,0.5999999999999943,0.04885352255798556,0.13511723423987046,0.4131182235997969,1,0.09667949128074521
AWS_001,2020-01-28 06:00:00,5.09,970.74,85.3,6,1,28,-0.16000000000000014,-0.20000000000004547,1.2000000000000028,0.08666025617117318,0.10166940045852926,0.5946988033201454,1,0.07525491457339656
AWS_001,2020-01-28 06:10:00,5.05,970.67,85.4,6,1,28,-0.040000000000000036,-0.07000000000005002,0.10000000000000853,0.11242775457888503,0.12613484975860584,0.7201851613790546,1,0.11061358009899303
AWS_001,2020-01-28 06:20:00,5.21,970.67,84.5,6,1,28,0.16000000000000014,0.0,-0.9000000000000057,0.1086278049103878,0.13750151632189228,0.7204165461758153,1,0.10595009029729452
AWS_001,2020-01-28 06:30:00,5.27,970.53,84.2,6,1,28,0.05999999999999961,-0.13999999999998636,-0.29999999999999716,0.1086278049103878,0.16339114722515313,0.7348469228375635,1,0.10913268484227634
AWS_001,2020-01-28 06:40:00,5.23,970.47,84.3,6,1,28,-0.03999999999999915,-0.05999999999994543,0.09999999999999432,0.09092121131130353,0.16577092726321277,0.5715476066528918,1,0.11054812159928096
AWS_001,2020-01-28 06:50:00,5.28,970.42,84.1,6,1,28,0.04999999999999982,-0.05000000000006821,-0.20000000000000284,0.09600347215760009,0.12801041751855965,0.5715476066528918,1,0.11586816852856957
AWS_001,2020-01-28 07:00:00,5.41,970.49,83.2,7,1,28,0.1299999999999999,0.07000000000005002,-0.8999999999999915,0.11703275894517333,0.10553040791029036,0.7082843120317304,1,0.10487178321536533
AWS_001,2020-01-28 07:10:00,5.31,970.45,83.5,7,1,28,-0.10000000000000053,-0.03999999999996362,0.29999999999999716,0.07092249290356029,0.088938182618239,0.5046450898105627,1,0.0989729345968009
AWS_001,2020-01-28 07:20:00,5.42,970.36,82.7,7,1,28,0.11000000000000032,-0.09000000000003183,-0.7999999999999972,0.07797435475627987,0.05887840856082142,0.6408327915061659,1,0.09367016107117532
AWS_001,2020-01-28 07:30:00,5.51,970.28,81.8,7,1,28,0.08999999999999986,-0.08000000000004093,-0.9000000000000057,0.10430723848161835,0.07884584323286213,0.9266426855423606,1,0.09917334749420442
AWS_001,2020-01-28 07:40:00,5.53,970.16,81.4,7,1,28,0.020000000000000462,-0.12000000000000455,-0.3999999999999915,0.10139033484344083,0.1224744884822406,1.030372101072545,1,0.10677895272422855
AWS_001,2020-01-28 07:50:00,5.59,970.05,80.7,7,1,28,0.05999999999999961,-0.11000000000001364,-0.7000000000000028,0.10087946602919581,0.17010780992156618,1.0943795807068362,1,0.10307269152096393
AWS_001,2020-01-28 08:00:00,5.57,969.9,80.2,8,1,28,-0.019999999999999574,-0.14999999999997726,-0.5,0.10553040635919914,0.20425474371646027,1.2319361455317215,1,0.09476241793724155
AWS_001,2020-01-28 08:10:00,5.6,969.69,78.5,8,1,28,0.02999999999999936,-0.2099999999999227,-1.7000000000000028,0.066833125516777,0.248971217209244,1.4552204873031092,1,0.045211477220039153
AWS_001,2020-01-28 08:20:00,5.56,969.51,77.7,8,1,28,-0.040000000000000036,-0.18000000000006366,-0.7999999999999972,0.034641016146706255,0.29143895930386615,1.6281891781974125,1,0.04512145727490402
AWS_001,2020-01-28 08:30:00,5.66,969.32,76.8,8,1,28,0.10000000000000053,-0.18999999999994088,-0.9000000000000057,0.04415880432799612,0.3236922411824828,1.8214463117712218,1,0.029077934049950183
AWS_001,2020-01-28 08:40:00,5.63,969.25,76.8,8,1,28,-0.03000000000000025,-0.07000000000005002,0.0,0.03763863263119641,0.31849646832674827,1.6813684902476125,1,0.04401546101124376
AWS_001,2020-01-28 08:50:00,5.58,969.23,77.0,8,1,28,-0.04999999999999982,-0.01999999999998181,0.20000000000000284,0.03847076811917555,0.2691963354220743,1.3336666250092521,1,0.06296430547829313
AWS_001,2020-01-28 09:00:00,5.62,969.19,77.1,9,1,28,0.040000000000000036,-0.03999999999996362,0.09999999999999432,0.03600925806437358,0.19532025071458697,0.66758270398733,1,0.09312036328062034
AWS_001,2020-01-28 09:10:00,5.8,969.13,76.7,9,1,28,0.17999999999999972,-0.06000000000005912,-0.3999999999999915,0.08542052836613136,0.1327277928951305,0.3656045222131778,1,0.08848582775691116
AWS_001,2020-01-28 09:20:00,5.86,969.06,76.8,9,1,28,0.0600000000000005,-0.07000000000005002,0.09999999999999432,0.11178849075979462,0.09201449346473003,0.1505545305282136,1,0.09089043576797912
AWS_001,2020-01-28 09:30:00,5.74,968.81,77.5,9,1,28,-0.1200000000000001,-0.25,0.7000000000000028,0.11202678251064346,0.1632686957393022,0.2926886855734102,1,0.06639766638898004
AWS_001,2020-01-28 09:40:00,5.5,968.49,79.2,9,1,28,-0.2400000000000002,-0.31999999999993634,1.7000000000000028,0.13880441875658003,0.28437651158806193,0.9325592027657583,1,0.023693917558859412
AWS_001,2020-01-28 09:50:00,5.5,968.29,79.9,9,1,28,0.0,-0.20000000000004547,0.7000000000000028,0.15375304874923398,0.3688043749892558,1.3515423288464232,1,0.044623381940609774
AWS_001,2020-01-28 10:00:00,5.72,968.05,79.5,10,1,28,0.21999999999999975,-0.2400000000000091,-0.4000000000000057,0.15266521105462197,0.4332397338807913,1.4320148975007292,-1,-0.000551326930821272
AWS_001,2020-01-28 10:10:00,5.9,967.85,79.6,10,1,28,0.1800000000000006,-0.1999999999999318,0.09999999999999432,0.17177504669291638,0.45719798812823154,1.2786711852536026,1,0.001923277538674495
AWS_001,2020-01-28 10:20:00,6.06,967.68,79.1,10,1,28,0.15999999999999925,-0.17000000000007276,-0.5,0.22069586916468578,0.41941626142862976,0.8500980335613706,1,0.03340615873103292
AWS_001,2020-01-28 10:30:00,6.15,967.49,78.8,10,1,28,0.09000000000000075,-0.18999999999994088,-0.29999999999999716,0.27797481900289955,0.3762844673288167,0.39370039369864546,1,0.03677465090853027
AWS_001,2020-01-28 10:40:00,6.39,967.28,78.4,10,1,28,0.23999999999999932,-0.21000000000003638,-0.3999999999999915,0.317343137102999,0.3692514956253972,0.5564770135998403,1,0.018693620874082884
AWS_001,2020-01-28 10:50:00,6.98,967.03,76.3,10,1,28,0.5900000000000007,-0.25,-2.1000000000000085,0.44429719783015204,0.37489554148275334,1.2188792666480055,-1,-0.038183199549448155
AWS_001,2020-01-28 11:00:00,7.28,966.88,74.4,11,1,28,0.2999999999999998,-0.14999999999997726,-1.8999999999999915,0.5508901886943939,0.375415326039793,2.0046612348882036,-1,-0.01651647032605641
AWS_001,2020-01-28 11:10:00,7.35,966.64,71.8,11,1,28,0.0699999999999994,-0.2400000000000091,-2.6000000000000085,0.5736694751042882,0.3896494155360158,2.9049383240719906,-1,-0.039585028252605015
AWS_001,2020-01-28 11:20:00,7.24,966.42,72.4,11,1,28,-0.10999999999999943,-0.22000000000002728,0.6000000000000085,0.5082289510313671,0.3971229872843783,2.977079105431089,-1,-0.024006281013194908
AWS_001,2020-01-28 11:30:00,7.31,966.33,72.2,11,1,28,0.0699999999999994,-0.08999999999991815,-0.20000000000000284,0.36788132144274177,0.36675150583407473,2.6485845276285294,1,0.01856852155007771
AWS_001,2020-01-28 11:40:00,7.53,966.14,69.4,11,1,28,0.22000000000000064,-0.19000000000005457,-2.799999999999997,0.1788202076569413,0.33986271792213046,2.361143790621759,-1,-0.015098414057310938
AWS_001,2020-01-28 11:50:00,7.37,966.36,70.1,11,1,28,-0.16000000000000014,0.22000000000002728,0.6999999999999886,0.10132456102286569,0.26064663250175385,1.7826010957747431,1,0.033093191580438996
AWS_001,2020-01-28 12:00:00,7.06,966.44,72.2,12,1,28,-0.3100000000000005,0.08000000000004093,2.1000000000000085,0.1555634918604205,0.16302351681647675,1.2739701723314676,1,0.03373426749677033
AWS_001,2020-01-28 12:10:00,6.93,966.48,72.9,12,1,28,-0.1299999999999999,0.03999999999996362,0.7000000000000028,0.2165178976431325,0.1213946746586269,1.4222048610017926,1,0.07692519125000813
AWS_001,2020-01-28 12:20:00,6.62,966.55,74.5,12,1,28,-0.3099999999999996,0.06999999999993634,1.5999999999999943,0.33308657533209135,0.14348054584249126,1.8669940189131533,1,0.05161016637147553
AWS_001,2020-01-28 12:30:00,5.11,966.78,81.5,12,1,28,-1.5099999999999998,0.2300000000000182,7.0,0.8746885159871296,0.21151044190424,4.367913308052153,-1,-0.091253753952097
AWS_001,2020-01-28 12:40:00,4.59,966.88,84.2,12,1,28,-0.5200000000000005,0.10000000000002274,2.700000000000003,1.1453907630148459,0.20439341240200215,5.630985704119225,-1,-0.07452783422248488
AWS_001,2020-01-28 12:50:00,4.45,967.02,84.8,12,1,28,-0.13999999999999968,0.13999999999998636,0.5999999999999943,1.2082494223736926,0.23634015112178247,5.798189372553961,-1,-0.05100628086484338
AWS_001,2020-01-28 13:00:00,3.91,967.23,85.3,13,1,28,-0.54,0.21000000000003638,0.5,1.2319158521044866,0.2834548765341693,5.476738688915761,-1,-0.07778049099087425
AWS_001,2020-01-28 13:10:00,3.29,967.48,87.6,13,1,28,-0.6200000000000001,0.25,2.299999999999997,1.1430208513698603,0.3311797100710365,4.596266600913119,-1,-0.10708321564613876
AWS_001,2020-01-28 13:20:00,3.19,967.49,88.0,13,1,28,-0.10000000000000009,0.009999999999990905,0.4000000000000057,0.7618923808515036,0.3025006893015346,2.3855118248862164,-1,-0.005072809313028337
AWS_001,2020-01-28 13:30:00,3.95,967.29,84.6,13,1,28,0.7600000000000002,-0.20000000000004547,-3.4000000000000057,0.5757314188631927,0.24506461806447233,1.6318700928707175,-1,-0.02083551990984167
AWS_001,2020-01-28 13:40:00,4.31,967.62,82.4,13,1,28,0.35999999999999943,0.3300000000000409,-2.1999999999999886,0.5166042973103833,0.21732464277949687,2.078220392548765,-1,-0.027196899160185195
AWS_001,2020-01-28 13:50:00,4.94,967.77,79.1,13,1,28,0.6300000000000008,0.14999999999997726,-3.3000000000000114,0.6515340871099744,0.20119642232910429,3.3490297102301874,-1,-0.04855546154900625
AWS_001,2020-01-28 14:00:00,5.06,967.95,77.4,14,1,28,0.11999999999999922,0.18000000000006366,-1.6999999999999886,0.7968354075128952,0.23426480819127443,4.36917230910726,-1,-0.028398214048051096
AWS_001,2020-01-28 14:10:00,4.88,968.06,76.3,14,1,28,-0.17999999999999972,0.10999999999989996,-1.1000000000000085,0.7254630705048059,0.28828226969868126,4.517521444332158,-1,-0.01822673537825803
AWS_001,2020-01-28 14:20:00,4.77,968.4,75.4,14,1,28,-0.11000000000000032,0.34000000000003183,-0.8999999999999915,0.4301356375217933,0.38196422217421877,3.6193922141705697,-1,-0.04364921266854471
AWS_001,2020-01-28 14:30:00,4.5,968.48,74.9,14,1,28,-0.2699999999999996,0.08000000000004093,-0.5,0.2847220867201667,0.3408029739002267,2.798154153484649,1,0.023549906213854888
AWS_001,2020-01-28 14:40:00,4.58,968.52,75.5,14,1,28,0.08000000000000007,0.03999999999996362,0.5999999999999943,0.21544527533990904,0.31232461801430905,1.5718354451602365,1,0.04932217064211075
AWS_001,2020-01-28 14:50:00,4.68,968.58,75.4,14,1,28,0.09999999999999964,0.06000000000005912,-0.09999999999999432,0.2047193200448347,0.2620241725804765,0.8975893641645897,1,0.08263898544514947
AWS_001,2020-01-28 15:00:00,5.14,968.47,73.1,15,1,28,0.45999999999999996,-0.11000000000001364,-2.3000000000000114,0.23034032791998676,0.18530155697040987,1.0788883167380725,1,0.02944387740574539
AWS_001,2020-01-28 15:10:00,5.39,968.66,70.1,15,1,28,0.25,0.18999999999994088,-3.0,0.3481762006029316,0.09130535041644898,2.143517358609306,1,0.012992465376874263
AWS_001,2020-01-28 15:20:00,5.11,968.97,71.3,15,1,28,-0.27999999999999936,0.3100000000000591,1.2000000000000028,0.36127551812934977,0.18843212840102236,2.282469422940565,-1,-0.006629302925885261
AWS_001,2020-01-28 15:30:00,3.6,969.17,82.8,15,1,28,-1.5100000000000002,0.1999999999999318,11.5,0.6399374969476469,0.279386232682673,4.517078701992413,-1,-0.07650739164218934
AWS_001,2020-01-28 15:40:00,3.33,969.6,84.7,15,1,28,-0.27,0.43000000000006366,1.9000000000000057,0.8688709148465448,0.42714946682737454,6.120021786453207,-1,-0.10528695953872125
AWS_001,2020-01-28 15:50:00,3.22,970.0,85.0,15,1,28,-0.10999999999999988,0.39999999999997726,0.29999999999999716,1.0146017281013544,0.5762204442242669,7.0437679310624475,-1,-0.11519841587339441
AWS_001,2020-01-28 16:00:00,2.98,969.86,82.5,16,1,28,-0.2400000000000002,-0.13999999999998636,-2.5,1.0391422745063497,0.5279646456027962,6.822316322188444,-1,-0.0908532998841981
AWS_001,2020-01-28 16:10:00,3.18,969.83,78.8,16,1,28,0.20000000000000018,-0.029999999999972715,-3.700000000000003,0.78138338861249,0.41412156066139144,5.176388702560936,-1,-0.06973205348339295
AWS_001,2020-01-28 16:20:00,3.11,969.91,77.8,16,1,28,-0.07000000000000028,0.07999999999992724,-1.0,0.21266562173087766,0.30419840072420706,3.00111090542626,1,0.0508935875363733
AWS_001,2020-01-28 16:30:00,3.02,970.1,77.9,16,1,28,-0.08999999999999986,0.19000000000005457,0.10000000000000853,0.13038404810216356,0.17025471212774948,3.362984785375553,1,0.046968045097007805
AWS_001,2020-01-28 16:40:00,3.0,970.28,77.0,16,1,28,-0.020000000000000018,0.17999999999994998,-0.9000000000000057,0.10034938963194258,0.17025471212461263,3.186638772541679,1,0.051668824813315806
AWS_001,2020-01-28 16:50:00,3.01,970.53,75.4,16,1,28,0.009999999999999787,0.25,-1.5999999999999943,0.07797435475527162,0.2766044112684016,2.3821558863063643,1,0.0178628763895764
AWS_001,2020-01-28 17:00:00,3.0,970.56,75.3,17,1,28,-0.009999999999999787,0.029999999999972715,-0.10000000000000853,0.07474400756025766,0.30850715874791024,1.4236104336027746,1,0.06656790505786736
AWS_001,2020-01-28 17:10:00,2.93,970.65,75.4,17,1,28,-0.06999999999999984,0.09000000000003183,0.10000000000000853,0.05776388721480648,0.29212440328980616,1.2452576707902763,1,0.0651228912513453
AWS_001,2020-01-28 17:20:00,2.87,970.8,75.2,17,1,28,-0.06000000000000005,0.14999999999997726,-0.20000000000000284,0.05913261930746884,0.25468935391184394,1.136075114885245,1,0.07413002122457418
AWS_001,2020-01-28 17:30:00,2.94,970.92,72.4,17,1,28,0.06999999999999984,0.12000000000000455,-2.799999999999997,0.05492419017301105,0.22384518532852946,1.4918668394533199,1,0.038757892640473135
AWS_001,2020-01-28 17:40:00,3.14,970.95,70.1,17,1,28,0.20000000000000018,0.030000000000086402,-2.3000000000000114,0.09282600210158111,0.1814111361715623,2.2277043490236963,1,0.032451740921259464
AWS_001,2020-01-28 17:50:00,3.12,970.96,69.1,17,1,28,-0.020000000000000018,0.009999999999990905,-1.0,0.10899541274520406,0.16872067743184843,2.8223512656396714,1,0.06422500534905928
AWS_001,2020-01-28 18:00:00,3.2,971.07,67.76,18,1,28,0.08000000000000007,0.11000000000001364,-1.3399999999999892,0.1361861471155067,0.1466174170836576,3.201999375388713,1,0.04403315384229578
AWS_001,2020-01-28 18:10:00,3.27,971.32,66.98,18,1,28,0.06999999999999984,0.25,-0.7800000000000011,0.15414279094237193,0.17761381419038616,3.077750260605092,1,0.02432425996733012
AWS_001,2020-01-28 18:20:00,3.39,971.35,67.26,18,1,28,0.1200000000000001,0.029999999999972715,0.28000000000000114,0.1518771433303134,0.19295077176247943,2.06876452663254,1,0.06462415133501087
AWS_001,2020-01-28 18:30:00,3.46,971.54,67.69,18,1,28,0.06999999999999984,0.18999999999994088,0.4299999999999926,0.1375015151414071,0.24061726245103238,1.2024710668669947,1,0.05185257885720018
AWS_001,2020-01-28 18:40:00,3.47,971.76,68.97,18,1,28,0.010000000000000231,0.22000000000002728,1.2800000000000011,0.14414113453898736,0.2945957687886297,0.8812491134664308,1,0.031785826548121454
